((7, 15), (0, 32), (8, 33), (16, 34), (18, 26), (15, 31), (27, 37), (6, 22), (23, 31), (14, 39), (19, 27), (22, 30), (20, 28), (3, 38), (10, 26), (13, 21), (30, 41), (12, 28), (24, 35), (5, 29), (1, 34), (37, 48), (14, 47), (9, 36), (35, 37), (13, 44), (51, 57), (49, 58), (47, 59), (45, 46), (11, 42), (33, 56), (41, 51), (36, 40), (40, 50), (12, 32), (45, 67), (9, 25), (17, 69), (34, 70), (66, 69), (52, 72), (1, 55), (10, 74), (70, 74), (63, 76), (65, 77), (38, 44), (11, 79), (68, 80), (16, 66), (32, 82), (63, 83), (48, 54), (23, 43), (53, 86), (32, 86), (39, 88), (53, 89), (40, 88), (32, 62), (19, 65), (61, 93), (3, 62), (93, 95), (4, 42), (40, 97), (49, 98), (80, 98), (72, 78), (0, 50), (4, 20), (68, 103), (5, 21), (43, 105), (64, 106), (54, 106), (103, 105), (59, 109), (57, 109), (2, 17), (55, 112), (46, 112), (25, 114), (76, 114), (2, 92), (10, 117), (61, 118))
((7, 15), (0, 32), (8, 33), (16, 34), (18, 26), (15, 31), (27, 37), (6, 22), (23, 31), (14, 39), (19, 27), (22, 30), (20, 28), (3, 38), (10, 26), (13, 21), (30, 41), (12, 28), (24, 35), (5, 29), (1, 34), (37, 48), (14, 47), (9, 36), (35, 37), (13, 44), (51, 57), (49, 58), (47, 59), (45, 46), (11, 42), (33, 56), (41, 51), (36, 40), (40, 50), (12, 32), (45, 67), (9, 25), (17, 69), (34, 70), (66, 69), (52, 72), (1, 55), (10, 74), (70, 74), (63, 76), (65, 77), (38, 44), (11, 79), (68, 80), (16, 66), (32, 82), (63, 83), (48, 54), (23, 43), (53, 86), (32, 86), (39, 88), (53, 89), (40, 88), (32, 62), (19, 65), (61, 93), (3, 62), (93, 95), (4, 42), (40, 97), (49, 98), (80, 98), (72, 78), (0, 50), (4, 20), (68, 103), (5, 21), (43, 105), (64, 106), (54, 106), (103, 105), (59, 109), (57, 109), (2, 17), (55, 112), (46, 112), (25, 114), (76, 114), (2, 92), (10, 117), (61, 118))
((7, 15), (0, 32), (8, 33), (16, 34), (18, 26), (15, 31), (27, 37), (6, 22), (23, 31), (14, 39), (19, 27), (22, 30), (20, 28), (3, 38), (10, 26), (13, 21), (30, 41), (12, 28), (24, 35), (5, 29), (1, 34), (37, 48), (14, 47), (9, 36), (35, 37), (13, 44), (51, 57), (49, 58), (47, 59), (45, 46), (11, 42), (33, 56), (41, 51), (36, 40), (40, 50), (12, 32), (45, 67), (9, 25), (17, 69), (34, 70), (66, 69), (52, 72), (1, 55), (10, 74), (70, 74), (63, 76), (65, 77), (38, 44), (11, 79), (68, 80), (16, 66), (32, 82), (63, 83), (48, 54), (23, 43), (53, 86), (32, 86), (39, 88), (53, 89), (40, 88), (32, 62), (19, 65), (61, 93), (3, 62), (93, 95), (4, 42), (40, 97), (49, 98), (80, 98), (72, 78), (0, 50), (4, 20), (68, 103), (5, 21), (43, 105), (64, 106), (54, 106), (103, 105), (59, 109), (57, 109), (2, 17), (55, 112), (46, 112), (25, 114), (76, 114), (2, 10), (92, 117), (61, 118))
((7, 15), (0, 32), (8, 33), (16, 34), (18, 26), (15, 31), (27, 37), (6, 22), (23, 31), (14, 39), (19, 27), (22, 30), (20, 28), (3, 38), (10, 26), (13, 21), (30, 41), (12, 28), (24, 35), (5, 29), (37, 48), (14, 47), (9, 36), (35, 37), (13, 44), (45, 46), (11, 42), (33, 55), (41, 51), (36, 40), (40, 50), (12, 32), (45, 63), (9, 25), (17, 65), (1, 54), (38, 44), (11, 68), (16, 62), (32, 70), (23, 43), (32, 72), (39, 73), (19, 61), (4, 42), (40, 76), (4, 20), (5, 21), (43, 79), (2, 17), (62, 65), (78, 79), (51, 56), (49, 84), (66, 67), (60, 80), (48, 53), (2, 10), (32, 58), (89, 90), (57, 91), (83, 85), (47, 85), (56, 83), (64, 69), (10, 67), (46, 81), (25, 98), (86, 98), (49, 77), (34, 82), (54, 81), (64, 78), (52, 72), (52, 74), (59, 71), (69, 77), (34, 66), (61, 86), (59, 110), (82, 111), (53, 80), (1, 102), (40, 73), (0, 50), (57, 75), (58, 75), (3, 118))
((7, 15), (0, 32), (8, 33), (16, 34), (18, 26), (15, 31), (27, 37), (6, 22), (23, 31), (14, 39), (19, 27), (22, 30), (20, 28), (3, 38), (10, 26), (13, 21), (30, 41), (12, 28), (24, 35), (5, 29), (1, 34), (37, 48), (14, 47), (9, 36), (35, 37), (13, 44), (51, 57), (49, 58), (47, 59), (45, 46), (11, 42), (33, 56), (41, 51), (36, 40), (40, 50), (12, 32), (45, 67), (9, 25), (17, 69), (34, 70), (66, 69), (52, 72), (1, 55), (10, 74), (70, 74), (63, 76), (65, 77), (38, 44), (11, 79), (68, 80), (16, 66), (32, 82), (63, 83), (48, 54), (23, 43), (53, 86), (32, 86), (39, 88), (53, 89), (40, 88), (32, 62), (19, 65), (61, 93), (3, 62), (93, 95), (4, 42), (40, 97), (49, 98), (80, 98), (72, 78), (0, 50), (4, 20), (68, 103), (5, 21), (103, 105), (57, 106), (59, 106), (43, 105), (54, 109), (64, 109), (2, 17), (55, 112), (46, 112), (25, 114), (76, 114), (10, 92), (2, 117), (61, 118))
((2, 17), (15, 31), (18, 26), (5, 21), (6, 22), (19, 27), (4, 20), (5, 29), (14, 36), (35, 38), (23, 31), (7, 15), (34, 42), (11, 37), (0, 43), (13, 21), (20, 28), (16, 43), (14, 47), (19, 44), (13, 48), (12, 43), (30, 40), (37, 42), (22, 30), (27, 33), (50, 54), (4, 55), (2, 43), (39, 40), (12, 28), (59, 62), (10, 26), (11, 48), (10, 45), (32, 64), (23, 56), (41, 52), (3, 57), (8, 46), (43, 68), (9, 25), (33, 54), (39, 52), (3, 45), (25, 67), (60, 66), (64, 70), (51, 79), (1, 71), (16, 71), (53, 70), (35, 56), (9, 34), (51, 76), (57, 65), (36, 72), (78, 79), (83, 87), (68, 74), (59, 87), (38, 83), (24, 82), (1, 85), (17, 73), (95, 96), (33, 82), (44, 97), (67, 97), (0, 94), (62, 75), (10, 95), (71, 96), (47, 102), (61, 84), (50, 84), (41, 102), (32, 85), (46, 98), (74, 88), (42, 72), (99, 110), (42, 94), (73, 114), (81, 115), (113, 115), (49, 114), (110, 118))
((7, 15), (0, 32), (8, 33), (16, 34), (18, 26), (15, 31), (27, 37), (6, 22), (23, 31), (14, 39), (19, 27), (22, 30), (20, 28), (3, 38), (10, 26), (13, 21), (12, 28), (24, 35), (30, 41), (5, 29), (1, 34), (37, 50), (9, 36), (14, 47), (35, 37), (13, 44), (51, 57), (48, 58), (47, 59), (11, 42), (33, 56), (45, 46), (41, 51), (36, 40), (40, 49), (12, 32), (45, 67), (9, 25), (17, 69), (34, 70), (66, 69), (52, 72), (1, 54), (10, 74), (70, 74), (38, 44), (62, 65), (76, 78), (11, 77), (68, 80), (16, 66), (32, 82), (62, 83), (50, 55), (23, 43), (53, 86), (32, 86), (39, 88), (53, 89), (40, 88), (32, 61), (19, 65), (63, 93), (3, 61), (93, 95), (4, 42), (40, 97), (48, 98), (80, 98), (72, 79), (0, 49), (4, 20), (68, 103), (5, 21), (43, 105), (55, 106), (64, 106), (103, 105), (59, 109), (57, 109), (2, 17), (54, 112), (46, 112), (25, 114), (76, 114), (2, 92), (10, 117), (63, 118))
((7, 15), (0, 32), (8, 33), (16, 34), (18, 26), (15, 31), (27, 37), (6, 22), (23, 31), (14, 39), (19, 27), (22, 30), (20, 28), (3, 38), (10, 26), (13, 21), (30, 41), (12, 28), (24, 35), (5, 29), (1, 34), (37, 48), (14, 47), (9, 36), (35, 37), (13, 44), (51, 57), (49, 58), (47, 59), (45, 46), (11, 42), (33, 56), (41, 51), (36, 40), (12, 32), (45, 66), (9, 25), (17, 68), (34, 69), (1, 55), (10, 71), (69, 71), (63, 73), (65, 74), (38, 44), (11, 76), (67, 77), (48, 54), (23, 43), (53, 80), (32, 80), (39, 82), (53, 83), (40, 82), (32, 62), (19, 65), (61, 87), (3, 62), (87, 89), (4, 42), (40, 91), (49, 92), (77, 92), (0, 50), (4, 20), (5, 21), (43, 97), (64, 98), (54, 98), (96, 97), (59, 101), (57, 101), (2, 17), (55, 104), (46, 104), (25, 106), (73, 106), (10, 86), (2, 109), (67, 96), (61, 110), (40, 50), (68, 113), (52, 114), (75, 114), (16, 32), (113, 117), (63, 118))
((5, 21), (15, 31), (23, 31), (9, 25), (19, 34), (1, 25), (3, 27), (16, 34), (4, 28), (29, 40), (32, 41), (12, 40), (33, 38), (24, 39), (17, 45), (22, 30), (35, 46), (2, 10), (6, 14), (7, 50), (10, 26), (7, 33), (23, 53), (49, 54), (20, 43), (1, 17), (5, 13), (8, 24), (33, 59), (13, 29), (42, 61), (42, 56), (6, 22), (61, 64), (4, 20), (0, 34), (59, 67), (54, 59), (39, 69), (58, 66), (41, 71), (35, 52), (63, 71), (12, 44), (51, 54), (18, 37), (49, 77), (48, 57), (47, 53), (73, 77), (34, 64), (80, 82), (44, 52), (57, 78), (73, 85), (18, 26), (85, 87), (36, 87), (84, 89), (14, 58), (47, 91), (32, 92), (50, 93), (65, 93), (27, 36), (43, 96), (11, 96), (3, 98), (75, 99), (56, 100), (34, 99), (89, 102), (54, 102), (66, 104), (97, 105), (100, 105), (51, 82), (37, 60), (46, 109), (0, 33), (45, 111), (69, 112), (65, 91), (55, 98), (84, 115), (67, 70), (48, 117), (109, 118))
((7, 15), (0, 32), (8, 33), (16, 34), (18, 26), (15, 31), (27, 37), (6, 22), (23, 31), (14, 39), (19, 27), (22, 30), (20, 28), (3, 38), (10, 26), (13, 21), (30, 41), (12, 28), (24, 35), (5, 29), (1, 34), (37, 48), (14, 47), (9, 36), (35, 37), (13, 44), (51, 57), (49, 58), (47, 59), (45, 46), (11, 42), (33, 56), (41, 51), (36, 40), (40, 50), (12, 32), (45, 67), (9, 25), (17, 69), (34, 70), (66, 69), (52, 72), (1, 55), (10, 74), (70, 74), (63, 76), (65, 77), (38, 44), (11, 79), (68, 80), (16, 66), (32, 82), (63, 83), (48, 54), (23, 43), (53, 86), (32, 86), (39, 88), (53, 89), (40, 88), (32, 62), (0, 50), (72, 78), (2, 92), (10, 95), (61, 96), (2, 17), (55, 98), (46, 98), (25, 100), (76, 100), (19, 65), (61, 103), (4, 20), (68, 105), (3, 103), (62, 107), (40, 42), (4, 109), (80, 110), (49, 110), (5, 21), (105, 113), (59, 114), (57, 114), (43, 113), (64, 117), (54, 117))
((0, 24), (15, 31), (32, 33), (2, 10), (7, 31), (26, 35), (15, 23), (11, 27), (33, 39), (10, 18), (5, 13), (3, 39), (11, 19), (38, 44), (30, 42), (17, 25), (1, 8), (14, 22), (9, 25), (41, 50), (35, 40), (36, 52), (18, 37), (16, 38), (12, 28), (6, 22), (4, 12), (3, 36), (38, 54), (23, 49), (5, 21), (56, 62), (57, 62), (46, 64), (20, 28), (8, 34), (38, 67), (17, 36), (32, 69), (1, 9), (40, 56), (41, 45), (43, 73), (21, 29), (14, 75), (64, 76), (48, 55), (47, 78), (37, 47), (59, 60), (73, 81), (53, 81), (33, 57), (61, 84), (32, 55), (13, 58), (75, 87), (63, 87), (19, 53), (29, 66), (42, 91), (63, 91), (4, 45), (66, 94), (72, 94), (70, 71), (51, 80), (36, 61), (46, 49), (2, 71), (54, 101), (51, 101), (0, 67), (50, 104), (78, 105), (70, 105), (16, 104), (36, 108), (34, 109), (20, 27), (59, 111), (72, 112), (58, 112), (6, 30), (76, 115), (7, 115), (84, 117), (38, 117))
((7, 15), (0, 32), (8, 33), (16, 34), (18, 26), (15, 31), (27, 37), (6, 22), (23, 31), (14, 39), (19, 27), (22, 30), (20, 28), (3, 38), (10, 26), (13, 21), (30, 41), (12, 28), (24, 35), (5, 29), (1, 34), (37, 48), (14, 47), (9, 36), (35, 37), (13, 44), (51, 57), (49, 58), (47, 59), (45, 46), (11, 42), (33, 56), (41, 51), (36, 40), (40, 50), (12, 32), (45, 67), (9, 25), (17, 69), (34, 70), (66, 69), (52, 72), (1, 55), (10, 74), (70, 74), (63, 76), (65, 77), (38, 44), (11, 79), (68, 80), (16, 66), (32, 82), (63, 83), (48, 54), (23, 43), (53, 86), (32, 86), (39, 88), (53, 89), (40, 88), (32, 62), (19, 65), (61, 93), (3, 62), (93, 95), (4, 42), (40, 97), (49, 98), (80, 98), (72, 78), (0, 50), (4, 20), (68, 103), (5, 21), (43, 105), (54, 106), (64, 106), (103, 105), (59, 109), (57, 109), (10, 92), (2, 112), (61, 113), (2, 17), (55, 115), (46, 115), (25, 117), (76, 117))
((15, 31), (0, 24), (32, 33), (23, 31), (16, 34), (35, 36), (24, 37), (2, 26), (9, 17), (7, 15), (10, 40), (38, 41), (3, 11), (19, 27), (14, 22), (18, 26), (35, 47), (14, 30), (32, 49), (5, 21), (34, 38), (1, 17), (10, 18), (35, 45), (28, 55), (27, 44), (48, 57), (41, 44), (12, 59), (32, 39), (59, 61), (4, 12), (56, 63), (4, 20), (40, 43), (8, 35), (47, 53), (51, 65), (49, 51), (7, 46), (35, 71), (50, 71), (42, 68), (43, 67), (33, 67), (34, 75), (39, 42), (54, 78), (20, 28), (60, 80), (13, 80), (69, 82), (25, 76), (9, 25), (78, 85), (68, 86), (29, 63), (69, 88), (13, 21), (88, 90), (3, 32), (54, 92), (55, 93), (62, 94), (48, 95), (1, 52), (66, 97), (85, 97), (36, 84), (66, 100), (53, 100), (22, 90), (70, 103), (6, 30), (103, 105), (23, 105), (50, 107), (57, 65), (92, 109), (60, 110), (56, 110), (19, 62), (41, 107), (5, 29), (82, 115), (6, 115), (70, 117), (46, 117))
((7, 15), (0, 32), (8, 33), (16, 34), (18, 26), (15, 31), (27, 37), (6, 22), (23, 31), (14, 39), (19, 27), (22, 30), (20, 28), (3, 38), (10, 26), (13, 21), (30, 41), (12, 28), (24, 35), (5, 29), (1, 34), (37, 48), (14, 47), (9, 36), (35, 37), (13, 44), (51, 57), (49, 58), (47, 59), (45, 46), (11, 42), (33, 56), (41, 51), (36, 40), (40, 50), (12, 32), (45, 67), (9, 25), (17, 69), (34, 70), (66, 69), (52, 72), (1, 55), (10, 74), (70, 74), (63, 76), (65, 77), (38, 44), (11, 79), (68, 80), (16, 66), (32, 82), (63, 83), (48, 54), (23, 43), (0, 50), (72, 78), (53, 86), (32, 86), (40, 90), (39, 90), (53, 92), (4, 20), (68, 94), (19, 65), (61, 96), (62, 96), (3, 98), (2, 17), (55, 100), (46, 100), (25, 102), (76, 102), (5, 21), (43, 105), (54, 106), (64, 106), (94, 105), (59, 109), (57, 109), (4, 42), (40, 112), (80, 113), (49, 113), (2, 10), (32, 62), (116, 117), (61, 118))
((7, 15), (0, 32), (8, 33), (16, 34), (18, 26), (15, 31), (27, 37), (6, 22), (23, 31), (14, 39), (19, 27), (22, 30), (20, 28), (3, 38), (10, 26), (13, 21), (30, 41), (12, 28), (24, 35), (5, 29), (1, 34), (37, 48), (14, 47), (9, 36), (35, 37), (13, 44), (51, 57), (49, 58), (47, 59), (45, 46), (11, 42), (33, 56), (41, 51), (36, 40), (40, 50), (12, 32), (45, 67), (9, 25), (17, 69), (34, 70), (66, 69), (52, 72), (1, 55), (10, 74), (70, 74), (63, 76), (65, 77), (38, 44), (11, 79), (68, 80), (16, 66), (32, 82), (63, 83), (48, 54), (23, 43), (53, 86), (32, 86), (39, 88), (53, 89), (40, 88), (32, 62), (19, 65), (61, 93), (3, 62), (93, 95), (4, 42), (40, 97), (49, 98), (80, 98), (72, 78), (0, 50), (4, 20), (68, 103), (5, 21), (43, 105), (64, 106), (54, 106), (103, 105), (59, 109), (57, 109), (2, 17), (55, 112), (46, 112), (25, 114), (76, 114), (10, 92), (2, 117), (61, 118))
((7, 15), (0, 32), (8, 33), (16, 34), (18, 26), (15, 31), (27, 37), (6, 22), (23, 31), (14, 39), (19, 27), (22, 30), (20, 28), (3, 38), (10, 26), (13, 21), (30, 41), (12, 28), (24, 35), (5, 29), (1, 34), (37, 48), (14, 47), (9, 36), (35, 37), (13, 44), (51, 57), (49, 58), (47, 59), (45, 46), (11, 42), (33, 56), (41, 51), (36, 40), (40, 50), (12, 32), (45, 67), (9, 25), (17, 69), (34, 70), (66, 69), (52, 72), (1, 55), (10, 74), (70, 74), (63, 76), (65, 77), (38, 44), (11, 79), (68, 80), (16, 66), (32, 82), (63, 83), (48, 54), (23, 43), (53, 86), (32, 86), (39, 88), (53, 89), (40, 88), (32, 62), (19, 65), (61, 93), (3, 62), (93, 95), (4, 42), (40, 97), (49, 98), (80, 98), (72, 78), (0, 50), (4, 20), (68, 103), (5, 21), (43, 105), (64, 106), (54, 106), (103, 105), (59, 109), (57, 109), (2, 17), (55, 112), (46, 112), (25, 114), (76, 114), (2, 10), (92, 117), (61, 118))
((5, 21), (15, 31), (23, 31), (9, 25), (19, 34), (1, 25), (3, 27), (16, 34), (4, 28), (29, 40), (32, 41), (12, 40), (33, 38), (24, 39), (17, 45), (22, 30), (35, 46), (2, 10), (6, 14), (7, 50), (10, 26), (7, 33), (23, 53), (49, 54), (20, 43), (1, 17), (5, 13), (8, 24), (33, 59), (13, 29), (42, 61), (42, 56), (6, 22), (61, 64), (4, 20), (0, 34), (59, 67), (54, 59), (39, 69), (58, 66), (41, 71), (35, 52), (63, 71), (12, 44), (51, 54), (18, 37), (49, 77), (48, 57), (47, 53), (73, 77), (34, 64), (80, 82), (44, 52), (57, 78), (73, 85), (18, 26), (85, 87), (36, 87), (84, 89), (14, 58), (47, 91), (32, 92), (50, 93), (51, 82), (65, 93), (65, 91), (37, 60), (46, 98), (27, 36), (43, 100), (48, 67), (70, 102), (98, 103), (11, 100), (55, 105), (84, 106), (33, 45), (0, 108), (69, 109), (3, 105), (34, 111), (89, 112), (75, 111), (56, 114), (54, 112), (66, 116), (101, 117), (114, 117))
((7, 15), (0, 32), (8, 33), (16, 34), (18, 26), (15, 31), (27, 37), (6, 22), (23, 31), (14, 39), (19, 27), (22, 30), (20, 28), (3, 38), (10, 26), (13, 21), (30, 41), (12, 28), (24, 35), (5, 29), (1, 34), (37, 48), (14, 47), (9, 36), (35, 37), (13, 44), (51, 57), (45, 46), (11, 42), (33, 56), (36, 40), (40, 50), (12, 32), (45, 64), (9, 25), (17, 66), (63, 66), (1, 55), (67, 69), (61, 70), (38, 44), (11, 72), (16, 63), (32, 60), (4, 42), (40, 76), (0, 50), (4, 20), (5, 21), (79, 80), (2, 17), (46, 82), (70, 83), (19, 62), (2, 75), (23, 43), (32, 87), (49, 58), (43, 80), (10, 69), (40, 88), (32, 74), (34, 67), (39, 88), (41, 51), (47, 89), (48, 54), (49, 77), (52, 68), (53, 95), (53, 87), (54, 90), (55, 82), (57, 81), (59, 85), (61, 93), (62, 71), (65, 73), (65, 79), (68, 108), (73, 77), (81, 89), (90, 96), (60, 85), (3, 115), (10, 86), (25, 83), (59, 117))
((7, 15), (0, 32), (8, 33), (16, 34), (18, 26), (15, 31), (27, 37), (6, 22), (23, 31), (14, 39), (19, 27), (22, 30), (20, 28), (3, 38), (10, 26), (13, 21), (30, 41), (12, 28), (24, 35), (5, 29), (1, 34), (37, 48), (14, 47), (9, 36), (35, 37), (13, 44), (51, 57), (49, 58), (47, 59), (45, 46), (11, 42), (33, 56), (41, 51), (36, 40), (40, 50), (12, 32), (45, 67), (9, 25), (17, 69), (34, 70), (66, 69), (52, 72), (1, 55), (10, 74), (70, 74), (63, 76), (65, 77), (38, 44), (11, 79), (68, 80), (16, 66), (32, 82), (63, 83), (48, 54), (23, 43), (53, 86), (32, 86), (39, 88), (53, 89), (40, 88), (32, 62), (19, 65), (61, 93), (3, 62), (93, 95), (4, 42), (40, 97), (49, 98), (80, 98), (72, 78), (0, 50), (4, 20), (68, 103), (5, 21), (43, 105), (64, 106), (54, 106), (103, 105), (59, 109), (57, 109), (2, 17), (55, 112), (10, 92), (2, 114), (61, 115), (46, 112), (25, 117), (76, 117))
((7, 15), (0, 32), (8, 33), (16, 34), (18, 26), (15, 31), (27, 37), (6, 22), (23, 31), (14, 39), (19, 27), (22, 30), (20, 28), (3, 38), (10, 26), (13, 21), (30, 41), (12, 28), (24, 35), (5, 29), (1, 34), (37, 48), (14, 47), (9, 36), (35, 37), (13, 44), (51, 57), (49, 58), (47, 59), (45, 46), (11, 42), (33, 56), (41, 51), (36, 40), (40, 50), (12, 32), (45, 67), (9, 25), (17, 69), (34, 70), (66, 69), (52, 72), (1, 55), (10, 74), (70, 74), (63, 76), (65, 77), (38, 44), (0, 50), (72, 78), (48, 54), (23, 43), (53, 83), (32, 83), (40, 85), (39, 85), (53, 87), (2, 17), (55, 89), (46, 89), (25, 91), (76, 91), (16, 66), (32, 94), (63, 95), (19, 65), (61, 97), (11, 79), (68, 99), (3, 62), (97, 101), (4, 20), (68, 103), (5, 21), (103, 105), (59, 106), (57, 106), (43, 105), (54, 109), (64, 109), (4, 42), (40, 112), (99, 113), (49, 113), (2, 32), (10, 116), (62, 117), (61, 118))
((5, 13), (7, 23), (19, 33), (3, 27), (9, 25), (15, 23), (8, 37), (16, 38), (33, 39), (7, 31), (6, 32), (18, 26), (15, 31), (0, 44), (1, 36), (40, 45), (14, 30), (42, 48), (17, 46), (4, 28), (20, 51), (12, 52), (4, 12), (17, 25), (38, 47), (2, 18), (21, 32), (6, 22), (34, 43), (55, 56), (13, 29), (14, 22), (51, 58), (10, 26), (29, 58), (49, 66), (24, 40), (11, 19), (35, 41), (60, 70), (62, 63), (67, 72), (42, 72), (53, 62), (69, 71), (28, 70), (53, 77), (56, 68), (23, 63), (41, 80), (44, 65), (71, 82), (52, 69), (64, 75), (49, 59), (5, 54), (66, 87), (75, 87), (37, 84), (44, 59), (80, 91), (24, 41), (56, 93), (45, 46), (94, 95), (3, 34), (54, 97), (90, 98), (77, 98), (57, 97), (76, 101), (35, 102), (82, 102), (36, 43), (9, 39), (50, 106), (2, 55), (65, 108), (48, 81), (37, 110), (91, 110), (105, 108), (50, 109), (57, 114), (105, 114), (44, 61), (96, 117), (106, 117))
((7, 15), (0, 32), (8, 33), (16, 34), (18, 26), (15, 31), (27, 37), (6, 22), (23, 31), (14, 39), (19, 27), (22, 30), (20, 28), (3, 38), (10, 26), (13, 21), (30, 41), (12, 28), (24, 35), (5, 29), (1, 34), (37, 48), (14, 47), (9, 36), (35, 37), (13, 44), (51, 57), (49, 58), (47, 59), (45, 46), (11, 42), (33, 56), (41, 51), (36, 40), (40, 50), (12, 32), (45, 67), (9, 25), (17, 69), (34, 70), (66, 69), (52, 72), (1, 55), (10, 74), (70, 74), (63, 76), (65, 77), (38, 44), (11, 79), (68, 80), (16, 66), (32, 82), (63, 83), (48, 54), (23, 43), (53, 86), (32, 86), (39, 88), (53, 89), (40, 88), (19, 65), (61, 92), (3, 62), (92, 94), (4, 42), (40, 96), (49, 97), (80, 97), (72, 78), (0, 50), (4, 20), (68, 102), (5, 21), (43, 104), (64, 105), (54, 105), (102, 104), (59, 108), (57, 108), (2, 17), (55, 111), (46, 111), (25, 113), (76, 113), (10, 32), (2, 62), (116, 117), (61, 118))
((7, 15), (0, 32), (8, 33), (16, 34), (18, 26), (15, 31), (27, 37), (6, 22), (23, 31), (14, 39), (19, 27), (22, 30), (20, 28), (3, 38), (10, 26), (13, 21), (30, 41), (12, 28), (24, 35), (5, 29), (1, 34), (37, 48), (14, 47), (9, 36), (35, 37), (13, 44), (51, 57), (49, 58), (47, 59), (45, 46), (11, 42), (33, 56), (41, 51), (36, 40), (40, 50), (12, 32), (45, 67), (9, 25), (17, 69), (34, 70), (66, 69), (52, 72), (1, 55), (10, 74), (70, 74), (63, 76), (65, 77), (38, 44), (11, 79), (68, 80), (16, 66), (32, 82), (63, 83), (48, 54), (23, 43), (53, 86), (32, 86), (39, 88), (53, 89), (40, 88), (32, 62), (19, 65), (61, 93), (3, 62), (93, 95), (4, 42), (40, 97), (49, 98), (80, 98), (72, 78), (0, 50), (4, 20), (68, 103), (5, 21), (43, 105), (64, 106), (54, 106), (103, 105), (59, 109), (57, 109), (2, 17), (55, 112), (46, 112), (25, 114), (76, 114), (10, 92), (2, 117), (61, 118))
((7, 15), (0, 32), (8, 33), (16, 34), (18, 26), (15, 31), (27, 37), (6, 22), (23, 31), (14, 39), (19, 27), (22, 30), (20, 28), (3, 38), (10, 26), (13, 21), (30, 41), (12, 28), (24, 35), (5, 29), (1, 34), (37, 48), (14, 47), (9, 36), (35, 37), (13, 44), (51, 57), (49, 58), (47, 59), (45, 46), (11, 42), (33, 56), (41, 51), (36, 40), (40, 50), (12, 32), (45, 67), (9, 25), (17, 69), (34, 70), (66, 69), (52, 72), (1, 55), (10, 74), (70, 74), (63, 76), (65, 77), (38, 44), (11, 79), (68, 80), (16, 66), (32, 82), (63, 83), (48, 54), (23, 43), (53, 86), (32, 86), (39, 88), (53, 89), (40, 88), (19, 65), (61, 92), (3, 62), (92, 94), (4, 42), (40, 96), (49, 97), (80, 97), (72, 78), (0, 50), (4, 20), (68, 102), (5, 21), (43, 104), (64, 105), (54, 105), (102, 104), (59, 108), (57, 108), (2, 17), (55, 111), (46, 111), (25, 113), (76, 113), (10, 32), (2, 62), (116, 117), (61, 118))
((7, 15), (0, 32), (8, 33), (16, 34), (18, 26), (15, 31), (27, 37), (6, 22), (14, 39), (19, 27), (20, 28), (30, 40), (24, 35), (11, 41), (9, 25), (4, 20), (23, 31), (44, 48), (17, 46), (5, 21), (13, 21), (3, 38), (11, 42), (14, 52), (16, 49), (43, 55), (46, 49), (34, 50), (47, 51), (5, 29), (38, 54), (3, 45), (2, 10), (36, 48), (12, 32), (13, 42), (60, 67), (19, 65), (12, 28), (61, 67), (40, 61), (70, 71), (60, 73), (52, 73), (35, 37), (33, 76), (32, 45), (10, 26), (53, 79), (69, 80), (2, 17), (79, 82), (64, 78), (25, 83), (63, 69), (80, 84), (37, 43), (34, 58), (1, 89), (22, 30), (51, 91), (72, 92), (23, 91), (32, 56), (77, 95), (55, 92), (88, 94), (32, 94), (48, 99), (39, 99), (88, 101), (41, 48), (0, 44), (4, 103), (62, 105), (70, 105), (53, 66), (62, 108), (47, 108), (9, 36), (82, 111), (1, 111), (10, 113), (50, 113), (83, 115), (65, 115), (77, 117), (58, 118))
((7, 15), (0, 32), (8, 33), (16, 34), (18, 26), (15, 31), (27, 37), (6, 22), (23, 31), (14, 39), (19, 27), (22, 30), (20, 28), (3, 38), (10, 26), (13, 21), (30, 41), (12, 28), (24, 35), (5, 29), (1, 34), (37, 48), (14, 47), (9, 36), (35, 37), (13, 44), (51, 57), (49, 58), (47, 59), (45, 46), (11, 42), (33, 56), (41, 51), (36, 40), (40, 50), (12, 32), (45, 67), (9, 25), (17, 69), (34, 70), (66, 69), (52, 72), (1, 55), (10, 74), (70, 74), (63, 76), (65, 77), (38, 44), (11, 79), (68, 80), (16, 66), (32, 82), (63, 83), (48, 54), (23, 43), (53, 86), (32, 86), (39, 88), (53, 89), (40, 88), (32, 62), (19, 65), (61, 93), (3, 62), (93, 95), (4, 42), (40, 97), (49, 98), (80, 98), (72, 78), (0, 50), (4, 20), (68, 103), (5, 21), (43, 105), (64, 106), (54, 106), (103, 105), (59, 109), (57, 109), (2, 17), (55, 112), (46, 112), (25, 114), (76, 114), (2, 92), (10, 117), (61, 118))
((7, 15), (0, 32), (8, 33), (16, 34), (18, 26), (15, 31), (27, 37), (6, 22), (23, 31), (14, 39), (19, 27), (22, 30), (20, 28), (3, 38), (10, 26), (13, 21), (30, 41), (12, 28), (24, 35), (5, 29), (1, 34), (37, 48), (14, 47), (9, 36), (35, 37), (13, 44), (51, 57), (49, 58), (47, 59), (45, 46), (11, 42), (33, 56), (41, 51), (36, 40), (40, 50), (12, 32), (45, 67), (9, 25), (17, 69), (34, 70), (66, 69), (52, 72), (1, 55), (10, 74), (70, 74), (63, 76), (65, 77), (38, 44), (11, 79), (68, 80), (16, 66), (32, 82), (63, 83), (48, 54), (23, 43), (53, 86), (32, 86), (39, 88), (53, 89), (40, 88), (32, 62), (19, 65), (61, 93), (3, 62), (93, 95), (4, 42), (40, 97), (49, 98), (80, 98), (72, 78), (0, 50), (4, 20), (68, 103), (5, 21), (103, 105), (59, 106), (57, 106), (43, 105), (54, 109), (64, 109), (2, 17), (55, 112), (46, 112), (25, 114), (76, 114), (2, 92), (10, 117), (61, 118))
((7, 15), (0, 32), (8, 33), (16, 34), (18, 26), (15, 31), (27, 37), (6, 22), (23, 31), (14, 39), (19, 27), (22, 30), (20, 28), (3, 38), (10, 26), (13, 21), (30, 41), (12, 28), (24, 35), (5, 29), (1, 34), (37, 48), (14, 47), (9, 36), (35, 37), (13, 44), (51, 57), (49, 58), (47, 59), (45, 46), (11, 42), (33, 56), (41, 51), (36, 40), (40, 50), (9, 25), (17, 67), (34, 68), (66, 67), (52, 70), (1, 55), (10, 72), (68, 72), (63, 74), (65, 75), (38, 44), (11, 77), (16, 66), (32, 79), (63, 80), (48, 54), (23, 43), (53, 83), (32, 83), (39, 85), (40, 85), (32, 62), (19, 65), (3, 62), (0, 50), (4, 20), (2, 17), (46, 93), (70, 76), (53, 86), (89, 90), (55, 93), (25, 94), (74, 94), (10, 88), (2, 101), (61, 102), (5, 21), (43, 104), (54, 105), (64, 105), (32, 45), (4, 42), (40, 109), (49, 110), (78, 110), (61, 89), (92, 104), (57, 114), (59, 114), (12, 108), (78, 117), (92, 117))
((7, 15), (0, 32), (8, 33), (16, 34), (18, 26), (15, 31), (27, 37), (6, 22), (23, 31), (14, 39), (19, 27), (22, 30), (20, 28), (3, 38), (10, 26), (13, 21), (30, 41), (12, 28), (24, 35), (5, 29), (1, 34), (37, 48), (14, 47), (9, 36), (35, 37), (13, 44), (51, 57), (49, 58), (47, 59), (45, 46), (11, 42), (33, 56), (41, 51), (36, 40), (40, 50), (12, 32), (45, 67), (9, 25), (17, 69), (34, 70), (66, 69), (52, 72), (1, 55), (10, 74), (70, 74), (63, 76), (65, 77), (38, 44), (11, 79), (68, 80), (16, 66), (32, 82), (63, 83), (48, 54), (23, 43), (53, 86), (32, 86), (39, 88), (53, 89), (40, 88), (32, 62), (19, 65), (61, 93), (3, 62), (93, 95), (4, 42), (40, 97), (49, 98), (80, 98), (72, 78), (0, 50), (4, 20), (68, 103), (5, 21), (43, 105), (64, 106), (54, 106), (103, 105), (59, 109), (57, 109), (2, 17), (55, 112), (46, 112), (25, 114), (76, 114), (2, 92), (10, 117), (61, 118))
((7, 15), (0, 32), (8, 33), (16, 34), (18, 26), (15, 31), (27, 37), (6, 22), (23, 31), (14, 39), (19, 27), (22, 30), (20, 28), (3, 38), (10, 26), (13, 21), (30, 41), (12, 28), (24, 35), (5, 29), (1, 34), (37, 48), (14, 47), (9, 36), (35, 37), (13, 44), (51, 57), (49, 58), (47, 59), (45, 46), (11, 42), (33, 56), (41, 51), (36, 40), (40, 50), (12, 32), (45, 67), (9, 25), (17, 69), (34, 70), (66, 69), (52, 72), (1, 55), (10, 74), (70, 74), (63, 76), (65, 77), (38, 44), (11, 79), (68, 80), (16, 66), (32, 82), (63, 83), (48, 54), (23, 43), (53, 86), (0, 50), (72, 78), (32, 86), (40, 90), (39, 90), (53, 92), (19, 65), (61, 94), (2, 17), (55, 96), (46, 96), (25, 98), (76, 98), (62, 94), (3, 101), (4, 20), (68, 103), (5, 21), (103, 105), (59, 106), (57, 106), (43, 105), (54, 109), (64, 109), (4, 42), (40, 112), (80, 113), (49, 113), (2, 32), (10, 116), (62, 117), (61, 118))
((7, 15), (0, 32), (8, 33), (16, 34), (18, 26), (15, 31), (27, 37), (6, 22), (23, 31), (14, 39), (19, 27), (22, 30), (20, 28), (3, 38), (10, 26), (24, 35), (9, 36), (11, 42), (36, 40), (9, 25), (1, 48), (38, 44), (5, 21), (23, 43), (4, 40), (32, 55), (19, 50), (40, 47), (30, 41), (51, 59), (12, 45), (10, 52), (49, 58), (35, 37), (33, 65), (50, 66), (17, 51), (34, 68), (32, 62), (5, 29), (41, 71), (11, 53), (0, 47), (70, 73), (39, 57), (3, 64), (13, 21), (14, 78), (60, 79), (4, 20), (43, 54), (79, 82), (54, 81), (1, 61), (34, 85), (40, 57), (13, 44), (71, 88), (84, 88), (32, 49), (37, 60), (76, 92), (55, 92), (70, 81), (2, 10), (91, 96), (42, 56), (73, 98), (52, 68), (16, 32), (67, 100), (59, 101), (66, 103), (61, 102), (45, 46), (58, 106), (97, 106), (2, 17), (48, 109), (46, 109), (25, 111), (100, 111), (72, 82), (12, 28), (98, 115), (89, 115), (84, 117), (78, 117))
((7, 15), (0, 32), (8, 33), (16, 34), (18, 26), (15, 31), (27, 37), (6, 22), (23, 31), (14, 39), (19, 27), (22, 30), (20, 28), (3, 38), (10, 26), (13, 21), (30, 41), (12, 28), (24, 35), (5, 29), (1, 34), (37, 48), (14, 47), (9, 36), (35, 37), (13, 44), (51, 57), (49, 58), (47, 59), (45, 46), (11, 42), (33, 56), (41, 51), (36, 40), (40, 50), (12, 32), (45, 67), (9, 25), (17, 69), (34, 70), (66, 69), (52, 72), (1, 55), (10, 74), (70, 74), (63, 76), (65, 77), (38, 44), (11, 79), (68, 80), (16, 66), (32, 82), (63, 83), (48, 54), (23, 43), (53, 86), (32, 86), (39, 88), (53, 89), (40, 88), (32, 62), (19, 65), (61, 93), (3, 62), (93, 95), (4, 42), (40, 97), (49, 98), (80, 98), (72, 78), (0, 50), (4, 20), (68, 103), (5, 21), (43, 105), (64, 106), (54, 106), (103, 105), (59, 109), (57, 109), (2, 10), (92, 112), (61, 113), (2, 17), (46, 115), (55, 115), (76, 116), (25, 116))
((7, 15), (0, 32), (8, 33), (16, 34), (18, 26), (15, 31), (27, 37), (6, 22), (23, 31), (14, 39), (19, 27), (22, 30), (20, 28), (3, 38), (10, 26), (13, 21), (30, 41), (12, 28), (24, 35), (5, 29), (1, 34), (37, 48), (14, 47), (9, 36), (35, 37), (13, 44), (51, 57), (49, 58), (45, 46), (11, 42), (33, 56), (36, 40), (40, 50), (12, 32), (45, 65), (9, 25), (17, 67), (64, 67), (1, 55), (68, 70), (62, 71), (38, 44), (11, 73), (16, 64), (23, 43), (32, 76), (32, 61), (19, 63), (3, 61), (4, 42), (40, 81), (4, 20), (5, 21), (43, 84), (83, 84), (2, 17), (46, 87), (2, 78), (0, 50), (10, 70), (10, 89), (25, 88), (32, 75), (34, 68), (39, 77), (40, 77), (41, 51), (47, 59), (48, 54), (49, 82), (52, 69), (53, 76), (53, 96), (54, 85), (55, 87), (57, 86), (59, 86), (60, 79), (60, 92), (62, 94), (63, 72), (66, 74), (66, 83), (69, 112), (71, 88), (74, 82), (79, 80), (85, 98))
((7, 15), (0, 32), (8, 33), (16, 34), (18, 26), (15, 31), (27, 37), (6, 22), (23, 31), (14, 39), (19, 27), (22, 30), (20, 28), (3, 38), (10, 26), (13, 21), (30, 41), (12, 28), (24, 35), (5, 29), (1, 34), (37, 48), (14, 47), (9, 36), (35, 37), (13, 44), (51, 57), (49, 58), (47, 59), (45, 46), (11, 42), (33, 56), (41, 51), (36, 40), (40, 50), (12, 32), (45, 67), (9, 25), (17, 69), (34, 70), (66, 69), (52, 72), (1, 55), (10, 74), (70, 74), (63, 76), (65, 77), (38, 44), (11, 79), (68, 80), (16, 66), (32, 82), (63, 83), (48, 54), (23, 43), (53, 86), (32, 86), (39, 88), (53, 89), (40, 88), (32, 62), (19, 65), (61, 93), (3, 62), (93, 95), (4, 42), (40, 97), (49, 98), (80, 98), (72, 78), (0, 50), (4, 20), (68, 103), (5, 21), (43, 105), (64, 106), (54, 106), (103, 105), (57, 109), (59, 109), (2, 10), (92, 112), (61, 113), (2, 17), (55, 115), (46, 115), (25, 117), (76, 117))
((0, 24), (15, 31), (32, 33), (2, 10), (7, 31), (26, 35), (15, 23), (11, 27), (33, 39), (10, 18), (5, 13), (3, 39), (11, 19), (38, 44), (30, 42), (17, 25), (1, 8), (14, 22), (9, 25), (41, 50), (35, 40), (36, 52), (18, 37), (16, 38), (12, 28), (6, 22), (4, 12), (3, 36), (38, 54), (23, 49), (5, 21), (56, 62), (57, 62), (46, 64), (20, 28), (8, 34), (38, 67), (17, 36), (32, 69), (1, 9), (40, 56), (41, 45), (43, 73), (21, 29), (14, 75), (64, 76), (48, 55), (47, 78), (37, 47), (59, 60), (32, 55), (19, 53), (51, 80), (36, 61), (53, 81), (70, 71), (73, 81), (46, 49), (4, 45), (66, 90), (72, 90), (13, 58), (75, 93), (63, 93), (2, 71), (54, 96), (51, 96), (29, 66), (63, 99), (42, 99), (33, 57), (61, 102), (6, 30), (76, 104), (7, 104), (102, 106), (38, 106), (0, 67), (50, 109), (70, 110), (78, 110), (36, 109), (16, 113), (34, 114), (20, 27), (59, 116), (72, 117), (58, 117))
((7, 15), (0, 32), (8, 33), (16, 34), (18, 26), (15, 31), (27, 37), (6, 22), (23, 31), (14, 39), (19, 27), (22, 30), (20, 28), (3, 38), (10, 26), (13, 21), (30, 41), (12, 28), (24, 35), (5, 29), (1, 34), (37, 48), (14, 47), (9, 36), (35, 37), (13, 44), (51, 57), (49, 58), (47, 59), (45, 46), (11, 42), (33, 56), (41, 51), (36, 40), (40, 50), (12, 32), (45, 67), (9, 25), (17, 69), (34, 70), (66, 69), (52, 72), (4, 40), (1, 55), (10, 75), (70, 75), (63, 77), (65, 78), (38, 44), (11, 80), (68, 81), (16, 66), (32, 83), (63, 84), (48, 54), (23, 43), (53, 87), (32, 87), (39, 89), (53, 90), (40, 89), (32, 62), (19, 65), (61, 94), (3, 62), (94, 96), (42, 74), (49, 98), (81, 98), (72, 79), (0, 50), (4, 20), (68, 103), (5, 21), (43, 105), (64, 106), (54, 106), (103, 105), (59, 109), (57, 109), (2, 17), (55, 112), (46, 112), (25, 114), (77, 114), (2, 93), (10, 117), (61, 118))
((7, 15), (0, 32), (8, 33), (16, 34), (18, 26), (15, 31), (27, 37), (6, 22), (23, 31), (14, 39), (19, 27), (22, 30), (20, 28), (3, 38), (10, 26), (13, 21), (30, 41), (12, 28), (24, 35), (5, 29), (1, 34), (37, 48), (14, 47), (9, 36), (35, 37), (13, 44), (51, 57), (49, 58), (47, 59), (45, 46), (11, 42), (33, 56), (41, 51), (36, 40), (40, 50), (12, 32), (45, 67), (9, 25), (17, 69), (34, 70), (66, 69), (52, 72), (1, 55), (10, 74), (70, 74), (63, 76), (65, 77), (38, 44), (11, 79), (68, 80), (16, 66), (32, 82), (63, 83), (48, 54), (23, 43), (53, 86), (32, 86), (39, 88), (53, 89), (0, 50), (40, 88), (72, 78), (19, 65), (61, 94), (2, 17), (55, 96), (46, 96), (25, 98), (76, 98), (3, 94), (62, 101), (4, 20), (68, 103), (5, 21), (103, 105), (59, 106), (57, 106), (43, 105), (54, 109), (64, 109), (4, 40), (42, 112), (80, 113), (49, 113), (10, 62), (2, 32), (116, 117), (61, 118))
((7, 15), (0, 32), (8, 33), (16, 34), (18, 26), (15, 31), (27, 37), (6, 22), (23, 31), (14, 39), (19, 27), (22, 30), (20, 28), (3, 38), (10, 26), (13, 21), (30, 41), (12, 28), (24, 35), (5, 29), (1, 34), (37, 48), (14, 47), (9, 36), (35, 37), (13, 44), (51, 57), (49, 58), (47, 59), (45, 46), (11, 42), (33, 56), (41, 51), (36, 40), (40, 50), (12, 32), (45, 67), (9, 25), (17, 69), (34, 70), (66, 69), (52, 72), (1, 55), (10, 74), (70, 74), (63, 76), (65, 77), (38, 44), (11, 79), (68, 80), (16, 66), (32, 82), (63, 83), (48, 54), (23, 43), (53, 86), (32, 86), (39, 88), (53, 89), (40, 88), (32, 62), (19, 65), (61, 93), (3, 62), (93, 95), (4, 42), (40, 97), (49, 98), (80, 98), (72, 78), (0, 50), (4, 20), (68, 103), (5, 21), (43, 105), (64, 106), (54, 106), (103, 105), (59, 109), (57, 109), (2, 17), (55, 112), (46, 112), (25, 114), (76, 114), (2, 10), (92, 117), (61, 118))
((5, 13), (7, 23), (19, 33), (3, 27), (9, 25), (15, 23), (8, 37), (16, 38), (33, 39), (7, 31), (6, 32), (18, 26), (15, 31), (0, 44), (1, 36), (40, 45), (14, 30), (42, 48), (17, 46), (4, 28), (20, 51), (12, 52), (4, 12), (17, 25), (38, 47), (2, 18), (21, 32), (6, 22), (34, 43), (55, 56), (13, 29), (14, 22), (51, 58), (10, 26), (29, 58), (49, 66), (24, 40), (11, 19), (35, 41), (60, 70), (62, 63), (67, 72), (42, 72), (53, 62), (69, 71), (28, 70), (53, 77), (56, 68), (23, 63), (41, 80), (44, 65), (71, 82), (52, 69), (64, 75), (49, 59), (5, 54), (66, 87), (75, 87), (37, 84), (44, 59), (80, 91), (24, 41), (56, 93), (45, 46), (94, 95), (3, 34), (54, 97), (90, 98), (77, 98), (57, 97), (76, 101), (35, 102), (82, 102), (36, 43), (9, 39), (50, 106), (2, 55), (65, 108), (48, 81), (37, 110), (91, 110), (105, 108), (50, 109), (57, 114), (105, 114), (44, 61), (96, 117), (106, 117))
((5, 13), (7, 23), (19, 33), (3, 27), (9, 25), (15, 23), (8, 37), (16, 38), (33, 39), (7, 31), (6, 32), (18, 26), (15, 31), (0, 44), (1, 36), (40, 45), (14, 30), (42, 48), (17, 46), (4, 28), (20, 51), (12, 52), (4, 12), (17, 25), (38, 47), (2, 18), (21, 32), (6, 22), (34, 43), (55, 56), (13, 29), (14, 22), (51, 58), (10, 26), (29, 58), (49, 66), (24, 40), (11, 19), (35, 41), (60, 70), (62, 63), (67, 72), (42, 72), (53, 62), (69, 71), (28, 70), (53, 77), (56, 68), (23, 63), (41, 80), (44, 65), (71, 82), (52, 69), (64, 75), (49, 59), (5, 54), (66, 87), (75, 87), (37, 84), (44, 59), (80, 91), (48, 81), (37, 93), (91, 93), (9, 39), (50, 96), (2, 55), (65, 98), (50, 99), (57, 100), (36, 43), (98, 102), (100, 102), (41, 79), (40, 105), (46, 106), (45, 107), (44, 61), (96, 109), (108, 109), (3, 34), (54, 112), (90, 113), (77, 113), (76, 112), (57, 116), (35, 117), (82, 117))
((7, 15), (0, 32), (8, 33), (16, 34), (18, 26), (15, 31), (27, 37), (6, 22), (23, 31), (14, 39), (19, 27), (22, 30), (20, 28), (3, 38), (10, 26), (13, 21), (30, 41), (12, 28), (24, 35), (5, 29), (1, 34), (37, 48), (14, 47), (9, 36), (35, 37), (13, 44), (51, 57), (49, 58), (47, 59), (45, 46), (11, 42), (33, 56), (41, 51), (36, 40), (40, 50), (12, 32), (45, 67), (9, 25), (17, 69), (34, 70), (66, 69), (52, 72), (1, 55), (10, 74), (70, 74), (63, 76), (65, 77), (38, 44), (0, 50), (72, 78), (48, 54), (23, 43), (53, 83), (32, 83), (40, 85), (39, 85), (53, 87), (2, 17), (55, 89), (46, 89), (25, 91), (76, 91), (19, 65), (61, 94), (16, 66), (32, 96), (63, 97), (62, 94), (3, 99), (4, 20), (68, 101), (11, 79), (68, 103), (5, 21), (43, 105), (54, 106), (64, 106), (101, 105), (59, 109), (57, 109), (4, 42), (40, 112), (103, 113), (49, 113), (2, 62), (10, 116), (32, 117), (61, 118))
((7, 15), (0, 32), (8, 33), (16, 34), (18, 26), (15, 31), (27, 37), (6, 22), (23, 31), (14, 39), (19, 27), (22, 30), (20, 28), (3, 38), (10, 26), (13, 21), (30, 41), (12, 28), (24, 35), (5, 29), (1, 34), (37, 48), (14, 47), (9, 36), (35, 37), (13, 44), (51, 57), (49, 58), (47, 59), (45, 46), (11, 42), (33, 56), (41, 51), (36, 40), (40, 50), (12, 32), (45, 67), (9, 25), (17, 69), (34, 70), (66, 69), (52, 72), (1, 55), (10, 74), (70, 74), (63, 76), (65, 77), (38, 44), (11, 79), (68, 80), (16, 66), (32, 82), (63, 83), (48, 54), (23, 43), (53, 86), (32, 86), (39, 88), (53, 89), (40, 88), (32, 62), (19, 65), (61, 93), (3, 62), (93, 95), (4, 42), (40, 97), (49, 98), (80, 98), (72, 78), (0, 50), (4, 20), (68, 103), (5, 21), (43, 105), (64, 106), (54, 106), (103, 105), (59, 109), (57, 109), (2, 10), (92, 112), (61, 113), (2, 17), (55, 115), (46, 115), (25, 117), (76, 117))
((7, 15), (0, 32), (8, 33), (16, 34), (18, 26), (15, 31), (27, 37), (6, 22), (23, 31), (14, 39), (19, 27), (22, 30), (20, 28), (3, 38), (10, 26), (13, 21), (12, 28), (24, 35), (11, 42), (40, 49), (9, 25), (17, 52), (34, 53), (38, 44), (23, 43), (32, 56), (3, 50), (4, 42), (4, 20), (5, 21), (45, 46), (51, 52), (40, 59), (36, 40), (19, 65), (58, 66), (32, 51), (16, 68), (40, 57), (5, 29), (1, 34), (14, 47), (2, 17), (41, 71), (13, 44), (32, 45), (12, 77), (48, 64), (60, 78), (50, 77), (2, 81), (26, 82), (62, 83), (39, 57), (71, 76), (43, 61), (73, 87), (75, 87), (11, 55), (78, 90), (64, 90), (9, 36), (1, 93), (46, 74), (25, 95), (53, 94), (95, 97), (65, 97), (0, 49), (62, 66), (74, 93), (63, 72), (60, 61), (76, 104), (10, 94), (35, 37), (33, 107), (69, 108), (99, 108), (63, 110), (30, 41), (73, 112), (37, 112), (85, 114), (56, 114), (48, 86), (104, 117), (47, 117))
((7, 15), (0, 32), (8, 33), (16, 34), (18, 26), (15, 31), (27, 37), (6, 22), (23, 31), (14, 39), (19, 27), (22, 30), (20, 28), (3, 38), (10, 26), (13, 21), (30, 41), (12, 28), (24, 35), (5, 29), (9, 36), (35, 37), (13, 44), (45, 46), (11, 42), (33, 53), (36, 40), (40, 50), (12, 32), (9, 25), (17, 61), (59, 61), (1, 52), (62, 64), (57, 65), (38, 44), (16, 59), (23, 43), (32, 56), (4, 42), (40, 71), (4, 20), (5, 21), (73, 74), (11, 67), (37, 48), (72, 76), (43, 74), (2, 17), (46, 80), (3, 56), (51, 54), (49, 83), (14, 47), (19, 58), (41, 51), (0, 50), (32, 68), (69, 77), (32, 69), (57, 89), (79, 87), (49, 72), (54, 75), (65, 81), (75, 84), (47, 84), (82, 86), (45, 60), (34, 62), (40, 91), (79, 85), (39, 91), (73, 100), (34, 63), (1, 106), (2, 10), (77, 104), (48, 85), (10, 64), (58, 66), (63, 112), (25, 81), (70, 108), (52, 80), (76, 100), (55, 86), (55, 115))
((7, 15), (0, 32), (8, 33), (16, 34), (18, 26), (15, 31), (27, 37), (6, 22), (23, 31), (14, 39), (19, 27), (22, 30), (20, 28), (3, 38), (10, 26), (13, 21), (30, 41), (12, 28), (24, 35), (5, 29), (1, 34), (37, 48), (14, 47), (9, 36), (35, 37), (13, 44), (51, 57), (49, 58), (47, 59), (45, 46), (11, 42), (33, 56), (41, 51), (36, 40), (40, 50), (12, 32), (45, 67), (9, 25), (17, 69), (34, 70), (66, 69), (52, 72), (1, 55), (10, 74), (70, 74), (63, 76), (65, 77), (38, 44), (11, 79), (68, 80), (16, 66), (32, 82), (63, 83), (48, 54), (23, 43), (53, 86), (32, 86), (39, 88), (53, 89), (40, 88), (32, 62), (19, 65), (61, 93), (3, 62), (93, 95), (4, 42), (40, 97), (49, 98), (80, 98), (72, 78), (0, 50), (4, 20), (68, 103), (2, 92), (10, 105), (61, 106), (2, 17), (55, 108), (46, 108), (25, 110), (76, 110), (5, 21), (43, 113), (64, 114), (54, 114), (103, 113), (59, 117), (57, 117))
((7, 15), (0, 32), (8, 33), (16, 34), (18, 26), (15, 31), (27, 37), (6, 22), (23, 31), (14, 39), (19, 27), (22, 30), (20, 28), (3, 38), (10, 26), (13, 21), (30, 41), (12, 28), (24, 35), (5, 29), (1, 34), (37, 48), (14, 47), (9, 36), (35, 37), (13, 44), (51, 57), (49, 58), (47, 59), (45, 46), (11, 42), (33, 56), (41, 51), (36, 40), (40, 50), (12, 32), (45, 67), (9, 25), (17, 69), (34, 70), (66, 69), (52, 72), (1, 55), (10, 74), (70, 74), (63, 76), (65, 77), (38, 44), (11, 79), (68, 80), (16, 66), (32, 82), (63, 83), (48, 54), (23, 43), (53, 86), (32, 86), (39, 88), (53, 89), (40, 88), (32, 62), (19, 65), (61, 93), (3, 62), (93, 95), (4, 42), (40, 97), (49, 98), (80, 98), (72, 78), (0, 50), (4, 20), (68, 103), (5, 21), (43, 105), (64, 106), (54, 106), (103, 105), (59, 109), (57, 109), (2, 17), (55, 112), (46, 112), (76, 114), (25, 114), (2, 92), (10, 117), (61, 118))
((7, 15), (0, 32), (8, 33), (16, 34), (18, 26), (15, 31), (27, 37), (6, 22), (23, 31), (14, 39), (19, 27), (22, 30), (20, 28), (3, 38), (10, 26), (13, 21), (30, 41), (12, 28), (24, 35), (5, 29), (1, 34), (37, 48), (14, 47), (9, 36), (35, 37), (13, 44), (51, 57), (49, 58), (47, 59), (45, 46), (11, 42), (33, 56), (41, 51), (36, 40), (40, 50), (12, 32), (45, 67), (9, 25), (17, 69), (34, 70), (66, 69), (52, 72), (1, 55), (10, 74), (70, 74), (63, 76), (65, 77), (38, 44), (11, 79), (68, 80), (16, 66), (32, 82), (63, 83), (48, 54), (23, 43), (53, 86), (32, 86), (39, 88), (53, 89), (40, 88), (32, 62), (19, 65), (61, 93), (3, 62), (93, 95), (4, 42), (40, 97), (49, 98), (80, 98), (72, 78), (0, 50), (4, 20), (68, 103), (5, 21), (43, 105), (54, 106), (64, 106), (103, 105), (59, 109), (57, 109), (2, 17), (55, 112), (46, 112), (25, 114), (76, 114), (2, 10), (92, 117), (61, 118))
((7, 15), (0, 32), (8, 33), (16, 34), (18, 26), (15, 31), (27, 37), (6, 22), (23, 31), (14, 39), (19, 27), (22, 30), (20, 28), (3, 38), (10, 26), (13, 21), (30, 41), (12, 28), (24, 35), (5, 29), (1, 34), (37, 48), (14, 47), (9, 36), (35, 37), (13, 44), (51, 57), (49, 58), (47, 59), (45, 46), (11, 42), (33, 56), (41, 51), (36, 40), (40, 50), (12, 32), (45, 67), (9, 25), (17, 69), (34, 70), (66, 69), (52, 72), (1, 55), (10, 74), (70, 74), (63, 76), (65, 77), (38, 44), (11, 79), (68, 80), (16, 66), (32, 82), (63, 83), (48, 54), (23, 43), (53, 86), (32, 86), (39, 88), (53, 89), (40, 88), (32, 62), (19, 65), (61, 93), (3, 62), (93, 95), (4, 42), (40, 97), (49, 98), (80, 98), (72, 78), (0, 50), (4, 20), (68, 103), (5, 21), (43, 105), (64, 106), (54, 106), (103, 105), (59, 109), (57, 109), (2, 17), (55, 112), (46, 112), (25, 114), (76, 114), (2, 92), (10, 117), (61, 118))
((7, 15), (0, 32), (8, 33), (16, 34), (18, 26), (15, 31), (27, 37), (6, 22), (23, 31), (14, 39), (19, 27), (22, 30), (20, 28), (3, 38), (10, 26), (13, 21), (30, 41), (12, 28), (24, 35), (5, 29), (1, 34), (14, 47), (9, 36), (35, 37), (13, 44), (11, 42), (33, 55), (36, 40), (40, 50), (12, 32), (9, 25), (17, 62), (1, 54), (63, 64), (38, 44), (11, 66), (23, 43), (32, 68), (32, 57), (19, 59), (4, 42), (4, 20), (5, 21), (43, 74), (73, 74), (2, 17), (46, 77), (3, 57), (45, 46), (40, 72), (53, 75), (45, 61), (32, 60), (51, 56), (37, 48), (71, 80), (41, 51), (58, 59), (49, 85), (49, 81), (0, 50), (10, 64), (65, 89), (54, 77), (67, 83), (16, 84), (58, 97), (25, 78), (71, 79), (40, 69), (65, 78), (67, 81), (73, 83), (47, 90), (56, 76), (68, 86), (48, 53), (75, 88), (39, 69), (86, 110), (60, 62), (34, 63), (52, 112), (94, 112), (76, 90), (2, 70), (10, 117), (80, 118))
((7, 15), (0, 32), (8, 33), (16, 34), (18, 26), (15, 31), (27, 37), (6, 22), (23, 31), (14, 39), (19, 27), (22, 30), (20, 28), (3, 38), (10, 26), (13, 21), (30, 41), (12, 28), (24, 35), (5, 29), (1, 34), (37, 48), (14, 47), (9, 36), (35, 37), (13, 44), (51, 57), (49, 58), (47, 59), (45, 46), (11, 42), (33, 56), (41, 51), (36, 40), (40, 50), (12, 32), (45, 67), (9, 25), (17, 69), (34, 70), (66, 69), (52, 72), (1, 55), (10, 74), (70, 74), (63, 76), (65, 77), (38, 44), (11, 79), (68, 80), (16, 66), (32, 82), (63, 83), (48, 54), (23, 43), (53, 86), (32, 86), (39, 88), (53, 89), (40, 88), (32, 62), (19, 65), (61, 93), (3, 62), (93, 95), (4, 42), (40, 97), (49, 98), (80, 98), (72, 78), (0, 50), (4, 20), (68, 103), (5, 21), (43, 105), (64, 106), (54, 106), (103, 105), (59, 109), (57, 109), (2, 17), (55, 112), (46, 112), (25, 114), (76, 114), (2, 92), (10, 117), (61, 118))
((5, 13), (7, 23), (19, 33), (3, 27), (9, 25), (15, 23), (8, 37), (16, 38), (33, 39), (7, 31), (6, 32), (18, 26), (15, 31), (0, 44), (1, 36), (40, 45), (14, 30), (42, 48), (17, 46), (4, 28), (20, 51), (12, 52), (4, 12), (17, 25), (38, 47), (2, 18), (21, 32), (6, 22), (34, 43), (55, 56), (13, 29), (14, 22), (51, 58), (10, 26), (29, 58), (49, 66), (24, 40), (11, 19), (35, 41), (60, 70), (62, 63), (67, 72), (42, 72), (53, 62), (69, 71), (28, 70), (53, 77), (56, 68), (23, 63), (41, 80), (44, 65), (71, 82), (52, 69), (64, 75), (49, 59), (5, 54), (66, 87), (75, 87), (37, 84), (44, 59), (80, 91), (24, 41), (56, 93), (45, 46), (94, 95), (3, 34), (54, 97), (90, 98), (77, 98), (57, 97), (76, 101), (35, 102), (82, 102), (36, 43), (9, 39), (50, 106), (2, 55), (65, 108), (105, 108), (44, 61), (106, 111), (96, 111), (48, 81), (91, 114), (37, 114), (50, 109), (105, 117), (57, 117))
((15, 31), (23, 31), (8, 16), (7, 15), (12, 20), (6, 14), (5, 29), (32, 34), (0, 39), (7, 37), (33, 41), (5, 21), (13, 36), (38, 44), (11, 19), (12, 28), (3, 35), (24, 35), (35, 40), (8, 33), (11, 48), (6, 22), (30, 53), (14, 54), (4, 47), (32, 46), (9, 25), (19, 27), (34, 49), (33, 39), (40, 60), (50, 51), (57, 59), (10, 26), (18, 26), (2, 10), (1, 25), (4, 52), (3, 46), (9, 17), (42, 53), (45, 47), (58, 63), (20, 56), (69, 75), (13, 21), (54, 77), (32, 55), (33, 59), (56, 80), (35, 42), (49, 63), (39, 83), (41, 79), (72, 79), (37, 43), (78, 87), (18, 68), (45, 77), (67, 89), (43, 75), (73, 92), (44, 92), (1, 62), (74, 95), (71, 95), (30, 38), (87, 98), (55, 98), (17, 61), (74, 101), (68, 101), (70, 80), (66, 104), (57, 65), (105, 106), (58, 65), (89, 108), (2, 71), (66, 110), (108, 110), (36, 64), (81, 113), (69, 113), (48, 67), (106, 116), (70, 116), (27, 118))
((15, 31), (0, 8), (11, 32), (24, 33), (1, 17), (25, 36), (14, 30), (23, 31), (35, 39), (9, 37), (4, 20), (4, 12), (7, 15), (9, 17), (19, 27), (10, 18), (26, 45), (6, 30), (2, 18), (48, 50), (36, 47), (29, 43), (23, 49), (3, 11), (44, 55), (5, 29), (6, 57), (41, 51), (32, 38), (54, 60), (16, 40), (37, 62), (10, 26), (25, 44), (27, 34), (64, 66), (42, 66), (12, 56), (33, 45), (63, 70), (65, 70), (7, 23), (50, 73), (48, 52), (52, 59), (68, 69), (20, 28), (13, 78), (39, 46), (28, 80), (43, 81), (68, 81), (47, 80), (34, 84), (74, 85), (13, 21), (53, 87), (22, 87), (49, 89), (41, 65), (69, 78), (55, 85), (67, 93), (74, 94), (46, 94), (8, 32), (62, 97), (35, 97), (63, 99), (91, 99), (14, 22), (58, 102), (7, 102), (39, 104), (60, 104), (57, 79), (59, 64), (62, 73), (24, 109), (99, 110), (5, 21), (38, 112), (89, 113), (42, 112), (79, 115), (53, 115), (58, 113), (44, 54))
((7, 15), (0, 32), (8, 33), (16, 34), (18, 26), (15, 31), (27, 37), (6, 22), (23, 31), (14, 39), (19, 27), (22, 30), (20, 28), (3, 38), (10, 26), (13, 21), (30, 41), (12, 28), (24, 35), (5, 29), (1, 34), (37, 48), (14, 47), (9, 36), (35, 37), (13, 44), (51, 57), (49, 58), (47, 59), (45, 46), (11, 42), (33, 56), (41, 51), (36, 40), (40, 50), (12, 32), (45, 67), (9, 25), (17, 69), (34, 70), (1, 55), (10, 72), (70, 72), (63, 74), (65, 75), (38, 44), (11, 77), (68, 78), (48, 54), (23, 43), (32, 81), (39, 82), (53, 83), (32, 62), (19, 65), (3, 62), (86, 87), (4, 42), (40, 89), (49, 90), (78, 90), (0, 50), (4, 20), (68, 94), (5, 21), (43, 96), (64, 97), (94, 96), (59, 99), (57, 99), (2, 17), (55, 102), (46, 102), (25, 104), (74, 104), (2, 85), (10, 107), (61, 108), (53, 81), (40, 82), (61, 86), (54, 97), (66, 69), (52, 114), (76, 114), (16, 66), (32, 117), (63, 118))
((19, 27), (4, 20), (5, 29), (7, 15), (11, 32), (12, 28), (35, 36), (18, 26), (23, 31), (0, 35), (9, 39), (3, 36), (10, 26), (8, 41), (15, 31), (1, 45), (5, 21), (9, 25), (39, 40), (12, 35), (19, 50), (43, 52), (27, 46), (2, 38), (2, 17), (3, 54), (20, 28), (1, 42), (10, 59), (44, 57), (17, 49), (13, 21), (54, 58), (45, 62), (44, 56), (11, 64), (16, 45), (14, 63), (25, 66), (4, 32), (52, 61), (46, 68), (33, 48), (59, 62), (10, 55), (66, 75), (41, 73), (61, 76), (24, 68), (42, 56), (6, 22), (14, 82), (40, 71), (67, 84), (40, 80), (13, 58), (51, 57), (37, 84), (22, 30), (23, 90), (34, 87), (34, 83), (35, 86), (0, 80), (74, 87), (50, 78), (67, 88), (49, 86), (35, 91), (47, 99), (30, 83), (48, 90), (82, 100), (46, 102), (33, 88), (16, 94), (37, 92), (69, 102), (75, 97), (93, 103), (69, 103), (74, 108), (63, 108), (91, 105), (99, 110), (104, 105), (78, 107), (40, 100))
((7, 15), (0, 32), (8, 33), (16, 34), (18, 26), (15, 31), (27, 37), (6, 22), (23, 31), (14, 39), (19, 27), (22, 30), (20, 28), (3, 38), (10, 26), (13, 21), (30, 41), (12, 28), (24, 35), (5, 29), (1, 34), (37, 48), (14, 47), (9, 36), (35, 37), (13, 44), (51, 57), (49, 58), (47, 59), (45, 46), (11, 42), (33, 56), (41, 51), (36, 40), (40, 50), (12, 32), (45, 67), (9, 25), (17, 69), (34, 70), (66, 69), (52, 72), (1, 55), (10, 74), (70, 74), (63, 76), (65, 77), (38, 44), (11, 79), (68, 80), (16, 66), (32, 82), (63, 83), (48, 54), (23, 43), (53, 86), (32, 86), (39, 88), (53, 89), (40, 88), (32, 62), (19, 65), (61, 93), (3, 62), (93, 95), (4, 42), (40, 97), (49, 98), (80, 98), (72, 78), (0, 50), (4, 20), (68, 103), (5, 21), (43, 105), (64, 106), (54, 106), (103, 105), (59, 109), (57, 109), (2, 17), (55, 112), (46, 112), (25, 114), (76, 114), (2, 92), (10, 117), (61, 118))
((5, 13), (7, 23), (19, 33), (3, 27), (9, 25), (15, 23), (8, 37), (16, 38), (33, 39), (7, 31), (6, 32), (18, 26), (15, 31), (0, 44), (1, 36), (40, 45), (14, 30), (42, 48), (17, 46), (4, 28), (20, 51), (12, 52), (4, 12), (17, 25), (38, 47), (2, 18), (21, 32), (6, 22), (34, 43), (55, 56), (13, 29), (14, 22), (51, 58), (10, 26), (29, 58), (49, 66), (24, 40), (11, 19), (35, 41), (60, 70), (62, 63), (67, 72), (42, 72), (53, 62), (69, 71), (28, 70), (53, 77), (56, 68), (23, 63), (41, 80), (44, 65), (71, 82), (52, 69), (64, 75), (49, 59), (5, 54), (66, 87), (75, 87), (37, 84), (44, 59), (80, 91), (24, 41), (56, 93), (45, 46), (94, 95), (3, 34), (54, 97), (90, 98), (77, 98), (57, 97), (76, 101), (35, 102), (82, 102), (36, 43), (9, 39), (50, 106), (2, 55), (65, 108), (48, 81), (37, 110), (91, 110), (105, 108), (50, 109), (57, 114), (105, 114), (44, 61), (106, 117), (96, 117))
((18, 26), (19, 27), (5, 29), (4, 20), (10, 26), (9, 25), (17, 37), (22, 30), (9, 32), (6, 22), (4, 33), (20, 28), (11, 33), (13, 43), (13, 21), (3, 44), (1, 40), (34, 45), (38, 48), (7, 15), (15, 31), (2, 17), (14, 46), (36, 53), (50, 55), (40, 53), (10, 48), (5, 21), (23, 31), (35, 59), (32, 60), (45, 61), (19, 62), (42, 60), (14, 41), (12, 28), (27, 52), (30, 66), (65, 67), (44, 51), (25, 55), (12, 51), (54, 69), (49, 67), (34, 66), (43, 68), (2, 71), (39, 59), (10, 78), (47, 64), (61, 75), (46, 75), (0, 51), (52, 69), (54, 79), (76, 79), (3, 68), (73, 88), (11, 77), (89, 90), (35, 89), (8, 84), (1, 93), (36, 88), (16, 93), (64, 95), (65, 90), (23, 39), (24, 96), (60, 100), (51, 99), (41, 102), (52, 96), (85, 99), (0, 100), (37, 101), (94, 107), (16, 101), (38, 93), (60, 102), (80, 95), (84, 104), (85, 103), (51, 109), (50, 113), (62, 116), (113, 115), (107, 117))
((7, 15), (0, 32), (8, 33), (16, 34), (18, 26), (15, 31), (27, 37), (6, 22), (23, 31), (14, 39), (19, 27), (22, 30), (20, 28), (3, 38), (10, 26), (13, 21), (30, 41), (12, 28), (24, 35), (5, 29), (1, 34), (37, 48), (14, 47), (9, 36), (35, 37), (13, 44), (51, 57), (49, 58), (47, 59), (45, 46), (11, 42), (33, 56), (41, 51), (36, 40), (40, 50), (12, 32), (45, 67), (9, 25), (17, 69), (34, 70), (66, 69), (52, 72), (1, 55), (10, 74), (70, 74), (63, 76), (65, 77), (38, 44), (11, 79), (68, 80), (16, 66), (32, 82), (63, 83), (48, 54), (23, 43), (53, 86), (32, 86), (39, 88), (53, 89), (40, 88), (32, 62), (19, 65), (61, 93), (3, 62), (93, 95), (4, 42), (40, 97), (49, 98), (80, 98), (72, 78), (0, 50), (4, 20), (68, 103), (2, 17), (55, 105), (46, 105), (25, 107), (76, 107), (2, 92), (10, 110), (61, 111), (5, 21), (103, 113), (59, 114), (57, 114), (43, 113), (64, 117), (54, 117))
((7, 15), (0, 32), (8, 33), (16, 34), (18, 26), (15, 31), (27, 37), (6, 22), (23, 31), (14, 39), (19, 27), (22, 30), (20, 28), (3, 38), (10, 26), (13, 21), (30, 41), (12, 28), (24, 35), (5, 29), (1, 34), (37, 48), (14, 47), (9, 36), (35, 37), (13, 44), (51, 57), (49, 58), (45, 46), (11, 42), (33, 56), (36, 40), (40, 50), (12, 32), (45, 65), (9, 25), (17, 67), (64, 67), (1, 55), (68, 70), (62, 71), (38, 44), (11, 73), (23, 43), (32, 75), (32, 61), (19, 63), (3, 61), (4, 42), (40, 80), (4, 20), (5, 21), (43, 83), (82, 83), (2, 17), (2, 77), (46, 86), (16, 32), (34, 68), (10, 70), (63, 72), (10, 87), (0, 50), (64, 89), (62, 95), (55, 86), (25, 88), (40, 76), (71, 88), (66, 74), (54, 84), (52, 69), (47, 59), (69, 92), (53, 75), (48, 54), (60, 78), (78, 79), (39, 76), (53, 110), (41, 51), (84, 112), (60, 93), (59, 85), (74, 81), (49, 81), (57, 85), (66, 82))
((23, 31), (27, 32), (15, 23), (2, 18), (17, 35), (11, 33), (12, 28), (20, 38), (7, 31), (9, 36), (1, 41), (0, 24), (21, 29), (32, 43), (14, 44), (19, 33), (20, 47), (16, 34), (8, 49), (10, 19), (6, 30), (4, 28), (34, 37), (53, 54), (18, 54), (51, 56), (35, 40), (42, 58), (13, 53), (18, 26), (57, 58), (13, 29), (10, 36), (4, 39), (31, 52), (26, 41), (47, 58), (48, 55), (6, 22), (32, 70), (38, 44), (0, 50), (45, 73), (40, 74), (60, 72), (43, 59), (14, 22), (15, 78), (71, 79), (61, 64), (42, 81), (25, 81), (8, 45), (5, 21), (60, 85), (65, 86), (72, 87), (63, 87), (70, 85), (43, 49), (46, 90), (34, 40), (73, 93), (79, 93), (66, 93), (71, 96), (1, 25), (17, 98), (64, 99), (50, 99), (16, 98), (74, 102), (77, 103), (3, 37), (61, 105), (68, 106), (27, 105), (57, 108), (93, 108), (39, 110), (55, 111), (48, 65), (46, 52), (63, 114), (78, 115), (90, 115), (9, 103), (50, 118))
((7, 15), (0, 32), (8, 33), (16, 34), (18, 26), (15, 31), (27, 37), (6, 22), (23, 31), (14, 39), (19, 27), (22, 30), (20, 28), (3, 38), (10, 26), (13, 21), (30, 41), (12, 28), (24, 35), (5, 29), (9, 36), (35, 37), (13, 44), (51, 54), (45, 46), (11, 42), (33, 53), (36, 40), (40, 50), (12, 32), (9, 25), (17, 62), (1, 52), (63, 64), (38, 44), (23, 43), (32, 67), (32, 57), (4, 42), (4, 20), (5, 21), (2, 17), (46, 73), (49, 55), (37, 48), (71, 72), (10, 69), (11, 66), (16, 60), (60, 62), (14, 47), (34, 81), (19, 59), (45, 61), (3, 57), (40, 70), (1, 83), (0, 50), (40, 68), (34, 63), (10, 64), (2, 78), (52, 73), (32, 80), (58, 95), (84, 86), (65, 74), (56, 93), (75, 77), (79, 87), (49, 87), (71, 85), (47, 75), (54, 77), (67, 76), (48, 82), (79, 85), (39, 68), (76, 109), (41, 51), (43, 72), (82, 112), (111, 112), (59, 65), (58, 115), (81, 116), (25, 74), (56, 84))
((7, 15), (0, 32), (8, 33), (16, 34), (18, 26), (15, 31), (27, 37), (6, 22), (23, 31), (14, 39), (19, 27), (22, 30), (20, 28), (3, 38), (10, 26), (13, 21), (30, 41), (12, 28), (24, 35), (5, 29), (1, 34), (37, 48), (14, 47), (9, 36), (35, 37), (13, 44), (51, 57), (49, 58), (47, 59), (45, 46), (11, 42), (33, 56), (41, 51), (36, 40), (40, 50), (12, 32), (45, 67), (9, 25), (17, 69), (34, 70), (66, 69), (52, 72), (1, 55), (10, 74), (70, 74), (63, 76), (65, 77), (38, 44), (11, 79), (68, 80), (16, 66), (32, 82), (63, 83), (48, 54), (23, 43), (53, 86), (32, 86), (39, 88), (53, 89), (40, 88), (32, 62), (19, 65), (61, 93), (3, 62), (93, 95), (4, 42), (40, 97), (49, 98), (80, 98), (72, 78), (0, 50), (4, 20), (68, 103), (5, 21), (103, 105), (59, 106), (57, 106), (43, 105), (64, 109), (54, 109), (10, 92), (2, 112), (61, 113), (2, 17), (55, 115), (46, 115), (76, 117), (25, 117))
((7, 15), (0, 32), (8, 33), (16, 34), (18, 26), (15, 31), (27, 37), (6, 22), (23, 31), (14, 39), (19, 27), (22, 30), (20, 28), (3, 38), (10, 26), (13, 21), (30, 41), (12, 28), (24, 35), (5, 29), (1, 34), (37, 48), (14, 47), (9, 36), (35, 37), (13, 44), (51, 57), (49, 58), (47, 59), (45, 46), (11, 42), (33, 56), (41, 51), (36, 40), (40, 50), (12, 32), (45, 67), (9, 25), (17, 69), (66, 69), (52, 71), (1, 55), (70, 73), (63, 74), (65, 75), (38, 44), (11, 77), (68, 78), (16, 66), (32, 80), (63, 81), (48, 54), (23, 43), (53, 84), (32, 84), (39, 86), (53, 87), (40, 86), (32, 62), (19, 65), (61, 91), (3, 62), (91, 93), (4, 42), (40, 95), (78, 96), (71, 76), (0, 50), (4, 20), (68, 100), (5, 21), (43, 102), (64, 103), (54, 103), (100, 102), (59, 106), (57, 106), (2, 17), (46, 109), (74, 110), (2, 90), (10, 112), (61, 113), (10, 73), (55, 109), (34, 70), (49, 96), (25, 110))
((7, 15), (0, 32), (8, 33), (16, 34), (18, 26), (15, 31), (27, 37), (6, 22), (23, 31), (14, 39), (19, 27), (22, 30), (20, 28), (3, 38), (10, 26), (13, 21), (30, 41), (12, 28), (24, 35), (5, 29), (1, 34), (37, 48), (14, 47), (9, 36), (35, 37), (13, 44), (51, 57), (49, 58), (47, 59), (45, 46), (11, 42), (33, 56), (41, 51), (36, 40), (40, 50), (12, 32), (45, 67), (9, 25), (17, 69), (34, 70), (66, 69), (52, 72), (1, 55), (10, 74), (70, 74), (63, 76), (65, 77), (38, 44), (11, 79), (68, 80), (16, 66), (32, 82), (63, 83), (48, 54), (23, 43), (53, 86), (32, 86), (39, 88), (53, 89), (40, 88), (32, 62), (19, 65), (61, 93), (3, 62), (93, 95), (4, 42), (40, 97), (49, 98), (80, 98), (72, 78), (0, 50), (4, 20), (68, 103), (5, 21), (43, 105), (54, 106), (64, 106), (103, 105), (59, 109), (57, 109), (2, 17), (55, 112), (46, 112), (25, 114), (76, 114), (2, 92), (10, 117), (61, 118))
((7, 15), (0, 32), (8, 33), (16, 34), (18, 26), (15, 31), (27, 37), (6, 22), (23, 31), (14, 39), (19, 27), (22, 30), (20, 28), (3, 38), (10, 26), (13, 21), (30, 41), (12, 28), (24, 35), (5, 29), (1, 34), (37, 48), (14, 47), (9, 36), (35, 37), (13, 44), (51, 57), (49, 58), (47, 59), (45, 46), (11, 42), (33, 56), (41, 51), (36, 40), (40, 50), (12, 32), (45, 67), (9, 25), (17, 69), (34, 70), (66, 69), (52, 72), (1, 55), (10, 74), (70, 74), (63, 76), (65, 77), (38, 44), (11, 79), (68, 80), (16, 66), (32, 82), (63, 83), (48, 54), (23, 43), (53, 86), (32, 86), (39, 88), (53, 89), (40, 88), (32, 62), (19, 65), (61, 93), (3, 62), (93, 95), (4, 42), (40, 97), (49, 98), (80, 98), (72, 78), (0, 50), (4, 20), (68, 103), (5, 21), (103, 105), (59, 106), (57, 106), (43, 105), (54, 109), (64, 109), (2, 17), (55, 112), (46, 112), (25, 114), (76, 114), (10, 92), (2, 117), (61, 118))
((7, 15), (0, 32), (8, 33), (16, 34), (18, 26), (15, 31), (27, 37), (6, 22), (23, 31), (14, 39), (19, 27), (22, 30), (20, 28), (3, 38), (10, 26), (13, 21), (30, 41), (12, 28), (24, 35), (5, 29), (1, 34), (37, 48), (14, 47), (9, 36), (35, 37), (13, 44), (51, 57), (45, 46), (11, 42), (33, 56), (41, 51), (36, 40), (40, 50), (12, 32), (45, 65), (9, 25), (17, 67), (34, 68), (64, 67), (52, 70), (1, 55), (10, 72), (68, 72), (61, 74), (63, 75), (38, 44), (11, 77), (66, 78), (16, 64), (32, 80), (61, 81), (48, 54), (23, 43), (53, 84), (32, 84), (39, 86), (53, 87), (40, 86), (32, 60), (19, 63), (59, 91), (3, 60), (91, 93), (4, 42), (0, 50), (70, 76), (4, 20), (66, 98), (5, 21), (43, 100), (54, 101), (62, 101), (98, 100), (57, 104), (40, 95), (78, 106), (49, 106), (49, 58), (47, 109), (104, 109), (2, 17), (55, 112), (2, 90), (10, 114), (59, 115), (46, 112), (25, 117), (74, 117))
((5, 21), (15, 31), (23, 31), (9, 25), (19, 34), (1, 25), (3, 27), (16, 34), (4, 28), (33, 38), (24, 39), (10, 26), (7, 33), (23, 44), (1, 17), (5, 13), (8, 24), (13, 29), (6, 22), (4, 20), (12, 41), (27, 36), (11, 53), (3, 54), (34, 55), (45, 56), (29, 40), (14, 47), (52, 55), (0, 34), (45, 48), (45, 54), (0, 33), (33, 48), (37, 65), (39, 62), (42, 64), (62, 68), (32, 58), (51, 57), (60, 71), (47, 51), (2, 10), (22, 30), (59, 75), (58, 73), (49, 70), (32, 76), (48, 61), (44, 75), (12, 40), (20, 82), (60, 83), (70, 83), (73, 85), (17, 42), (66, 87), (35, 87), (46, 89), (61, 67), (89, 91), (66, 92), (34, 50), (81, 94), (49, 50), (79, 96), (59, 96), (18, 37), (74, 99), (35, 43), (99, 101), (46, 100), (101, 103), (41, 43), (18, 26), (103, 106), (36, 106), (105, 108), (56, 108), (6, 14), (79, 111), (63, 74), (105, 113), (53, 82), (71, 115), (7, 111), (94, 117), (45, 117))
((0, 24), (15, 31), (32, 33), (2, 10), (7, 31), (26, 35), (15, 23), (11, 27), (33, 39), (10, 18), (5, 13), (3, 39), (11, 19), (38, 44), (30, 42), (17, 25), (1, 8), (14, 22), (9, 25), (41, 50), (35, 40), (36, 52), (18, 37), (16, 38), (12, 28), (6, 22), (4, 12), (3, 36), (38, 54), (23, 49), (5, 21), (56, 62), (57, 62), (46, 64), (20, 28), (8, 34), (38, 67), (17, 36), (32, 69), (1, 9), (40, 56), (41, 45), (43, 73), (21, 29), (14, 75), (64, 76), (48, 55), (47, 78), (37, 47), (59, 60), (73, 81), (53, 81), (33, 57), (61, 84), (32, 55), (13, 58), (75, 87), (63, 87), (19, 53), (29, 66), (42, 91), (63, 91), (4, 45), (66, 94), (72, 94), (70, 71), (51, 80), (36, 61), (46, 49), (2, 71), (54, 101), (51, 101), (0, 67), (50, 104), (78, 105), (70, 105), (16, 104), (36, 108), (34, 109), (20, 27), (59, 111), (72, 112), (58, 112), (6, 30), (76, 115), (7, 115), (84, 117), (38, 117))
((7, 15), (0, 32), (8, 33), (16, 34), (18, 26), (15, 31), (27, 37), (23, 31), (19, 27), (22, 30), (20, 28), (3, 38), (10, 26), (9, 36), (9, 25), (38, 42), (5, 21), (24, 35), (39, 49), (1, 45), (36, 39), (39, 40), (4, 20), (17, 46), (2, 17), (11, 40), (13, 21), (23, 41), (43, 44), (12, 28), (2, 10), (41, 48), (6, 22), (14, 64), (30, 65), (11, 47), (32, 43), (37, 66), (59, 69), (14, 58), (63, 71), (46, 50), (13, 42), (32, 59), (4, 53), (67, 76), (16, 50), (32, 78), (61, 76), (3, 57), (66, 71), (1, 73), (34, 83), (0, 49), (10, 51), (45, 56), (44, 56), (25, 88), (5, 29), (74, 90), (48, 54), (74, 92), (35, 37), (64, 75), (69, 95), (12, 68), (67, 97), (54, 97), (33, 94), (39, 75), (34, 55), (79, 100), (65, 90), (63, 104), (61, 91), (58, 106), (92, 106), (32, 57), (62, 109), (60, 110), (51, 55), (88, 112), (52, 112), (100, 114), (73, 115), (19, 52), (60, 117), (81, 117))
((5, 13), (7, 23), (19, 33), (3, 27), (9, 25), (15, 23), (8, 37), (16, 38), (33, 39), (7, 31), (6, 32), (18, 26), (15, 31), (0, 44), (1, 36), (40, 45), (14, 30), (42, 48), (17, 46), (4, 28), (20, 51), (12, 52), (4, 12), (17, 25), (38, 47), (2, 18), (21, 32), (6, 22), (34, 43), (55, 56), (13, 29), (14, 22), (51, 58), (10, 26), (24, 40), (11, 19), (35, 41), (60, 68), (62, 63), (42, 70), (53, 62), (67, 69), (28, 68), (53, 74), (23, 63), (41, 76), (44, 65), (52, 67), (64, 72), (5, 54), (72, 81), (37, 79), (44, 59), (76, 84), (24, 41), (56, 86), (45, 46), (3, 34), (57, 89), (73, 90), (35, 91), (78, 91), (36, 43), (9, 39), (50, 95), (69, 78), (56, 66), (87, 88), (49, 59), (54, 89), (83, 101), (74, 101), (29, 58), (49, 104), (70, 105), (81, 104), (44, 61), (95, 108), (99, 108), (48, 77), (37, 111), (84, 111), (2, 55), (94, 114), (65, 114), (50, 116), (57, 117), (94, 117))
((23, 31), (20, 28), (7, 15), (4, 20), (13, 21), (5, 21), (10, 26), (9, 25), (13, 33), (6, 22), (22, 30), (2, 17), (5, 29), (23, 42), (17, 39), (12, 34), (14, 41), (19, 27), (12, 28), (35, 37), (15, 31), (18, 26), (27, 52), (37, 42), (14, 36), (4, 49), (32, 57), (0, 34), (40, 51), (3, 54), (32, 53), (8, 59), (46, 63), (33, 54), (34, 45), (11, 49), (3, 67), (34, 67), (50, 58), (41, 66), (55, 56), (30, 48), (38, 61), (38, 43), (32, 66), (9, 53), (56, 73), (47, 61), (19, 62), (16, 63), (35, 79), (1, 77), (68, 80), (1, 63), (10, 83), (44, 48), (2, 69), (74, 80), (52, 73), (43, 77), (55, 87), (10, 88), (25, 75), (40, 44), (24, 81), (52, 81), (59, 97), (45, 90), (50, 95), (46, 83), (32, 96), (39, 102), (74, 93), (0, 96), (16, 102), (75, 101), (11, 65), (79, 108), (85, 103), (36, 100), (51, 100), (71, 90), (58, 108), (98, 101), (62, 115), (103, 116), (34, 106), (98, 118))
((7, 15), (0, 32), (8, 33), (16, 34), (18, 26), (15, 31), (27, 37), (6, 22), (23, 31), (14, 39), (19, 27), (22, 30), (20, 28), (3, 38), (10, 26), (13, 21), (30, 41), (12, 28), (24, 35), (5, 29), (9, 36), (35, 37), (13, 44), (51, 54), (11, 42), (33, 53), (36, 40), (40, 50), (12, 32), (9, 25), (17, 61), (59, 61), (1, 52), (62, 64), (57, 65), (38, 44), (16, 59), (23, 43), (32, 69), (32, 56), (19, 58), (4, 42), (4, 20), (5, 21), (2, 17), (2, 71), (11, 67), (58, 66), (63, 79), (45, 46), (72, 81), (37, 48), (69, 83), (41, 51), (49, 55), (32, 68), (39, 70), (83, 88), (40, 73), (49, 90), (34, 63), (0, 50), (1, 92), (10, 64), (10, 77), (34, 62), (40, 70), (52, 76), (57, 87), (81, 96), (46, 76), (25, 102), (65, 102), (45, 60), (74, 105), (78, 105), (74, 75), (54, 108), (86, 108), (43, 75), (85, 111), (56, 72), (3, 113), (78, 90), (47, 86), (14, 47), (111, 117), (48, 117))
((7, 23), (15, 23), (16, 24), (32, 34), (8, 35), (17, 35), (33, 36), (16, 38), (20, 28), (10, 18), (4, 20), (3, 19), (27, 43), (9, 25), (5, 13), (13, 29), (1, 25), (12, 42), (17, 45), (6, 22), (1, 50), (7, 31), (27, 53), (39, 53), (48, 55), (11, 19), (32, 43), (22, 30), (42, 46), (21, 40), (2, 18), (58, 62), (26, 48), (41, 64), (60, 61), (52, 62), (40, 58), (0, 33), (11, 44), (47, 51), (15, 59), (53, 72), (14, 46), (5, 21), (32, 51), (72, 76), (57, 63), (59, 74), (75, 79), (71, 80), (12, 57), (37, 53), (45, 65), (56, 83), (34, 69), (55, 69), (64, 67), (67, 84), (52, 83), (35, 87), (71, 74), (2, 26), (65, 93), (54, 93), (78, 95), (70, 95), (6, 14), (80, 98), (31, 98), (76, 100), (33, 100), (3, 49), (54, 103), (68, 104), (36, 86), (50, 106), (56, 107), (33, 82), (68, 109), (28, 49), (109, 111), (47, 61), (75, 113), (111, 113), (60, 115), (41, 44), (33, 117), (78, 118))
((4, 12), (5, 13), (2, 18), (11, 19), (6, 22), (14, 22), (7, 23), (15, 23), (9, 25), (17, 25), (18, 26), (10, 26), (3, 27), (4, 28), (13, 29), (14, 30), (7, 31), (15, 31), (6, 33), (21, 33), (19, 38), (3, 52), (1, 40), (8, 39), (16, 55), (38, 56), (9, 56), (24, 57), (44, 48), (24, 48), (42, 52), (40, 42), (0, 49), (57, 64), (17, 54), (54, 64), (55, 65), (47, 50), (20, 45), (12, 70), (5, 32), (2, 41), (41, 68), (45, 51), (29, 51), (36, 69), (36, 49), (49, 74), (46, 71), (37, 46), (23, 37), (43, 49), (69, 76), (59, 68), (35, 70), (60, 62), (28, 60), (35, 87), (81, 84), (50, 81), (75, 80), (71, 88), (48, 82), (47, 94), (83, 87), (39, 86), (72, 76), (72, 80), (78, 82), (61, 68), (67, 101), (32, 53), (34, 53), (97, 103), (88, 103), (89, 104), (44, 107), (83, 107), (58, 66), (43, 73), (63, 73), (66, 111), (39, 95), (78, 95), (34, 113), (63, 113), (79, 102), (58, 79))
((7, 15), (0, 32), (8, 33), (16, 34), (18, 26), (15, 31), (27, 37), (6, 22), (23, 31), (14, 39), (19, 27), (22, 30), (20, 28), (3, 38), (10, 26), (13, 21), (30, 41), (12, 28), (24, 35), (5, 29), (1, 34), (37, 48), (14, 47), (9, 36), (35, 37), (13, 44), (51, 57), (49, 58), (47, 59), (45, 46), (11, 42), (33, 56), (41, 51), (36, 40), (40, 50), (12, 32), (45, 67), (9, 25), (17, 69), (34, 70), (66, 69), (52, 72), (1, 55), (10, 74), (70, 74), (63, 76), (65, 77), (38, 44), (11, 79), (68, 80), (16, 66), (32, 82), (63, 83), (48, 54), (23, 43), (53, 86), (32, 86), (39, 88), (53, 89), (40, 88), (32, 62), (19, 65), (61, 93), (3, 62), (93, 95), (4, 42), (40, 97), (49, 98), (80, 98), (72, 78), (0, 50), (4, 20), (68, 103), (5, 21), (43, 105), (64, 106), (54, 106), (103, 105), (59, 109), (57, 109), (2, 17), (55, 112), (46, 112), (25, 114), (76, 114), (2, 92), (10, 117), (61, 118))
((7, 23), (15, 23), (16, 24), (32, 34), (8, 35), (17, 35), (33, 36), (16, 38), (20, 28), (10, 18), (4, 20), (3, 19), (27, 43), (9, 25), (5, 13), (13, 29), (1, 25), (12, 42), (17, 45), (6, 22), (1, 50), (7, 31), (27, 53), (39, 53), (48, 55), (11, 19), (32, 43), (22, 30), (42, 46), (21, 40), (2, 18), (58, 62), (26, 48), (41, 64), (60, 61), (52, 62), (40, 58), (0, 33), (11, 44), (47, 51), (15, 59), (53, 72), (14, 46), (5, 21), (32, 51), (72, 76), (57, 63), (59, 74), (75, 79), (71, 80), (12, 57), (37, 53), (56, 83), (52, 83), (47, 61), (75, 86), (64, 67), (3, 49), (54, 89), (68, 90), (2, 26), (54, 92), (70, 93), (78, 93), (71, 74), (45, 65), (67, 97), (6, 14), (80, 99), (31, 99), (65, 92), (55, 69), (34, 69), (76, 101), (33, 101), (35, 103), (33, 41), (44, 108), (78, 109), (36, 104), (50, 111), (56, 112), (33, 82), (68, 114), (28, 49), (86, 116), (60, 117), (114, 116))
((7, 15), (0, 32), (8, 33), (16, 34), (18, 26), (15, 31), (27, 37), (6, 22), (23, 31), (14, 39), (19, 27), (22, 30), (20, 28), (3, 38), (10, 26), (13, 21), (30, 41), (12, 28), (24, 35), (5, 29), (1, 34), (37, 48), (14, 47), (9, 36), (35, 37), (13, 44), (51, 57), (49, 58), (47, 59), (45, 46), (11, 42), (33, 56), (41, 51), (36, 40), (40, 50), (12, 32), (45, 67), (9, 25), (17, 69), (34, 70), (66, 69), (52, 72), (1, 55), (10, 74), (70, 74), (63, 76), (65, 77), (38, 44), (11, 79), (68, 80), (16, 66), (32, 82), (63, 83), (48, 54), (23, 43), (53, 86), (32, 86), (39, 88), (53, 89), (40, 88), (32, 62), (19, 65), (61, 93), (3, 62), (93, 95), (4, 42), (40, 97), (49, 98), (80, 98), (72, 78), (0, 50), (4, 20), (68, 103), (5, 21), (43, 105), (64, 106), (54, 106), (103, 105), (59, 109), (57, 109), (2, 10), (92, 112), (61, 113), (2, 17), (55, 115), (46, 115), (25, 117), (76, 117))
((5, 13), (7, 23), (19, 33), (3, 27), (9, 25), (15, 23), (8, 37), (16, 38), (33, 39), (7, 31), (6, 32), (18, 26), (15, 31), (0, 44), (1, 36), (40, 45), (14, 30), (42, 48), (17, 46), (4, 28), (20, 51), (12, 52), (4, 12), (17, 25), (38, 47), (2, 18), (21, 32), (6, 22), (34, 43), (55, 56), (13, 29), (14, 22), (51, 58), (10, 26), (29, 58), (11, 19), (35, 41), (60, 68), (62, 63), (53, 62), (28, 68), (23, 63), (41, 73), (44, 65), (52, 67), (5, 54), (37, 76), (44, 59), (3, 34), (54, 80), (57, 80), (36, 43), (9, 39), (2, 55), (65, 85), (50, 86), (44, 61), (41, 56), (24, 89), (50, 84), (71, 77), (67, 69), (53, 72), (69, 75), (73, 79), (84, 88), (49, 66), (70, 98), (48, 74), (79, 100), (82, 93), (35, 102), (75, 102), (57, 87), (66, 77), (72, 81), (83, 87), (24, 40), (37, 100), (49, 59), (46, 90), (45, 112), (88, 113), (42, 70), (78, 81), (56, 109), (83, 85), (64, 71))
((7, 15), (0, 32), (8, 33), (16, 34), (18, 26), (15, 31), (27, 37), (6, 22), (23, 31), (14, 39), (19, 27), (22, 30), (20, 28), (3, 38), (10, 26), (13, 21), (30, 41), (12, 28), (24, 35), (5, 29), (1, 34), (37, 48), (14, 47), (9, 36), (35, 37), (13, 44), (51, 57), (49, 58), (47, 59), (45, 46), (11, 42), (33, 56), (41, 51), (36, 40), (40, 50), (12, 32), (45, 67), (9, 25), (17, 69), (34, 70), (66, 69), (52, 72), (1, 55), (10, 74), (70, 74), (63, 76), (65, 77), (38, 44), (11, 79), (68, 80), (16, 66), (32, 82), (63, 83), (48, 54), (23, 43), (53, 86), (32, 86), (39, 88), (53, 89), (40, 88), (32, 62), (19, 65), (61, 93), (3, 62), (93, 95), (4, 42), (40, 97), (49, 98), (80, 98), (72, 78), (0, 50), (4, 20), (68, 103), (5, 21), (43, 105), (64, 106), (54, 106), (103, 105), (59, 109), (57, 109), (2, 17), (55, 112), (46, 112), (25, 114), (76, 114), (2, 92), (10, 117), (61, 118))
((7, 15), (15, 31), (23, 31), (5, 21), (22, 30), (9, 25), (0, 32), (18, 26), (9, 39), (4, 20), (6, 22), (8, 38), (19, 27), (10, 26), (11, 44), (32, 46), (20, 28), (2, 17), (40, 49), (16, 43), (24, 51), (23, 36), (1, 40), (4, 44), (17, 37), (12, 32), (13, 48), (2, 47), (33, 51), (3, 46), (12, 28), (14, 42), (54, 56), (27, 33), (38, 60), (45, 49), (13, 21), (3, 65), (32, 53), (34, 55), (34, 39), (0, 52), (43, 56), (10, 59), (34, 70), (45, 69), (19, 72), (64, 67), (30, 63), (5, 29), (57, 69), (34, 52), (48, 65), (58, 81), (61, 78), (11, 84), (1, 43), (16, 83), (42, 70), (62, 71), (62, 85), (82, 87), (63, 81), (32, 89), (10, 54), (14, 68), (35, 36), (75, 77), (33, 80), (94, 98), (71, 87), (35, 41), (64, 66), (72, 104), (92, 103), (66, 95), (68, 92), (58, 103), (90, 100), (80, 97), (37, 83), (77, 78), (25, 67), (97, 98), (53, 100), (41, 82), (88, 112), (105, 112))
((7, 23), (15, 23), (16, 24), (32, 34), (8, 35), (17, 35), (33, 36), (16, 38), (20, 28), (10, 18), (4, 20), (3, 19), (27, 43), (9, 25), (5, 13), (13, 29), (1, 25), (12, 42), (17, 45), (6, 22), (1, 50), (7, 31), (27, 53), (39, 53), (48, 55), (11, 19), (32, 43), (22, 30), (42, 46), (21, 40), (2, 18), (58, 62), (26, 48), (41, 64), (60, 61), (52, 62), (40, 58), (0, 33), (11, 44), (47, 51), (15, 59), (53, 72), (14, 46), (5, 21), (32, 51), (72, 76), (57, 63), (59, 74), (75, 79), (71, 80), (12, 57), (45, 65), (34, 69), (64, 67), (55, 69), (35, 86), (67, 83), (71, 74), (37, 53), (56, 90), (52, 90), (2, 26), (65, 93), (54, 93), (78, 95), (70, 95), (6, 14), (80, 98), (31, 98), (76, 100), (33, 100), (3, 49), (54, 103), (68, 104), (33, 82), (68, 106), (28, 49), (106, 108), (47, 61), (75, 110), (108, 110), (60, 112), (36, 84), (50, 114), (56, 115), (33, 44), (41, 117), (78, 118))
((7, 15), (0, 32), (8, 33), (16, 34), (18, 26), (15, 31), (27, 37), (23, 31), (19, 27), (22, 30), (20, 28), (3, 38), (10, 26), (12, 32), (9, 25), (38, 42), (4, 40), (5, 21), (36, 39), (2, 10), (32, 51), (9, 36), (6, 22), (35, 37), (33, 55), (50, 56), (11, 47), (24, 35), (0, 59), (23, 41), (39, 59), (12, 28), (43, 45), (58, 64), (17, 46), (34, 66), (43, 44), (2, 17), (53, 69), (41, 49), (1, 34), (1, 53), (10, 73), (66, 73), (57, 75), (13, 21), (14, 77), (71, 78), (32, 62), (16, 80), (39, 48), (58, 82), (63, 82), (44, 69), (25, 85), (75, 85), (11, 40), (52, 88), (46, 62), (72, 90), (76, 90), (4, 20), (64, 93), (49, 93), (19, 50), (68, 96), (88, 96), (3, 98), (5, 29), (14, 54), (100, 101), (71, 102), (30, 101), (78, 104), (68, 89), (56, 81), (13, 42), (95, 108), (100, 108), (32, 61), (39, 111), (54, 111), (63, 110), (77, 114), (95, 114), (37, 104), (61, 117), (113, 117))
((12, 28), (20, 28), (23, 31), (13, 21), (15, 31), (5, 29), (27, 36), (7, 15), (4, 20), (14, 35), (11, 38), (6, 22), (4, 34), (0, 39), (10, 26), (2, 17), (18, 26), (19, 27), (22, 30), (12, 39), (34, 48), (3, 38), (14, 43), (9, 25), (17, 55), (5, 21), (13, 33), (50, 57), (37, 54), (30, 54), (37, 58), (11, 49), (44, 49), (9, 48), (1, 65), (46, 47), (2, 39), (8, 45), (16, 69), (36, 70), (19, 52), (41, 61), (36, 61), (45, 71), (41, 59), (40, 57), (32, 62), (33, 42), (24, 70), (1, 69), (34, 80), (47, 65), (16, 82), (39, 84), (23, 50), (10, 66), (10, 63), (3, 72), (32, 64), (25, 67), (35, 78), (68, 88), (39, 86), (58, 77), (43, 94), (56, 69), (59, 60), (34, 94), (0, 80), (46, 53), (56, 66), (67, 102), (72, 101), (74, 96), (64, 79), (51, 53), (40, 107), (63, 89), (74, 86), (93, 101), (75, 102), (55, 82), (79, 107), (77, 78), (75, 85), (81, 113), (52, 112), (113, 118))
((3, 19), (7, 31), (0, 8), (7, 23), (34, 35), (24, 36), (15, 23), (33, 37), (2, 18), (1, 17), (27, 32), (32, 35), (11, 42), (6, 22), (11, 19), (16, 33), (12, 20), (13, 29), (45, 49), (40, 43), (4, 28), (22, 30), (9, 36), (38, 54), (34, 47), (1, 9), (26, 57), (35, 45), (10, 18), (58, 60), (40, 41), (58, 62), (15, 53), (46, 51), (17, 25), (6, 14), (10, 66), (62, 68), (2, 26), (68, 70), (21, 52), (12, 28), (43, 73), (49, 73), (72, 75), (55, 66), (5, 48), (75, 78), (33, 64), (31, 67), (38, 81), (59, 81), (5, 13), (72, 84), (14, 84), (50, 86), (53, 86), (0, 38), (39, 89), (41, 90), (55, 91), (3, 4), (20, 38), (46, 94), (52, 95), (74, 95), (25, 37), (56, 98), (57, 99), (91, 99), (59, 64), (21, 29), (78, 103), (30, 103), (67, 105), (50, 105), (27, 33), (93, 108), (74, 109), (48, 109), (70, 108), (65, 112), (44, 112), (47, 90), (36, 115), (38, 42), (60, 117), (65, 118))
((7, 15), (0, 32), (8, 33), (16, 34), (18, 26), (15, 31), (27, 37), (6, 22), (23, 31), (14, 39), (19, 27), (22, 30), (20, 28), (3, 38), (10, 26), (13, 21), (30, 41), (12, 28), (24, 35), (5, 29), (1, 34), (37, 48), (14, 47), (9, 36), (35, 37), (13, 44), (51, 57), (49, 58), (47, 59), (45, 46), (11, 42), (33, 56), (41, 51), (36, 40), (40, 50), (12, 32), (45, 67), (9, 25), (17, 69), (34, 70), (66, 69), (52, 72), (1, 55), (10, 74), (70, 74), (63, 76), (65, 77), (38, 44), (11, 79), (68, 80), (16, 66), (32, 82), (63, 83), (48, 54), (23, 43), (53, 86), (32, 86), (39, 88), (53, 89), (40, 88), (32, 62), (19, 65), (61, 93), (3, 62), (93, 95), (4, 42), (40, 97), (49, 98), (80, 98), (72, 78), (0, 50), (4, 20), (68, 103), (5, 21), (43, 105), (54, 106), (64, 106), (103, 105), (57, 109), (59, 109), (2, 92), (10, 112), (61, 113), (2, 17), (55, 115), (46, 115), (25, 117), (76, 117))
((7, 15), (0, 32), (8, 33), (16, 34), (18, 26), (15, 31), (27, 37), (6, 22), (23, 31), (14, 39), (19, 27), (22, 30), (20, 28), (3, 38), (10, 26), (13, 21), (30, 41), (12, 28), (24, 35), (5, 29), (1, 34), (37, 48), (14, 47), (9, 36), (35, 37), (13, 44), (51, 57), (49, 58), (47, 59), (45, 46), (11, 42), (33, 56), (41, 51), (36, 40), (40, 50), (12, 32), (45, 67), (9, 25), (17, 69), (34, 70), (66, 69), (52, 72), (1, 55), (10, 74), (70, 74), (63, 76), (65, 77), (38, 44), (11, 79), (68, 80), (16, 66), (32, 82), (63, 83), (48, 54), (23, 43), (53, 86), (32, 86), (39, 88), (53, 89), (40, 88), (32, 62), (19, 65), (61, 93), (3, 62), (93, 95), (4, 42), (40, 97), (49, 98), (80, 98), (72, 78), (0, 50), (4, 20), (68, 103), (5, 21), (43, 105), (64, 106), (54, 106), (103, 105), (59, 109), (57, 109), (2, 17), (55, 112), (46, 112), (25, 114), (76, 114), (2, 92), (10, 117), (61, 118))
((0, 24), (15, 31), (32, 33), (2, 10), (7, 31), (26, 35), (15, 23), (11, 27), (33, 39), (10, 18), (11, 19), (38, 42), (1, 8), (9, 25), (35, 40), (18, 37), (12, 28), (6, 22), (3, 36), (38, 47), (5, 21), (8, 34), (17, 36), (0, 53), (20, 27), (6, 30), (38, 53), (1, 9), (45, 55), (21, 29), (50, 56), (4, 43), (40, 48), (62, 64), (63, 64), (49, 52), (17, 25), (37, 68), (7, 57), (38, 70), (14, 61), (57, 72), (14, 22), (23, 74), (36, 75), (67, 72), (32, 54), (60, 78), (59, 78), (33, 49), (70, 81), (75, 81), (2, 59), (47, 84), (16, 38), (32, 86), (44, 86), (68, 88), (60, 88), (4, 12), (62, 91), (36, 55), (16, 93), (34, 94), (36, 46), (19, 96), (13, 91), (61, 98), (50, 51), (96, 100), (41, 43), (100, 102), (20, 28), (63, 104), (48, 52), (98, 106), (41, 45), (69, 108), (84, 108), (29, 104), (106, 111), (5, 13), (111, 113), (30, 113), (74, 115), (67, 115), (3, 102), (39, 118))
((5, 13), (7, 23), (19, 33), (3, 27), (9, 25), (15, 23), (8, 37), (16, 38), (33, 39), (7, 31), (6, 32), (18, 26), (15, 31), (0, 44), (1, 36), (40, 45), (14, 30), (42, 48), (17, 46), (4, 28), (20, 51), (12, 52), (4, 12), (17, 25), (38, 47), (2, 18), (21, 32), (6, 22), (34, 43), (55, 56), (13, 29), (14, 22), (51, 58), (10, 26), (29, 58), (49, 66), (24, 40), (11, 19), (35, 41), (60, 70), (62, 63), (67, 72), (42, 72), (53, 62), (69, 71), (28, 70), (53, 77), (56, 68), (23, 63), (41, 80), (44, 65), (71, 82), (52, 69), (64, 75), (49, 59), (5, 54), (66, 87), (75, 87), (37, 84), (44, 59), (80, 91), (24, 41), (56, 93), (45, 46), (94, 95), (3, 34), (54, 97), (90, 98), (77, 98), (57, 97), (76, 101), (35, 102), (82, 102), (36, 43), (9, 39), (50, 106), (2, 55), (105, 108), (65, 108), (44, 61), (106, 111), (96, 111), (50, 110), (57, 114), (105, 114), (48, 81), (37, 117), (91, 117))
((7, 15), (0, 32), (8, 33), (16, 34), (18, 26), (15, 31), (27, 37), (6, 22), (23, 31), (14, 39), (19, 27), (22, 30), (20, 28), (3, 38), (10, 26), (13, 21), (30, 41), (12, 28), (24, 35), (5, 29), (1, 34), (37, 48), (14, 47), (9, 36), (35, 37), (13, 44), (51, 57), (49, 58), (47, 59), (45, 46), (11, 42), (33, 56), (41, 51), (36, 40), (40, 50), (12, 32), (45, 67), (9, 25), (17, 69), (34, 70), (66, 69), (52, 72), (1, 55), (10, 74), (70, 74), (63, 76), (65, 77), (38, 44), (11, 79), (68, 80), (16, 66), (32, 82), (63, 83), (48, 54), (23, 43), (53, 86), (32, 86), (39, 88), (53, 89), (40, 88), (32, 62), (19, 65), (61, 93), (3, 62), (93, 95), (4, 42), (40, 97), (49, 98), (80, 98), (72, 78), (0, 50), (4, 20), (68, 103), (5, 21), (43, 105), (64, 106), (54, 106), (103, 105), (59, 109), (57, 109), (2, 17), (55, 112), (46, 112), (25, 114), (76, 114), (2, 92), (10, 117), (61, 118))
((7, 15), (0, 32), (8, 33), (16, 34), (18, 26), (15, 31), (27, 37), (6, 22), (23, 31), (14, 39), (19, 27), (22, 30), (20, 28), (3, 38), (10, 26), (13, 21), (30, 41), (12, 28), (24, 35), (5, 29), (1, 34), (37, 48), (14, 47), (9, 36), (35, 37), (13, 44), (51, 57), (49, 58), (47, 59), (45, 46), (11, 42), (33, 56), (41, 51), (36, 40), (40, 50), (12, 32), (45, 67), (9, 25), (17, 69), (34, 70), (66, 69), (52, 72), (1, 55), (10, 74), (70, 74), (63, 76), (65, 77), (38, 44), (11, 79), (68, 80), (16, 66), (32, 82), (63, 83), (48, 54), (23, 43), (53, 86), (32, 86), (39, 88), (53, 89), (40, 88), (32, 62), (19, 65), (61, 93), (3, 62), (93, 95), (4, 42), (40, 97), (49, 98), (80, 98), (72, 78), (0, 50), (4, 20), (68, 103), (5, 21), (43, 105), (64, 106), (54, 106), (103, 105), (59, 109), (57, 109), (10, 92), (2, 112), (61, 113), (2, 17), (55, 115), (46, 115), (25, 117), (76, 117))
((12, 28), (4, 20), (5, 29), (10, 26), (20, 28), (22, 30), (19, 27), (13, 36), (18, 26), (7, 15), (23, 31), (40, 42), (9, 40), (0, 41), (5, 21), (2, 17), (15, 31), (27, 48), (3, 49), (23, 37), (13, 21), (35, 47), (12, 41), (36, 49), (19, 43), (9, 25), (1, 44), (17, 57), (6, 22), (37, 46), (41, 51), (8, 45), (34, 39), (10, 58), (33, 46), (11, 38), (38, 42), (41, 67), (14, 52), (2, 69), (39, 66), (16, 63), (3, 67), (11, 55), (10, 71), (59, 63), (60, 62), (25, 53), (24, 73), (14, 60), (61, 70), (0, 80), (50, 54), (30, 81), (48, 73), (1, 63), (44, 47), (4, 68), (32, 64), (52, 90), (75, 84), (70, 85), (48, 85), (34, 81), (61, 95), (51, 94), (56, 74), (66, 90), (58, 59), (32, 89), (53, 100), (42, 62), (35, 50), (78, 94), (56, 104), (76, 104), (75, 89), (42, 80), (16, 109), (33, 84), (57, 109), (41, 110), (87, 112), (45, 86), (100, 115), (113, 115), (43, 116), (112, 118))
((7, 15), (0, 32), (8, 33), (16, 34), (18, 26), (15, 31), (27, 37), (6, 22), (23, 31), (14, 39), (19, 27), (22, 30), (20, 28), (3, 38), (10, 26), (13, 21), (30, 41), (12, 28), (24, 35), (5, 29), (1, 34), (37, 48), (14, 47), (9, 36), (0, 50), (35, 37), (13, 44), (51, 58), (49, 59), (47, 60), (45, 46), (11, 42), (33, 57), (41, 51), (36, 40), (40, 50), (12, 32), (45, 68), (9, 25), (17, 70), (34, 71), (67, 70), (52, 73), (1, 55), (10, 75), (71, 75), (64, 77), (66, 78), (38, 44), (11, 80), (73, 79), (69, 81), (16, 67), (32, 84), (64, 85), (48, 54), (23, 43), (53, 88), (32, 88), (39, 90), (53, 91), (40, 90), (19, 66), (62, 94), (3, 63), (94, 96), (4, 42), (40, 98), (49, 99), (81, 99), (4, 20), (69, 102), (5, 21), (43, 104), (32, 63), (65, 105), (54, 105), (102, 104), (60, 109), (58, 109), (2, 17), (55, 112), (46, 112), (25, 114), (77, 114), (2, 106), (10, 117), (62, 118))
((7, 15), (0, 32), (8, 33), (16, 34), (18, 26), (15, 31), (27, 37), (6, 22), (23, 31), (14, 39), (19, 27), (22, 30), (20, 28), (3, 38), (10, 26), (13, 21), (30, 41), (12, 28), (24, 35), (5, 29), (1, 34), (37, 48), (14, 47), (9, 36), (35, 37), (13, 44), (51, 57), (49, 58), (47, 59), (45, 46), (11, 42), (33, 56), (41, 51), (36, 40), (40, 50), (12, 32), (45, 67), (9, 25), (17, 69), (34, 70), (66, 69), (52, 72), (1, 55), (10, 74), (70, 74), (63, 76), (65, 77), (38, 44), (11, 79), (68, 80), (16, 66), (32, 82), (63, 83), (48, 54), (23, 43), (53, 86), (32, 86), (39, 88), (53, 89), (40, 88), (32, 62), (19, 65), (61, 93), (3, 62), (93, 95), (4, 42), (40, 97), (49, 98), (80, 98), (72, 78), (0, 50), (4, 20), (68, 103), (5, 21), (43, 105), (64, 106), (54, 106), (103, 105), (59, 109), (57, 109), (2, 17), (55, 112), (46, 112), (25, 114), (76, 114), (2, 92), (10, 117), (61, 118))
((7, 15), (0, 32), (8, 33), (16, 34), (18, 26), (15, 31), (27, 37), (6, 22), (23, 31), (14, 39), (19, 27), (22, 30), (20, 28), (3, 38), (10, 26), (13, 21), (30, 41), (12, 28), (24, 35), (5, 29), (1, 34), (37, 48), (14, 47), (9, 36), (35, 37), (13, 44), (51, 57), (49, 58), (47, 59), (45, 46), (11, 42), (33, 56), (41, 51), (36, 40), (40, 50), (12, 32), (45, 67), (9, 25), (17, 69), (34, 70), (66, 69), (52, 72), (1, 55), (10, 74), (70, 74), (63, 76), (65, 77), (38, 44), (11, 79), (68, 80), (16, 66), (32, 82), (63, 83), (48, 54), (23, 43), (53, 86), (32, 86), (39, 88), (53, 89), (40, 88), (32, 62), (19, 65), (61, 93), (3, 62), (93, 95), (4, 42), (40, 97), (49, 98), (80, 98), (72, 78), (0, 50), (4, 20), (68, 103), (5, 21), (43, 105), (64, 106), (54, 106), (2, 17), (55, 109), (2, 10), (92, 111), (61, 112), (46, 109), (25, 114), (76, 114), (103, 105), (59, 117), (57, 117))
((7, 15), (0, 32), (8, 33), (16, 34), (18, 26), (15, 31), (27, 37), (6, 22), (23, 31), (14, 39), (19, 27), (22, 30), (20, 28), (3, 38), (10, 26), (13, 21), (24, 35), (9, 36), (11, 42), (36, 40), (40, 48), (12, 32), (9, 25), (17, 54), (1, 49), (55, 56), (38, 44), (32, 50), (19, 51), (4, 42), (5, 21), (23, 43), (12, 28), (4, 20), (34, 55), (2, 17), (49, 67), (35, 37), (40, 61), (33, 69), (30, 41), (43, 62), (37, 72), (13, 44), (63, 74), (32, 63), (39, 77), (74, 78), (3, 60), (2, 10), (59, 81), (57, 71), (52, 54), (1, 34), (84, 85), (45, 46), (60, 87), (50, 80), (51, 83), (64, 70), (5, 29), (41, 92), (73, 93), (75, 92), (10, 56), (40, 77), (84, 90), (0, 48), (82, 87), (46, 67), (25, 101), (57, 101), (14, 47), (72, 104), (73, 104), (62, 65), (75, 107), (64, 95), (47, 109), (107, 109), (11, 58), (70, 112), (45, 53), (65, 114), (112, 114), (16, 52), (32, 117), (71, 118))
((23, 31), (27, 32), (15, 23), (2, 18), (17, 35), (11, 33), (12, 28), (20, 38), (7, 31), (9, 36), (0, 24), (21, 29), (32, 42), (19, 33), (16, 34), (8, 46), (10, 19), (4, 28), (34, 37), (18, 50), (13, 49), (18, 26), (10, 36), (4, 39), (6, 22), (0, 47), (1, 25), (16, 58), (13, 29), (35, 40), (44, 57), (1, 41), (61, 63), (5, 21), (38, 43), (3, 37), (27, 67), (26, 41), (53, 67), (42, 46), (42, 64), (6, 30), (31, 73), (32, 56), (8, 44), (52, 66), (17, 58), (47, 78), (48, 51), (61, 80), (68, 80), (49, 50), (59, 62), (72, 84), (53, 54), (63, 86), (25, 86), (56, 65), (45, 61), (70, 90), (40, 62), (9, 84), (47, 93), (14, 22), (54, 78), (52, 65), (14, 43), (73, 98), (89, 98), (60, 99), (89, 101), (95, 101), (20, 45), (83, 104), (55, 104), (34, 40), (57, 107), (74, 107), (75, 109), (55, 97), (60, 111), (66, 111), (15, 95), (107, 114), (75, 114), (39, 107), (68, 117), (83, 118))
((7, 15), (0, 32), (8, 33), (16, 34), (24, 35), (0, 36), (9, 25), (17, 38), (34, 39), (18, 26), (9, 41), (1, 42), (10, 43), (19, 27), (11, 45), (32, 46), (2, 47), (10, 48), (12, 32), (15, 31), (27, 51), (3, 52), (50, 53), (20, 28), (52, 55), (11, 56), (54, 57), (12, 28), (5, 29), (13, 55), (60, 61), (59, 62), (4, 20), (5, 21), (64, 65), (63, 66), (22, 30), (65, 68), (13, 21), (14, 70), (69, 71), (6, 22), (14, 73), (30, 74), (51, 75), (23, 68), (76, 77), (35, 51), (33, 79), (23, 31), (36, 81), (16, 82), (32, 83), (80, 84), (39, 43), (80, 86), (41, 81), (87, 88), (2, 17), (42, 90), (19, 88), (10, 26), (53, 93), (92, 94), (4, 45), (81, 96), (57, 97), (63, 70), (71, 75), (32, 77), (73, 101), (76, 102), (1, 34), (38, 82), (104, 105), (90, 93), (25, 107), (3, 46), (92, 109), (59, 97), (60, 74), (69, 112), (81, 101), (89, 105), (86, 107), (49, 94), (54, 64), (61, 66))
((7, 15), (0, 32), (8, 33), (16, 34), (18, 26), (15, 31), (27, 37), (6, 22), (23, 31), (14, 39), (19, 27), (22, 30), (20, 28), (3, 38), (10, 26), (13, 21), (30, 41), (12, 28), (24, 35), (5, 29), (37, 48), (14, 47), (9, 36), (35, 37), (13, 44), (51, 56), (49, 57), (47, 58), (45, 46), (11, 42), (33, 55), (41, 51), (36, 40), (40, 50), (12, 32), (45, 66), (9, 25), (17, 68), (65, 68), (1, 54), (69, 71), (38, 44), (11, 73), (67, 74), (23, 43), (52, 76), (32, 76), (39, 78), (40, 78), (32, 61), (19, 64), (60, 82), (4, 42), (40, 84), (49, 85), (74, 85), (0, 50), (4, 20), (67, 89), (5, 21), (2, 17), (52, 79), (54, 92), (48, 53), (43, 91), (53, 96), (63, 96), (89, 91), (58, 99), (56, 99), (2, 81), (10, 102), (60, 103), (46, 92), (72, 105), (3, 82), (62, 64), (72, 108), (70, 109), (34, 70), (1, 111), (16, 65), (32, 113), (61, 107), (62, 114), (34, 69), (10, 71), (25, 105))
((7, 15), (0, 32), (8, 33), (16, 34), (18, 26), (15, 31), (27, 37), (6, 22), (23, 31), (14, 39), (19, 27), (22, 30), (20, 28), (3, 38), (10, 26), (13, 21), (30, 41), (12, 28), (24, 35), (5, 29), (1, 34), (37, 48), (14, 47), (9, 36), (35, 37), (13, 44), (51, 57), (49, 58), (47, 59), (45, 46), (11, 42), (33, 56), (41, 51), (36, 40), (40, 50), (12, 32), (45, 67), (9, 25), (17, 69), (34, 70), (66, 69), (52, 72), (1, 55), (10, 74), (70, 74), (63, 76), (65, 77), (38, 44), (11, 79), (68, 80), (16, 66), (32, 82), (63, 83), (48, 54), (23, 43), (53, 86), (32, 86), (39, 88), (53, 89), (40, 88), (32, 62), (19, 65), (61, 93), (3, 62), (93, 95), (4, 42), (40, 97), (49, 98), (80, 98), (72, 78), (0, 50), (4, 20), (68, 103), (5, 21), (43, 105), (64, 106), (54, 106), (103, 105), (59, 109), (57, 109), (2, 17), (55, 112), (46, 112), (25, 114), (76, 114), (2, 92), (10, 117), (61, 118))
((7, 15), (6, 22), (15, 31), (14, 33), (11, 27), (34, 36), (9, 17), (19, 27), (37, 39), (23, 31), (3, 32), (22, 30), (23, 43), (2, 10), (32, 44), (18, 26), (4, 20), (2, 17), (8, 32), (0, 50), (34, 51), (3, 36), (16, 52), (8, 54), (12, 28), (42, 45), (53, 57), (16, 24), (30, 35), (20, 42), (9, 47), (1, 62), (10, 63), (41, 47), (53, 65), (51, 55), (5, 21), (48, 68), (13, 21), (14, 70), (25, 38), (51, 72), (63, 72), (4, 12), (38, 59), (55, 76), (1, 77), (10, 26), (49, 79), (74, 80), (25, 80), (40, 41), (33, 46), (19, 58), (43, 68), (71, 86), (50, 59), (40, 79), (66, 89), (57, 89), (29, 75), (69, 92), (70, 92), (11, 61), (56, 95), (56, 94), (69, 97), (28, 83), (48, 99), (34, 60), (37, 75), (99, 102), (95, 102), (41, 52), (88, 105), (67, 106), (84, 101), (41, 46), (49, 62), (44, 101), (60, 71), (65, 74), (67, 113), (76, 113), (5, 29), (35, 116), (86, 117), (97, 116))
((7, 15), (0, 32), (8, 33), (16, 34), (18, 26), (15, 31), (27, 37), (6, 22), (23, 31), (14, 39), (19, 27), (22, 30), (20, 28), (3, 38), (10, 26), (13, 21), (30, 41), (12, 28), (24, 35), (5, 29), (1, 34), (37, 48), (14, 47), (9, 36), (35, 37), (13, 44), (51, 57), (49, 58), (47, 59), (45, 46), (11, 42), (33, 56), (41, 51), (36, 40), (40, 50), (12, 32), (45, 67), (9, 25), (17, 69), (34, 70), (66, 69), (52, 72), (1, 55), (10, 74), (70, 74), (63, 76), (65, 77), (38, 44), (11, 79), (68, 80), (16, 66), (32, 82), (63, 83), (48, 54), (23, 43), (53, 86), (32, 86), (39, 88), (53, 89), (40, 88), (32, 62), (19, 65), (61, 93), (3, 62), (93, 95), (4, 42), (0, 50), (72, 78), (40, 97), (80, 100), (49, 100), (2, 92), (10, 103), (61, 104), (2, 17), (55, 106), (46, 106), (25, 108), (76, 108), (4, 20), (68, 111), (5, 21), (43, 113), (64, 114), (54, 114), (111, 113), (59, 117), (57, 117))
((7, 15), (0, 32), (8, 33), (16, 34), (18, 26), (15, 31), (27, 37), (6, 22), (23, 31), (14, 39), (19, 27), (22, 30), (20, 28), (3, 38), (10, 26), (13, 21), (30, 41), (12, 28), (24, 35), (5, 29), (1, 34), (37, 48), (14, 47), (9, 36), (35, 37), (13, 44), (51, 57), (49, 58), (47, 59), (45, 46), (11, 42), (33, 56), (41, 51), (36, 40), (40, 50), (12, 32), (45, 67), (9, 25), (17, 69), (34, 70), (66, 69), (52, 72), (1, 55), (10, 74), (70, 74), (63, 76), (65, 77), (38, 44), (11, 79), (68, 80), (16, 66), (32, 82), (63, 83), (48, 54), (23, 43), (53, 86), (32, 86), (39, 88), (53, 89), (40, 88), (32, 62), (19, 65), (61, 93), (72, 78), (0, 50), (4, 20), (68, 97), (2, 10), (92, 99), (61, 100), (3, 62), (93, 102), (2, 17), (55, 104), (46, 104), (76, 106), (25, 106), (5, 21), (97, 109), (59, 110), (57, 110), (43, 109), (64, 113), (54, 113), (40, 42), (4, 116), (80, 117), (49, 117))
((23, 31), (27, 32), (15, 23), (2, 18), (17, 35), (11, 33), (12, 28), (20, 38), (7, 31), (9, 36), (1, 41), (0, 24), (21, 29), (32, 43), (14, 44), (19, 33), (20, 47), (16, 34), (8, 49), (10, 19), (6, 30), (4, 28), (34, 37), (53, 54), (18, 54), (51, 56), (35, 40), (42, 58), (13, 53), (18, 26), (57, 58), (13, 29), (10, 36), (4, 39), (31, 52), (47, 58), (48, 55), (6, 22), (32, 69), (38, 44), (0, 50), (45, 72), (40, 73), (60, 71), (43, 59), (14, 22), (15, 77), (70, 78), (61, 64), (42, 80), (25, 80), (5, 21), (60, 83), (65, 84), (71, 85), (63, 85), (69, 83), (46, 88), (34, 40), (72, 90), (78, 90), (66, 90), (70, 93), (1, 25), (17, 95), (64, 96), (16, 95), (73, 98), (76, 99), (3, 37), (61, 101), (67, 102), (27, 101), (57, 104), (90, 104), (39, 106), (55, 107), (48, 65), (46, 52), (63, 110), (77, 111), (88, 111), (9, 99), (50, 114), (26, 41), (43, 49), (8, 45), (50, 96))
((7, 15), (0, 32), (8, 33), (16, 34), (18, 26), (15, 31), (27, 37), (6, 22), (23, 31), (14, 39), (19, 27), (22, 30), (20, 28), (3, 38), (10, 26), (13, 21), (30, 41), (12, 28), (24, 35), (5, 29), (1, 34), (37, 48), (14, 47), (9, 36), (35, 37), (13, 44), (51, 57), (49, 58), (47, 59), (45, 46), (11, 42), (33, 56), (41, 51), (36, 40), (40, 50), (12, 32), (45, 67), (9, 25), (17, 69), (34, 70), (66, 69), (52, 72), (1, 55), (10, 74), (70, 74), (63, 76), (65, 77), (38, 44), (11, 79), (68, 80), (16, 66), (32, 82), (63, 83), (48, 54), (23, 43), (53, 86), (32, 86), (39, 88), (53, 89), (40, 88), (32, 62), (19, 65), (61, 93), (3, 62), (93, 95), (4, 42), (40, 97), (49, 98), (80, 98), (72, 78), (0, 50), (4, 20), (68, 103), (5, 21), (43, 105), (64, 106), (54, 106), (103, 105), (59, 109), (57, 109), (2, 17), (55, 112), (46, 112), (25, 114), (76, 114), (2, 92), (10, 117), (61, 118))
((5, 21), (15, 31), (23, 31), (9, 25), (19, 34), (1, 25), (3, 27), (16, 34), (4, 28), (29, 40), (12, 40), (33, 38), (24, 39), (17, 44), (22, 30), (2, 10), (6, 14), (7, 48), (10, 26), (7, 33), (23, 51), (20, 42), (1, 17), (5, 13), (8, 24), (33, 56), (13, 29), (6, 22), (4, 20), (0, 34), (56, 61), (52, 56), (55, 60), (35, 50), (12, 43), (34, 59), (14, 55), (46, 68), (32, 69), (48, 70), (27, 36), (11, 72), (3, 73), (34, 74), (52, 75), (49, 67), (46, 51), (67, 78), (41, 64), (42, 72), (18, 26), (36, 82), (75, 83), (43, 50), (83, 85), (35, 45), (37, 57), (45, 88), (54, 87), (49, 52), (60, 76), (81, 92), (33, 44), (0, 94), (63, 95), (47, 73), (52, 97), (39, 63), (85, 98), (18, 37), (65, 101), (47, 101), (54, 103), (65, 104), (82, 104), (66, 74), (53, 107), (92, 107), (87, 99), (61, 110), (88, 111), (32, 41), (53, 113), (64, 114), (58, 113), (58, 59), (70, 117), (68, 117))
((5, 21), (15, 31), (23, 31), (9, 25), (19, 34), (1, 25), (3, 27), (16, 34), (4, 28), (29, 40), (32, 41), (12, 40), (33, 38), (24, 39), (17, 45), (22, 30), (35, 46), (2, 10), (6, 14), (7, 50), (10, 26), (7, 33), (23, 53), (49, 54), (20, 43), (1, 17), (5, 13), (8, 24), (33, 59), (13, 29), (42, 61), (42, 56), (6, 22), (61, 64), (4, 20), (0, 34), (54, 59), (39, 68), (58, 66), (41, 70), (35, 52), (63, 70), (12, 44), (51, 54), (18, 37), (49, 76), (48, 57), (47, 53), (72, 76), (34, 64), (79, 81), (44, 52), (57, 77), (72, 84), (18, 26), (84, 86), (36, 86), (83, 88), (14, 58), (47, 90), (32, 91), (50, 92), (65, 92), (27, 36), (43, 95), (11, 95), (3, 97), (74, 98), (56, 99), (34, 98), (88, 101), (54, 101), (66, 103), (96, 104), (99, 104), (51, 81), (37, 60), (46, 108), (0, 33), (45, 110), (68, 111), (65, 90), (55, 97), (83, 114), (67, 69), (48, 116), (108, 117), (59, 67))
((7, 15), (0, 32), (8, 33), (16, 34), (18, 26), (15, 31), (27, 37), (6, 22), (23, 31), (14, 39), (19, 27), (22, 30), (20, 28), (3, 38), (10, 26), (13, 21), (30, 41), (12, 28), (24, 35), (5, 29), (1, 34), (37, 48), (14, 47), (9, 36), (35, 37), (13, 44), (51, 57), (49, 58), (47, 59), (45, 46), (11, 42), (33, 56), (41, 51), (36, 40), (40, 50), (12, 32), (45, 67), (9, 25), (17, 69), (34, 70), (66, 69), (52, 72), (1, 55), (10, 74), (70, 74), (63, 76), (65, 77), (38, 44), (11, 79), (68, 80), (16, 66), (32, 82), (63, 83), (48, 54), (23, 43), (53, 86), (32, 86), (39, 88), (53, 89), (40, 88), (32, 62), (19, 65), (61, 93), (3, 62), (93, 95), (4, 42), (40, 97), (49, 98), (80, 98), (72, 78), (0, 50), (4, 20), (68, 103), (2, 92), (10, 105), (61, 106), (2, 17), (55, 108), (46, 108), (25, 110), (76, 110), (5, 21), (103, 113), (57, 114), (59, 114), (43, 113), (54, 117), (64, 117))
((7, 15), (0, 32), (8, 33), (16, 34), (18, 26), (15, 31), (27, 37), (6, 22), (23, 31), (14, 39), (19, 27), (22, 30), (20, 28), (3, 38), (10, 26), (13, 21), (30, 41), (12, 28), (24, 35), (5, 29), (1, 34), (37, 48), (14, 47), (9, 36), (35, 37), (13, 44), (51, 57), (49, 58), (47, 59), (45, 46), (11, 42), (33, 56), (41, 51), (36, 40), (40, 50), (12, 32), (45, 67), (9, 25), (17, 69), (34, 70), (66, 69), (52, 72), (1, 55), (10, 74), (70, 74), (63, 76), (65, 77), (38, 44), (11, 79), (68, 80), (16, 66), (32, 82), (63, 83), (48, 54), (23, 43), (53, 86), (32, 86), (39, 88), (53, 89), (40, 88), (32, 62), (19, 65), (61, 93), (3, 62), (93, 95), (4, 42), (40, 97), (49, 98), (80, 98), (72, 78), (0, 50), (4, 20), (68, 103), (5, 21), (43, 105), (64, 106), (54, 106), (103, 105), (59, 109), (57, 109), (2, 17), (55, 112), (46, 112), (25, 114), (76, 114), (10, 92), (2, 117), (61, 118))
((7, 15), (0, 32), (8, 33), (16, 34), (18, 26), (15, 31), (27, 37), (6, 22), (23, 31), (14, 39), (19, 27), (22, 30), (20, 28), (3, 38), (10, 26), (13, 21), (30, 41), (12, 28), (24, 35), (5, 29), (9, 36), (35, 37), (13, 44), (51, 54), (11, 42), (33, 53), (36, 40), (40, 50), (12, 32), (9, 25), (17, 61), (1, 52), (38, 44), (16, 59), (32, 65), (23, 43), (32, 67), (39, 68), (4, 42), (4, 20), (5, 21), (2, 17), (46, 73), (49, 55), (43, 72), (1, 34), (57, 58), (37, 48), (67, 79), (47, 75), (45, 46), (10, 63), (62, 63), (14, 47), (40, 70), (0, 50), (49, 86), (76, 85), (45, 60), (25, 74), (19, 58), (82, 92), (32, 56), (71, 72), (75, 95), (11, 64), (86, 97), (40, 68), (41, 51), (2, 10), (94, 101), (82, 102), (59, 61), (57, 66), (78, 84), (104, 106), (3, 56), (54, 95), (48, 85), (69, 79), (90, 97), (76, 100), (92, 108), (74, 84), (77, 104), (34, 62), (71, 90), (52, 73))
((6, 14), (2, 26), (7, 23), (15, 23), (16, 24), (5, 13), (22, 30), (20, 28), (9, 25), (34, 36), (8, 41), (17, 41), (35, 42), (16, 44), (10, 18), (4, 20), (3, 19), (27, 48), (7, 31), (13, 29), (1, 25), (26, 52), (12, 47), (17, 40), (6, 22), (1, 55), (27, 50), (45, 50), (52, 59), (11, 19), (34, 48), (37, 47), (21, 39), (2, 18), (62, 65), (46, 53), (63, 64), (57, 65), (39, 62), (0, 35), (35, 61), (11, 49), (51, 56), (15, 38), (50, 75), (14, 37), (5, 21), (34, 56), (75, 79), (61, 66), (38, 77), (78, 82), (74, 83), (43, 50), (60, 85), (57, 85), (51, 64), (78, 88), (53, 69), (3, 54), (58, 91), (70, 92), (33, 58), (73, 94), (81, 94), (74, 77), (40, 67), (69, 98), (32, 83), (31, 32), (33, 67), (59, 71), (36, 71), (79, 101), (35, 101), (41, 103), (35, 46), (49, 108), (81, 109), (42, 104), (55, 111), (60, 112), (12, 72), (70, 114), (28, 54), (88, 116), (63, 117), (114, 116))
((7, 15), (0, 32), (8, 33), (16, 34), (18, 26), (15, 31), (27, 37), (6, 22), (23, 31), (14, 39), (19, 27), (22, 30), (20, 28), (3, 38), (10, 26), (13, 21), (30, 41), (12, 28), (24, 35), (5, 29), (1, 34), (37, 48), (14, 47), (9, 36), (35, 37), (13, 44), (51, 57), (49, 58), (47, 59), (45, 46), (11, 42), (33, 56), (41, 51), (36, 40), (40, 50), (12, 32), (45, 67), (9, 25), (17, 69), (34, 70), (66, 69), (52, 72), (1, 55), (10, 74), (70, 74), (63, 76), (65, 77), (38, 44), (11, 79), (68, 80), (16, 66), (32, 82), (63, 83), (48, 54), (23, 43), (53, 86), (32, 86), (39, 88), (53, 89), (40, 88), (32, 62), (19, 65), (61, 93), (3, 62), (93, 95), (4, 42), (40, 97), (49, 98), (80, 98), (72, 78), (0, 50), (4, 20), (68, 103), (5, 21), (43, 105), (64, 106), (54, 106), (103, 105), (59, 109), (57, 109), (2, 17), (55, 112), (46, 112), (25, 114), (76, 114), (2, 92), (10, 117), (61, 118))
((5, 13), (7, 23), (19, 33), (3, 27), (9, 25), (15, 23), (8, 37), (16, 38), (33, 39), (7, 31), (6, 32), (18, 26), (15, 31), (0, 44), (1, 36), (40, 45), (14, 30), (42, 48), (17, 46), (4, 28), (20, 51), (12, 52), (4, 12), (17, 25), (38, 47), (2, 18), (21, 32), (6, 22), (34, 43), (55, 56), (13, 29), (14, 22), (51, 58), (10, 26), (29, 58), (49, 66), (24, 40), (11, 19), (35, 41), (60, 70), (62, 63), (67, 72), (42, 72), (53, 62), (69, 71), (28, 70), (53, 77), (56, 68), (23, 63), (41, 80), (44, 65), (71, 82), (52, 69), (64, 75), (49, 59), (5, 54), (66, 87), (75, 87), (37, 84), (44, 59), (80, 91), (24, 41), (56, 93), (45, 46), (94, 95), (3, 34), (54, 97), (90, 98), (77, 98), (57, 97), (76, 101), (35, 102), (82, 102), (36, 43), (9, 39), (50, 106), (2, 55), (65, 108), (48, 81), (37, 110), (91, 110), (105, 108), (50, 109), (57, 114), (105, 114), (44, 61), (106, 117), (96, 117))
((7, 15), (0, 32), (8, 33), (16, 34), (18, 26), (15, 31), (27, 37), (6, 22), (23, 31), (14, 39), (19, 27), (22, 30), (20, 28), (3, 38), (10, 26), (13, 21), (30, 41), (12, 28), (24, 35), (5, 29), (9, 36), (35, 37), (45, 46), (11, 42), (33, 53), (41, 51), (36, 40), (40, 50), (12, 32), (9, 25), (17, 61), (34, 62), (1, 52), (62, 64), (38, 44), (11, 66), (23, 43), (32, 68), (39, 69), (32, 55), (3, 55), (4, 42), (40, 73), (49, 74), (0, 50), (5, 21), (43, 77), (2, 17), (52, 79), (46, 79), (25, 81), (40, 69), (4, 20), (77, 84), (37, 48), (70, 86), (68, 86), (56, 58), (65, 89), (59, 61), (90, 91), (13, 44), (51, 93), (85, 93), (49, 94), (47, 96), (32, 59), (16, 98), (56, 99), (19, 58), (54, 101), (72, 101), (1, 34), (91, 104), (67, 74), (85, 96), (65, 81), (14, 47), (78, 109), (48, 109), (57, 78), (45, 60), (67, 113), (84, 113), (10, 64), (2, 71), (10, 117), (54, 118))
((7, 15), (0, 32), (8, 33), (16, 34), (18, 26), (15, 31), (27, 37), (6, 22), (23, 31), (14, 39), (19, 27), (22, 30), (20, 28), (3, 38), (10, 26), (13, 21), (30, 41), (12, 28), (24, 35), (5, 29), (1, 34), (37, 48), (14, 47), (9, 36), (35, 37), (13, 44), (51, 57), (49, 58), (47, 59), (45, 46), (11, 42), (33, 56), (41, 51), (36, 40), (40, 50), (12, 32), (45, 67), (9, 25), (17, 69), (34, 70), (66, 69), (52, 72), (1, 55), (10, 74), (70, 74), (63, 76), (65, 77), (38, 44), (11, 79), (68, 80), (16, 66), (32, 82), (63, 83), (48, 54), (23, 43), (53, 86), (32, 86), (39, 88), (53, 89), (40, 88), (32, 62), (19, 65), (61, 93), (3, 62), (93, 95), (4, 42), (40, 97), (49, 98), (80, 98), (72, 78), (0, 50), (4, 20), (68, 103), (5, 21), (43, 105), (64, 106), (54, 106), (103, 105), (59, 109), (57, 109), (2, 17), (55, 112), (46, 112), (25, 114), (76, 114), (2, 92), (10, 117), (61, 118))
((7, 15), (0, 32), (8, 33), (16, 34), (18, 26), (15, 31), (27, 37), (6, 22), (23, 31), (14, 39), (19, 27), (22, 30), (20, 28), (3, 38), (10, 26), (13, 21), (30, 41), (12, 28), (24, 35), (5, 29), (37, 48), (14, 47), (9, 36), (35, 37), (13, 44), (51, 56), (49, 57), (47, 58), (45, 46), (11, 42), (33, 55), (41, 51), (36, 40), (40, 50), (12, 32), (45, 66), (9, 25), (17, 68), (34, 69), (65, 68), (1, 71), (34, 72), (1, 54), (10, 74), (69, 74), (62, 76), (64, 77), (11, 44), (38, 79), (67, 80), (16, 65), (32, 82), (62, 83), (48, 53), (23, 43), (52, 86), (32, 86), (39, 88), (52, 89), (40, 88), (19, 64), (60, 92), (3, 61), (92, 94), (4, 40), (42, 96), (49, 97), (80, 97), (71, 78), (0, 50), (4, 20), (67, 102), (5, 21), (43, 104), (63, 105), (53, 105), (102, 104), (58, 108), (56, 108), (2, 17), (54, 111), (46, 111), (25, 113), (76, 113), (10, 32), (2, 116), (61, 117), (60, 118))
((23, 31), (27, 32), (15, 23), (2, 18), (17, 35), (11, 33), (12, 28), (20, 38), (7, 31), (9, 36), (1, 41), (0, 24), (21, 29), (32, 43), (14, 44), (19, 33), (20, 47), (16, 34), (8, 49), (10, 19), (6, 30), (4, 28), (34, 37), (53, 54), (18, 54), (51, 56), (35, 40), (13, 53), (18, 26), (57, 58), (13, 29), (10, 36), (4, 39), (31, 52), (26, 41), (48, 55), (6, 22), (32, 68), (38, 44), (0, 50), (59, 70), (14, 22), (15, 73), (69, 74), (60, 63), (42, 76), (8, 45), (5, 21), (59, 79), (64, 80), (70, 81), (62, 81), (68, 79), (43, 49), (46, 84), (34, 40), (71, 87), (74, 87), (65, 87), (69, 90), (1, 25), (17, 92), (63, 93), (50, 93), (16, 92), (3, 37), (46, 52), (48, 64), (60, 97), (62, 98), (73, 101), (84, 101), (42, 58), (43, 104), (45, 71), (40, 106), (96, 106), (105, 108), (9, 50), (108, 110), (27, 97), (57, 112), (87, 112), (39, 114), (55, 115), (25, 76), (47, 58), (100, 118))
((5, 21), (15, 31), (23, 31), (9, 25), (19, 34), (1, 25), (3, 27), (16, 34), (4, 28), (29, 40), (33, 38), (24, 39), (17, 43), (10, 26), (7, 33), (23, 46), (5, 13), (8, 24), (33, 49), (6, 22), (4, 20), (47, 49), (12, 42), (18, 37), (34, 51), (27, 36), (11, 57), (3, 58), (34, 59), (47, 60), (14, 48), (0, 33), (43, 63), (0, 34), (1, 17), (6, 14), (49, 65), (7, 67), (56, 69), (47, 69), (12, 40), (57, 72), (20, 72), (52, 61), (73, 75), (54, 59), (74, 77), (75, 77), (18, 26), (42, 45), (36, 80), (81, 82), (60, 82), (2, 10), (55, 85), (22, 30), (62, 87), (46, 87), (56, 89), (32, 41), (53, 64), (39, 53), (74, 91), (32, 88), (67, 95), (47, 58), (85, 97), (81, 98), (35, 45), (55, 100), (66, 86), (100, 102), (80, 102), (35, 44), (66, 105), (48, 52), (94, 107), (41, 107), (13, 29), (91, 110), (51, 110), (62, 112), (95, 112), (93, 105), (65, 115), (37, 50), (44, 117), (116, 117))
((23, 31), (16, 32), (1, 25), (0, 32), (8, 24), (7, 15), (15, 31), (27, 38), (24, 33), (35, 36), (3, 39), (14, 30), (20, 28), (4, 27), (5, 21), (9, 25), (11, 44), (17, 40), (37, 41), (16, 50), (12, 37), (9, 17), (19, 32), (11, 27), (19, 55), (10, 26), (2, 53), (5, 29), (4, 20), (35, 51), (38, 40), (43, 46), (50, 62), (39, 48), (42, 57), (18, 34), (3, 56), (42, 52), (60, 69), (47, 57), (58, 71), (6, 30), (23, 73), (46, 60), (6, 59), (63, 76), (14, 22), (7, 78), (13, 44), (59, 80), (75, 80), (76, 78), (45, 54), (65, 84), (13, 21), (22, 86), (0, 62), (63, 87), (32, 79), (67, 71), (65, 69), (73, 87), (37, 74), (18, 26), (58, 95), (54, 95), (66, 97), (68, 97), (36, 38), (47, 51), (49, 101), (34, 49), (100, 103), (53, 103), (101, 104), (38, 43), (79, 107), (74, 107), (2, 10), (67, 110), (12, 28), (84, 112), (81, 112), (75, 114), (86, 114), (37, 56), (110, 117), (66, 118))
((5, 21), (5, 29), (7, 15), (0, 34), (12, 34), (8, 35), (16, 37), (18, 26), (15, 31), (27, 40), (6, 22), (23, 31), (1, 37), (38, 40), (14, 42), (19, 27), (2, 17), (22, 30), (20, 28), (3, 41), (10, 26), (13, 21), (30, 46), (33, 46), (4, 43), (12, 28), (24, 38), (36, 51), (40, 54), (14, 53), (9, 39), (13, 50), (33, 63), (57, 64), (41, 50), (53, 65), (51, 52), (11, 47), (35, 45), (39, 43), (43, 58), (70, 71), (9, 25), (17, 74), (37, 75), (72, 74), (44, 77), (1, 62), (16, 34), (10, 79), (75, 79), (73, 82), (11, 66), (59, 84), (3, 69), (72, 80), (70, 87), (54, 61), (23, 49), (60, 90), (34, 90), (42, 92), (60, 93), (43, 92), (19, 71), (68, 96), (86, 96), (47, 56), (2, 34), (57, 99), (84, 99), (69, 100), (77, 83), (0, 58), (4, 20), (59, 106), (10, 103), (32, 49), (55, 109), (61, 109), (32, 106), (65, 112), (63, 112), (48, 62), (48, 52), (25, 116), (82, 116), (68, 108))
((7, 15), (0, 32), (8, 33), (16, 34), (18, 26), (15, 31), (27, 37), (6, 22), (23, 31), (14, 39), (19, 27), (22, 30), (20, 28), (3, 38), (10, 26), (13, 21), (30, 41), (12, 28), (24, 35), (5, 29), (1, 34), (37, 48), (14, 47), (9, 36), (35, 37), (13, 44), (51, 57), (49, 58), (47, 59), (45, 46), (11, 42), (33, 56), (41, 51), (36, 40), (40, 50), (12, 32), (45, 67), (9, 25), (17, 69), (34, 70), (66, 69), (52, 72), (1, 55), (10, 74), (70, 74), (63, 76), (65, 77), (38, 44), (11, 79), (68, 80), (16, 66), (32, 82), (63, 83), (48, 54), (23, 43), (53, 86), (32, 86), (39, 88), (53, 89), (40, 88), (32, 62), (19, 65), (61, 93), (3, 62), (93, 95), (4, 42), (40, 97), (49, 98), (80, 98), (72, 78), (0, 50), (4, 20), (68, 103), (5, 21), (43, 105), (54, 106), (64, 106), (103, 105), (59, 109), (57, 109), (2, 10), (92, 112), (61, 113), (2, 17), (55, 115), (46, 115), (25, 117), (76, 117))
((5, 21), (15, 31), (23, 31), (9, 25), (19, 34), (1, 25), (3, 27), (16, 34), (4, 28), (29, 40), (12, 40), (33, 38), (24, 39), (17, 44), (35, 45), (2, 10), (10, 26), (7, 33), (23, 49), (1, 17), (5, 13), (8, 24), (33, 53), (13, 29), (6, 22), (55, 56), (4, 20), (35, 48), (12, 43), (18, 37), (34, 56), (18, 26), (14, 52), (27, 36), (11, 65), (3, 66), (60, 67), (34, 67), (50, 69), (20, 42), (47, 61), (50, 53), (39, 73), (32, 41), (55, 75), (36, 63), (52, 58), (41, 78), (37, 54), (6, 14), (7, 81), (68, 71), (45, 80), (69, 77), (71, 75), (78, 86), (58, 70), (68, 88), (22, 30), (64, 90), (32, 91), (81, 92), (57, 92), (51, 72), (59, 95), (63, 95), (62, 82), (59, 61), (49, 90), (46, 51), (62, 100), (42, 65), (88, 103), (0, 33), (44, 105), (43, 48), (77, 107), (50, 82), (57, 64), (0, 34), (53, 111), (46, 111), (74, 113), (80, 114), (73, 106), (47, 50), (66, 117), (107, 118))
((5, 13), (7, 23), (19, 33), (3, 27), (9, 25), (15, 23), (8, 37), (16, 38), (33, 39), (7, 31), (6, 32), (18, 26), (15, 31), (0, 44), (1, 36), (40, 45), (14, 30), (42, 48), (17, 46), (4, 28), (20, 51), (12, 52), (4, 12), (17, 25), (38, 47), (2, 18), (21, 32), (6, 22), (34, 43), (55, 56), (13, 29), (14, 22), (51, 58), (10, 26), (29, 58), (49, 66), (24, 40), (11, 19), (35, 41), (60, 70), (62, 63), (67, 72), (42, 72), (53, 62), (69, 71), (28, 70), (53, 77), (56, 68), (23, 63), (41, 80), (44, 65), (71, 82), (64, 75), (49, 59), (5, 54), (66, 86), (75, 86), (2, 55), (65, 89), (9, 39), (50, 91), (48, 81), (37, 93), (44, 59), (93, 95), (80, 95), (50, 90), (57, 98), (36, 43), (89, 100), (98, 100), (41, 79), (40, 103), (46, 104), (45, 105), (44, 61), (91, 107), (106, 107), (52, 69), (37, 110), (3, 34), (54, 112), (111, 113), (77, 113), (76, 112), (57, 116), (35, 117), (82, 117))
((7, 15), (0, 32), (8, 33), (16, 34), (18, 26), (15, 31), (27, 37), (6, 22), (23, 31), (14, 39), (19, 27), (22, 30), (20, 28), (3, 38), (10, 26), (13, 21), (30, 41), (12, 28), (24, 35), (5, 29), (9, 36), (35, 37), (13, 44), (51, 54), (49, 55), (11, 42), (36, 40), (40, 50), (12, 32), (45, 60), (9, 25), (17, 62), (1, 52), (38, 44), (11, 65), (23, 43), (32, 67), (4, 42), (40, 69), (4, 20), (5, 21), (71, 72), (2, 17), (46, 74), (32, 57), (0, 50), (56, 73), (34, 63), (61, 66), (52, 74), (47, 56), (25, 75), (10, 64), (66, 70), (49, 70), (40, 68), (61, 71), (54, 73), (41, 51), (39, 68), (2, 10), (76, 92), (37, 48), (67, 94), (91, 94), (14, 47), (48, 97), (43, 72), (97, 99), (90, 99), (16, 32), (59, 102), (33, 53), (103, 104), (63, 64), (75, 106), (58, 104), (106, 108), (59, 62), (109, 110), (1, 34), (110, 112), (45, 46), (93, 114), (19, 58), (114, 116), (3, 57), (116, 118))
((7, 15), (0, 32), (8, 33), (16, 34), (15, 35), (27, 36), (6, 22), (23, 31), (14, 38), (19, 27), (22, 30), (20, 28), (3, 37), (10, 26), (13, 21), (30, 40), (12, 28), (24, 35), (14, 46), (11, 41), (5, 40), (12, 32), (44, 53), (9, 25), (17, 55), (34, 56), (37, 43), (11, 58), (54, 59), (29, 52), (47, 50), (23, 42), (32, 63), (38, 64), (39, 64), (32, 51), (4, 41), (39, 68), (48, 69), (0, 49), (5, 21), (42, 72), (61, 73), (50, 73), (2, 17), (45, 76), (25, 77), (2, 67), (10, 79))
((5, 13), (7, 23), (19, 33), (3, 27), (9, 25), (15, 23), (8, 37), (16, 38), (33, 39), (7, 31), (6, 32), (18, 26), (15, 31), (0, 44), (1, 36), (40, 45), (14, 30), (42, 48), (17, 46), (4, 28), (20, 51), (12, 52), (4, 12), (17, 25), (38, 47), (2, 18), (21, 32), (6, 22), (34, 43), (55, 56), (13, 29), (14, 22), (51, 58), (10, 26), (29, 58), (49, 66), (24, 40), (11, 19), (35, 41), (60, 70), (62, 63), (67, 72), (42, 72), (53, 62), (69, 71), (28, 70), (53, 77), (56, 68), (23, 63), (41, 80), (52, 69), (64, 75), (5, 54), (66, 84), (75, 84), (37, 82), (44, 59), (80, 88), (24, 41), (56, 90), (45, 46), (91, 92), (3, 34), (54, 94), (87, 95), (77, 95), (57, 94), (76, 98), (35, 99), (36, 43), (9, 39), (50, 102), (48, 81), (37, 104), (88, 104), (44, 61), (93, 107), (102, 107), (49, 59), (44, 65), (99, 111), (71, 111), (2, 55), (65, 114), (101, 114), (50, 115), (57, 117), (101, 117))
((7, 15), (0, 32), (8, 33), (16, 34), (18, 26), (15, 31), (27, 37), (6, 22), (23, 31), (14, 39), (19, 27), (22, 30), (20, 28), (3, 38), (10, 26), (13, 21), (30, 41), (12, 28), (24, 35), (5, 29), (1, 34), (37, 48), (14, 47), (9, 36), (35, 37), (13, 44), (51, 57), (49, 58), (47, 59), (45, 46), (11, 42), (33, 56), (41, 51), (36, 40), (40, 50), (12, 32), (45, 67), (9, 25), (17, 69), (48, 54), (66, 69), (52, 72), (1, 55), (34, 70), (70, 74), (63, 76), (65, 77), (38, 44), (11, 79), (10, 74), (16, 66), (32, 82), (68, 80), (0, 50), (23, 43), (72, 78), (32, 86), (39, 88), (53, 86), (53, 89), (32, 62), (19, 65), (63, 83), (3, 62), (93, 95), (4, 42), (40, 97), (49, 98), (61, 93), (80, 98), (40, 88), (4, 20), (68, 103), (5, 21), (43, 105), (54, 106), (64, 106), (103, 105), (59, 109), (57, 109), (2, 17), (55, 112), (46, 112), (76, 114), (25, 114), (2, 92), (10, 117), (61, 118))
((5, 13), (7, 23), (19, 33), (3, 27), (9, 25), (15, 23), (8, 37), (16, 38), (33, 39), (7, 31), (18, 26), (15, 31), (0, 43), (1, 36), (40, 44), (14, 30), (4, 28), (20, 48), (4, 12), (17, 25), (38, 46), (2, 18), (34, 42), (51, 52), (13, 29), (14, 22), (11, 19), (35, 41), (3, 34), (53, 60), (10, 26), (17, 45), (12, 49), (54, 59), (56, 64), (56, 57), (2, 51), (62, 68), (9, 39), (63, 70), (24, 41), (24, 40), (63, 69), (36, 42), (74, 75), (68, 75), (43, 55), (44, 45), (5, 50), (66, 80), (43, 62), (65, 82), (6, 32), (67, 84), (50, 60), (28, 59), (86, 87), (64, 87), (23, 57), (41, 90), (6, 22), (43, 92), (90, 93), (47, 91), (93, 95), (52, 72), (79, 97), (78, 98), (47, 84), (52, 73), (70, 78), (92, 100), (37, 95), (58, 65), (61, 105), (82, 106), (35, 106), (21, 32), (48, 109), (29, 109), (100, 111), (67, 112), (53, 74), (66, 110), (80, 111), (49, 58), (37, 117), (86, 118))
((7, 15), (0, 32), (8, 33), (16, 34), (18, 26), (15, 31), (27, 37), (6, 22), (23, 31), (14, 39), (19, 27), (22, 30), (20, 28), (3, 38), (10, 26), (13, 21), (30, 41), (12, 28), (24, 35), (5, 29), (1, 34), (37, 48), (14, 47), (9, 36), (35, 37), (13, 44), (51, 57), (49, 58), (47, 59), (45, 46), (11, 42), (33, 56), (41, 51), (36, 40), (40, 50), (12, 32), (45, 67), (9, 25), (17, 69), (34, 70), (66, 69), (52, 72), (1, 55), (10, 74), (70, 74), (63, 76), (65, 77), (38, 44), (11, 79), (68, 80), (16, 66), (32, 82), (63, 83), (48, 54), (23, 43), (53, 86), (32, 86), (39, 88), (53, 89), (40, 88), (32, 62), (19, 65), (61, 93), (3, 62), (93, 95), (4, 42), (40, 97), (49, 98), (80, 98), (72, 78), (0, 50), (4, 20), (68, 103), (5, 21), (43, 105), (64, 106), (54, 106), (103, 105), (59, 109), (57, 109), (2, 17), (55, 112), (46, 112), (25, 114), (76, 114), (2, 92), (10, 117), (61, 118))
((7, 15), (0, 32), (8, 33), (16, 34), (18, 26), (15, 31), (27, 37), (6, 22), (23, 31), (14, 39), (19, 27), (22, 30), (20, 28), (3, 38), (10, 26), (13, 21), (30, 41), (12, 28), (24, 35), (5, 29), (1, 34), (37, 48), (14, 47), (45, 46), (11, 42), (41, 51), (36, 40), (40, 50), (12, 32), (45, 60), (9, 25), (17, 62), (34, 63), (38, 44), (11, 65), (16, 59), (32, 67), (32, 56), (19, 58), (3, 56), (70, 71), (4, 42), (40, 73), (66, 74), (5, 21), (2, 17), (2, 10), (69, 78), (55, 79), (55, 70), (48, 54), (35, 37), (61, 66), (46, 77), (25, 85), (43, 76), (54, 87), (57, 87), (4, 20), (61, 90), (76, 90), (59, 62), (52, 93), (33, 83), (68, 95), (23, 43), (53, 97), (49, 74), (0, 50), (32, 97), (40, 101), (39, 101), (13, 44), (92, 104), (51, 104), (49, 106), (92, 107), (47, 107), (9, 36), (77, 110), (1, 110), (10, 112), (63, 112), (85, 114), (95, 114), (58, 116), (93, 117), (53, 103))
((7, 15), (7, 23), (16, 33), (0, 34), (32, 35), (0, 8), (3, 11), (2, 18), (24, 36), (4, 20), (23, 31), (37, 42), (17, 25), (32, 38), (28, 45), (13, 21), (22, 30), (1, 9), (10, 49), (18, 26), (5, 29), (12, 27), (13, 29), (41, 54), (12, 20), (50, 51), (4, 28), (46, 56), (19, 42), (36, 37), (5, 58), (33, 39), (3, 19), (34, 43), (2, 10), (33, 64), (27, 64), (38, 63), (51, 60), (69, 70), (9, 25), (39, 72), (50, 73), (21, 56), (52, 75), (55, 75), (33, 40), (37, 78), (65, 78), (72, 80), (41, 67), (6, 47), (48, 83), (66, 68), (45, 85), (69, 86), (26, 44), (73, 88), (66, 88), (31, 48), (32, 91), (6, 14), (15, 93), (55, 62), (24, 43), (47, 62), (46, 82), (11, 68), (70, 99), (22, 52), (93, 101), (14, 30), (33, 103), (94, 104), (1, 61), (44, 106), (35, 107), (81, 108), (49, 108), (81, 106), (42, 94), (91, 104), (54, 103), (83, 114), (101, 114), (53, 60), (58, 117), (82, 117))
((23, 31), (19, 27), (2, 17), (4, 20), (20, 28), (5, 21), (4, 32), (6, 22), (15, 31), (33, 38), (11, 36), (10, 26), (34, 43), (9, 25), (14, 39), (17, 45), (11, 33), (13, 36), (30, 46), (22, 30), (27, 40), (12, 28), (37, 51), (3, 52), (23, 51), (42, 52), (2, 10), (25, 44), (41, 57), (40, 50), (43, 55), (18, 26), (9, 63), (35, 37), (5, 29), (46, 66), (32, 63), (49, 65), (7, 15), (16, 70), (1, 64), (48, 70), (49, 66), (12, 70), (13, 21), (54, 67), (47, 72), (68, 78), (19, 68), (0, 70), (48, 80), (14, 76), (62, 80), (53, 74), (3, 82), (41, 53), (56, 70), (32, 88), (34, 64), (44, 78), (58, 73), (10, 72), (76, 85), (56, 61), (50, 83), (54, 83), (8, 81), (62, 92), (55, 75), (16, 98), (24, 101), (40, 101), (32, 102), (81, 103), (79, 105), (71, 104), (0, 102), (45, 104), (98, 109), (65, 85), (47, 98), (105, 107), (1, 110), (106, 109), (39, 88), (61, 116), (57, 100), (35, 100))
((7, 15), (0, 32), (8, 33), (16, 34), (18, 26), (15, 31), (27, 37), (6, 22), (23, 31), (14, 39), (19, 27), (22, 30), (20, 28), (3, 38), (10, 26), (13, 21), (30, 41), (12, 28), (24, 35), (5, 29), (1, 34), (37, 48), (14, 47), (9, 36), (35, 37), (13, 44), (51, 57), (49, 58), (47, 59), (45, 46), (11, 42), (33, 56), (41, 51), (36, 40), (40, 50), (12, 32), (45, 67), (9, 25), (17, 69), (34, 70), (66, 69), (52, 72), (1, 55), (10, 74), (70, 74), (63, 76), (65, 77), (38, 44), (11, 79), (68, 80), (16, 66), (32, 82), (63, 83), (48, 54), (23, 43), (53, 86), (32, 86), (39, 88), (53, 89), (40, 88), (32, 62), (19, 65), (61, 93), (3, 62), (93, 95), (4, 42), (40, 97), (49, 98), (80, 98), (72, 78), (0, 50), (4, 20), (68, 103), (5, 21), (43, 105), (64, 106), (54, 106), (103, 105), (59, 109), (57, 109), (2, 17), (55, 112), (2, 10), (92, 114), (61, 115), (46, 112), (25, 117), (76, 117))
((7, 15), (0, 32), (8, 33), (16, 34), (18, 26), (15, 31), (27, 37), (6, 22), (23, 31), (14, 39), (19, 27), (22, 30), (20, 28), (3, 38), (10, 26), (13, 21), (30, 41), (12, 28), (24, 35), (5, 29), (9, 36), (35, 37), (13, 44), (51, 54), (11, 42), (33, 53), (36, 40), (40, 50), (12, 32), (9, 25), (17, 61), (1, 52), (62, 63), (38, 44), (23, 43), (32, 66), (4, 42), (4, 20), (5, 21), (2, 17), (32, 56), (49, 55), (2, 10), (72, 74), (39, 67), (69, 70), (19, 58), (1, 34), (43, 70), (14, 47), (52, 71), (37, 48), (66, 83), (40, 67), (34, 62), (80, 81), (57, 58), (11, 65), (46, 71), (0, 50), (41, 51), (45, 60), (89, 93), (45, 46), (75, 95), (78, 95), (69, 93), (16, 32), (47, 73), (59, 61), (79, 101), (3, 56), (78, 103), (64, 90), (25, 90), (59, 99), (57, 107), (76, 83), (80, 92), (54, 77), (73, 77), (64, 88), (101, 113), (10, 63), (48, 81), (40, 68), (49, 117), (89, 117))
((23, 31), (27, 32), (15, 23), (2, 18), (17, 35), (11, 33), (12, 28), (20, 38), (7, 31), (9, 36), (1, 41), (0, 24), (21, 29), (32, 43), (14, 44), (19, 33), (20, 47), (16, 34), (8, 49), (10, 19), (6, 30), (4, 28), (34, 37), (53, 54), (18, 54), (51, 56), (35, 40), (42, 58), (13, 53), (18, 26), (57, 58), (13, 29), (10, 36), (4, 39), (31, 52), (26, 41), (47, 58), (48, 55), (6, 22), (32, 70), (38, 44), (0, 50), (45, 73), (40, 74), (60, 72), (43, 59), (14, 22), (15, 78), (71, 79), (61, 64), (42, 81), (25, 81), (8, 45), (5, 21), (60, 85), (65, 86), (72, 87), (63, 87), (70, 85), (43, 49), (46, 90), (34, 40), (73, 93), (79, 93), (66, 93), (71, 96), (1, 25), (17, 98), (64, 99), (50, 99), (16, 98), (74, 102), (77, 103), (3, 37), (61, 105), (68, 106), (27, 105), (57, 108), (93, 108), (48, 65), (39, 110), (55, 112), (46, 52), (63, 114), (78, 115), (90, 115), (50, 103), (9, 118))
((7, 15), (0, 32), (8, 33), (16, 34), (18, 26), (15, 31), (27, 37), (6, 22), (23, 31), (14, 39), (19, 27), (22, 30), (20, 28), (3, 38), (10, 26), (13, 21), (30, 41), (12, 28), (24, 35), (5, 29), (1, 34), (37, 48), (14, 47), (9, 36), (35, 37), (13, 44), (51, 57), (49, 58), (47, 59), (45, 46), (11, 42), (33, 56), (41, 51), (36, 40), (40, 50), (12, 32), (45, 67), (9, 25), (17, 69), (34, 70), (66, 69), (52, 72), (1, 55), (10, 74), (70, 74), (63, 76), (65, 77), (38, 44), (11, 79), (68, 80), (16, 66), (32, 82), (63, 83), (48, 54), (23, 43), (53, 86), (32, 86), (39, 88), (53, 89), (40, 88), (32, 62), (19, 65), (61, 93), (3, 62), (93, 95), (4, 42), (40, 97), (49, 98), (80, 98), (72, 78), (0, 50), (4, 20), (68, 103), (5, 21), (43, 105), (64, 106), (54, 106), (103, 105), (59, 109), (57, 109), (2, 17), (55, 112), (46, 112), (25, 114), (76, 114), (2, 92), (10, 117), (61, 118))
((15, 31), (10, 26), (12, 28), (19, 27), (20, 28), (13, 21), (18, 26), (7, 15), (9, 38), (2, 17), (5, 29), (33, 41), (14, 37), (1, 40), (4, 35), (6, 22), (22, 30), (40, 41), (4, 20), (5, 21), (12, 39), (9, 25), (23, 31), (11, 35), (38, 54), (50, 51), (13, 36), (46, 54), (48, 51), (27, 32), (42, 58), (23, 48), (3, 55), (3, 61), (34, 59), (36, 61), (0, 39), (17, 53), (11, 67), (25, 43), (19, 56), (8, 68), (44, 60), (59, 70), (39, 55), (34, 62), (57, 77), (16, 73), (24, 79), (14, 47), (37, 77), (64, 72), (0, 80), (30, 81), (54, 80), (10, 45), (1, 73), (39, 63), (42, 81), (60, 90), (53, 86), (54, 89), (33, 65), (44, 85), (32, 85), (63, 96), (69, 73), (2, 76), (72, 94), (32, 79), (52, 65), (16, 86), (10, 99), (68, 101), (39, 103), (50, 102), (45, 69), (88, 92), (105, 108), (56, 110), (70, 102), (92, 111), (43, 108), (105, 106), (47, 89), (96, 116), (57, 58), (94, 104))
((7, 15), (0, 32), (8, 33), (16, 34), (18, 26), (15, 31), (27, 37), (6, 22), (23, 31), (14, 39), (19, 27), (22, 30), (20, 28), (3, 38), (10, 26), (13, 21), (30, 41), (12, 28), (24, 35), (5, 29), (1, 34), (37, 48), (14, 47), (9, 36), (35, 37), (13, 44), (51, 57), (49, 58), (47, 59), (45, 46), (11, 42), (33, 56), (41, 51), (36, 40), (40, 50), (12, 32), (45, 67), (9, 25), (17, 69), (66, 69), (52, 71), (1, 55), (70, 73), (63, 74), (65, 75), (38, 44), (11, 77), (68, 78), (16, 66), (32, 80), (63, 81), (48, 54), (23, 43), (53, 84), (32, 84), (39, 86), (53, 87), (40, 86), (32, 62), (19, 65), (61, 91), (3, 62), (91, 93), (4, 42), (40, 95), (78, 96), (71, 76), (0, 50), (4, 20), (68, 100), (5, 21), (43, 102), (64, 103), (54, 103), (100, 102), (59, 106), (57, 106), (2, 17), (46, 109), (74, 110), (2, 90), (10, 112), (61, 113), (34, 70), (10, 73), (55, 109), (25, 110), (49, 96))
((15, 31), (5, 13), (1, 17), (27, 32), (9, 34), (23, 31), (16, 37), (24, 38), (25, 36), (6, 30), (29, 33), (21, 42), (4, 28), (19, 27), (17, 39), (2, 18), (7, 23), (8, 48), (23, 41), (32, 39), (49, 51), (0, 51), (38, 52), (36, 49), (3, 11), (53, 54), (40, 46), (6, 22), (5, 21), (22, 33), (2, 26), (41, 60), (34, 62), (1, 25), (10, 65), (47, 66), (40, 67), (64, 68), (64, 66), (14, 30), (61, 71), (32, 71), (50, 73), (43, 72), (63, 75), (59, 75), (54, 65), (48, 78), (46, 79), (61, 63), (47, 48), (20, 37), (45, 83), (20, 28), (42, 85), (12, 85), (4, 87), (84, 88), (60, 88), (7, 15), (50, 91), (56, 91), (87, 93), (51, 91), (57, 95), (55, 96), (11, 35), (44, 98), (84, 99), (94, 99), (35, 93), (62, 102), (45, 103), (82, 103), (98, 104), (79, 97), (29, 44), (43, 108), (90, 108), (10, 26), (68, 111), (106, 111), (82, 113), (56, 113), (86, 90), (59, 92), (37, 117), (73, 117))
((5, 21), (15, 31), (23, 31), (9, 25), (19, 34), (1, 25), (3, 27), (16, 34), (33, 38), (24, 39), (17, 41), (35, 42), (10, 26), (7, 33), (23, 45), (1, 17), (13, 29), (0, 34), (12, 40), (27, 36), (11, 51), (3, 52), (50, 53), (34, 53), (46, 55), (18, 37), (6, 14), (8, 24), (33, 59), (46, 52), (18, 26), (37, 60), (40, 44), (0, 33), (41, 65), (46, 59), (66, 67), (4, 20), (56, 69), (54, 70), (5, 13), (69, 72), (14, 72), (39, 67), (49, 59), (43, 47), (42, 63), (22, 30), (74, 79), (45, 79), (2, 10), (57, 82), (61, 82), (64, 84), (36, 62), (55, 86), (64, 86), (49, 75), (43, 89), (6, 22), (48, 91), (74, 92), (34, 91), (81, 94), (7, 58), (94, 96), (4, 28), (12, 98), (51, 99), (70, 100), (20, 99), (54, 102), (29, 98), (73, 104), (32, 104), (48, 106), (102, 106), (73, 108), (46, 96), (63, 90), (32, 80), (58, 112), (92, 112), (47, 83), (62, 115), (35, 44), (57, 117), (115, 117))
((15, 31), (5, 13), (1, 17), (27, 32), (9, 34), (23, 31), (16, 37), (24, 38), (25, 36), (6, 30), (29, 33), (21, 42), (4, 28), (19, 27), (17, 39), (2, 18), (7, 23), (8, 48), (23, 41), (32, 39), (49, 51), (0, 51), (38, 52), (36, 49), (3, 11), (53, 54), (40, 46), (6, 22), (5, 21), (22, 33), (2, 26), (41, 60), (34, 62), (1, 25), (10, 65), (47, 66), (40, 67), (64, 68), (64, 66), (14, 30), (61, 71), (32, 71), (50, 73), (43, 72), (63, 75), (59, 75), (54, 65), (48, 78), (46, 79), (61, 63), (47, 48), (20, 37), (45, 83), (20, 28), (42, 85), (12, 85), (4, 87), (84, 88), (60, 88), (7, 15), (50, 91), (56, 91), (87, 93), (51, 91), (57, 95), (55, 96), (11, 35), (44, 98), (84, 99), (94, 99), (35, 93), (62, 102), (45, 103), (82, 103), (98, 104), (79, 97), (86, 90), (59, 92), (73, 109), (37, 109), (29, 44), (43, 112), (90, 112), (10, 26), (68, 115), (106, 115), (56, 117), (82, 117))
((7, 15), (0, 32), (8, 33), (16, 34), (18, 26), (15, 31), (27, 37), (6, 22), (23, 31), (14, 39), (19, 27), (22, 30), (20, 28), (3, 38), (10, 26), (13, 21), (30, 41), (12, 28), (24, 35), (5, 29), (1, 34), (37, 48), (14, 47), (9, 36), (35, 37), (13, 44), (51, 57), (49, 58), (47, 59), (45, 46), (11, 42), (33, 56), (41, 51), (36, 40), (40, 50), (12, 32), (45, 67), (9, 25), (17, 69), (34, 70), (66, 69), (52, 72), (1, 55), (10, 74), (70, 74), (63, 76), (65, 77), (38, 44), (11, 79), (68, 80), (16, 66), (32, 82), (63, 83), (48, 54), (23, 43), (53, 86), (32, 86), (39, 88), (53, 89), (40, 88), (32, 62), (19, 65), (61, 93), (3, 62), (93, 95), (4, 42), (40, 97), (49, 98), (80, 98), (72, 78), (0, 50), (4, 20), (68, 103), (5, 21), (103, 105), (59, 106), (57, 106), (43, 105), (64, 109), (54, 109), (2, 10), (92, 112), (61, 113), (2, 17), (55, 115), (46, 115), (25, 117), (76, 117))
((7, 15), (0, 32), (8, 33), (16, 34), (18, 26), (15, 31), (27, 37), (6, 22), (23, 31), (14, 39), (19, 27), (22, 30), (20, 28), (3, 38), (10, 26), (13, 21), (30, 41), (12, 28), (24, 35), (5, 29), (1, 34), (37, 48), (14, 47), (9, 36), (35, 37), (13, 44), (51, 57), (49, 58), (47, 59), (45, 46), (11, 42), (33, 56), (41, 51), (36, 40), (40, 50), (12, 32), (45, 67), (9, 25), (17, 69), (34, 70), (66, 69), (52, 72), (1, 55), (10, 74), (70, 74), (63, 76), (65, 77), (38, 44), (11, 79), (68, 80), (16, 66), (32, 82), (63, 83), (48, 54), (23, 43), (53, 86), (32, 86), (39, 88), (53, 89), (40, 88), (32, 62), (19, 65), (61, 93), (3, 62), (93, 95), (4, 42), (40, 97), (49, 98), (80, 98), (72, 78), (0, 50), (4, 20), (68, 103), (5, 21), (43, 105), (64, 106), (54, 106), (103, 105), (59, 109), (57, 109), (2, 17), (55, 112), (46, 112), (76, 114), (2, 92), (10, 116), (61, 117), (25, 114))
((0, 24), (15, 31), (32, 33), (2, 10), (7, 31), (26, 35), (15, 23), (11, 27), (33, 39), (10, 18), (5, 13), (3, 39), (11, 19), (38, 44), (30, 42), (17, 25), (1, 8), (14, 22), (9, 25), (41, 50), (35, 40), (36, 52), (18, 37), (16, 38), (12, 28), (6, 22), (4, 12), (3, 36), (38, 54), (23, 49), (5, 21), (56, 62), (57, 62), (46, 64), (20, 28), (8, 34), (38, 67), (17, 36), (32, 69), (1, 9), (40, 56), (41, 45), (43, 73), (21, 29), (14, 75), (64, 76), (48, 55), (47, 78), (37, 47), (59, 60), (73, 81), (53, 81), (33, 57), (61, 84), (32, 55), (13, 58), (75, 87), (63, 87), (29, 66), (42, 90), (63, 90), (4, 45), (66, 93), (72, 93), (70, 71), (51, 80), (36, 61), (46, 49), (2, 71), (54, 100), (51, 100), (0, 67), (50, 103), (78, 104), (70, 104), (16, 103), (36, 107), (34, 108), (20, 27), (59, 110), (72, 111), (6, 30), (76, 113), (7, 113), (84, 115), (38, 115), (19, 53), (58, 111))
((23, 31), (27, 32), (15, 23), (2, 18), (17, 35), (11, 33), (12, 28), (20, 38), (7, 31), (9, 36), (1, 41), (0, 24), (21, 29), (32, 43), (14, 44), (19, 33), (20, 47), (16, 34), (8, 49), (10, 19), (6, 30), (4, 28), (34, 37), (53, 54), (18, 54), (51, 56), (35, 40), (42, 58), (13, 53), (18, 26), (57, 58), (13, 29), (10, 36), (4, 39), (31, 52), (26, 41), (47, 58), (48, 55), (6, 22), (32, 70), (38, 44), (0, 50), (45, 73), (40, 74), (60, 72), (43, 59), (14, 22), (15, 78), (71, 79), (61, 64), (42, 81), (25, 81), (8, 45), (5, 21), (60, 85), (65, 86), (72, 87), (63, 87), (70, 85), (43, 49), (46, 90), (34, 40), (73, 93), (79, 93), (66, 93), (71, 96), (1, 25), (17, 98), (64, 99), (50, 99), (16, 98), (74, 102), (77, 103), (3, 37), (61, 105), (46, 52), (68, 106), (48, 65), (63, 107), (90, 110), (78, 110), (27, 105), (57, 113), (93, 113), (39, 115), (55, 116), (9, 50), (103, 118))
((6, 22), (7, 15), (9, 25), (2, 17), (23, 31), (5, 21), (12, 28), (10, 26), (22, 30), (4, 20), (18, 26), (20, 28), (5, 29), (15, 31), (16, 33), (13, 43), (12, 33), (13, 21), (14, 49), (44, 47), (19, 27), (17, 34), (27, 45), (9, 42), (23, 40), (33, 56), (14, 32), (35, 39), (4, 36), (44, 58), (36, 42), (37, 41), (52, 60), (37, 40), (61, 65), (11, 54), (10, 33), (47, 63), (11, 52), (32, 57), (36, 57), (30, 58), (2, 70), (38, 51), (0, 33), (3, 54), (49, 75), (19, 62), (25, 59), (1, 55), (35, 55), (38, 64), (50, 73), (8, 76), (16, 85), (53, 85), (45, 73), (45, 86), (76, 89), (39, 77), (24, 86), (36, 92), (46, 93), (34, 93), (53, 81), (0, 92), (48, 77), (68, 74), (1, 85), (95, 100), (10, 81), (63, 75), (62, 96), (3, 79), (90, 104), (43, 67), (98, 107), (90, 94), (91, 99), (56, 88), (71, 88), (79, 91), (41, 98), (70, 105), (64, 107), (95, 106), (50, 65), (59, 96))
((7, 15), (0, 32), (8, 33), (16, 34), (18, 26), (15, 31), (27, 37), (6, 22), (23, 31), (14, 39), (19, 27), (22, 30), (20, 28), (3, 38), (10, 26), (13, 21), (30, 41), (12, 28), (24, 35), (5, 29), (1, 34), (37, 48), (14, 47), (9, 36), (35, 37), (13, 44), (51, 57), (49, 58), (45, 46), (11, 42), (33, 56), (41, 51), (36, 40), (40, 50), (12, 32), (45, 66), (9, 25), (17, 68), (65, 68), (1, 55), (69, 71), (62, 72), (64, 73), (38, 44), (11, 75), (16, 65), (32, 77), (23, 43), (32, 79), (39, 80), (32, 61), (19, 64), (3, 61), (4, 42), (40, 85), (4, 20), (5, 21), (43, 88), (87, 88), (2, 17), (46, 91), (2, 82), (10, 93), (40, 80), (49, 86), (47, 59), (60, 94), (63, 89), (83, 84), (52, 70), (34, 69), (53, 79), (54, 89), (0, 50), (55, 91), (25, 92), (60, 83), (76, 86), (57, 90), (62, 78), (70, 74), (72, 92), (48, 54), (10, 71), (67, 76), (53, 81), (59, 90), (67, 87))
((7, 15), (0, 32), (8, 33), (16, 34), (24, 35), (0, 36), (9, 25), (17, 38), (34, 39), (18, 26), (9, 41), (1, 42), (10, 43), (19, 27), (11, 45), (32, 46), (2, 47), (10, 48), (15, 31), (27, 50), (3, 51), (12, 32), (52, 53), (20, 28), (51, 55), (11, 56), (54, 57), (12, 28), (5, 29), (13, 55), (60, 61), (59, 62), (4, 20), (5, 21), (64, 65), (63, 66), (13, 21), (14, 68), (22, 30), (65, 70), (69, 71), (6, 22), (14, 73), (30, 74), (50, 75), (23, 70), (76, 77), (35, 50), (33, 79), (23, 31), (36, 81), (16, 82), (32, 83), (80, 84), (41, 81), (39, 43), (80, 87), (86, 88), (2, 17), (42, 90), (10, 26), (52, 92), (19, 86), (93, 94), (4, 45), (81, 96), (57, 97), (63, 68), (69, 75), (32, 77), (73, 101), (76, 102), (1, 34), (38, 82), (104, 105), (90, 92), (25, 107), (3, 46), (94, 109), (59, 97), (60, 74), (71, 112), (81, 101), (89, 105), (87, 107), (49, 93), (54, 64), (61, 66))
((7, 15), (0, 32), (8, 33), (16, 34), (18, 26), (15, 31), (27, 37), (6, 22), (23, 31), (14, 39), (19, 27), (22, 30), (20, 28), (3, 38), (10, 26), (13, 21), (30, 41), (12, 28), (24, 35), (5, 29), (37, 48), (14, 47), (9, 36), (13, 44), (51, 55), (49, 56), (45, 46), (11, 42), (36, 40), (40, 50), (12, 32), (9, 25), (17, 63), (61, 63), (1, 54), (38, 44), (23, 43), (32, 59), (4, 42), (40, 70), (4, 20), (5, 21), (43, 73), (2, 69), (72, 73), (32, 68), (11, 67), (1, 65), (2, 17), (64, 66), (3, 59), (32, 61), (19, 60), (58, 84), (34, 79), (39, 77), (46, 80), (82, 84), (35, 37), (33, 90), (60, 81), (34, 64), (53, 74), (52, 68), (16, 83), (25, 88), (49, 71), (71, 78), (48, 53), (0, 50), (10, 75), (52, 87), (58, 102), (55, 76), (41, 51), (45, 62), (72, 107), (78, 107), (91, 96), (10, 66), (57, 76), (91, 92), (54, 80), (47, 57), (74, 106), (40, 77), (65, 113), (81, 88))
((7, 15), (0, 32), (8, 33), (16, 34), (18, 26), (15, 31), (27, 37), (6, 22), (23, 31), (14, 39), (19, 27), (22, 30), (20, 28), (3, 38), (10, 26), (13, 21), (30, 41), (12, 28), (24, 35), (5, 29), (1, 34), (37, 48), (14, 47), (9, 36), (35, 37), (13, 44), (51, 57), (49, 58), (47, 59), (45, 46), (11, 42), (33, 56), (41, 51), (36, 40), (40, 50), (12, 32), (45, 67), (9, 25), (17, 69), (34, 70), (66, 69), (52, 72), (1, 55), (10, 74), (70, 74), (63, 76), (65, 77), (38, 44), (11, 79), (68, 80), (16, 66), (32, 82), (63, 83), (48, 54), (23, 43), (53, 86), (32, 86), (39, 88), (53, 89), (40, 88), (32, 62), (19, 65), (61, 93), (3, 62), (93, 95), (4, 42), (40, 97), (49, 98), (80, 98), (72, 78), (0, 50), (4, 20), (68, 103), (5, 21), (43, 105), (64, 106), (54, 106), (103, 105), (59, 109), (57, 109), (2, 17), (55, 112), (2, 10), (92, 114), (61, 115), (46, 112), (25, 117), (76, 117))
((5, 21), (15, 31), (23, 31), (9, 25), (19, 34), (1, 25), (3, 27), (16, 34), (4, 28), (29, 40), (32, 41), (12, 40), (33, 38), (24, 39), (17, 45), (22, 30), (35, 46), (2, 10), (6, 14), (7, 50), (10, 26), (7, 33), (23, 53), (49, 54), (20, 43), (1, 17), (5, 13), (8, 24), (33, 59), (13, 29), (42, 61), (42, 56), (6, 22), (61, 64), (4, 20), (0, 34), (59, 67), (54, 59), (39, 69), (58, 66), (41, 71), (35, 52), (63, 71), (12, 44), (51, 54), (18, 37), (49, 77), (48, 57), (47, 53), (73, 77), (34, 64), (80, 82), (44, 52), (57, 78), (73, 85), (18, 26), (85, 87), (36, 87), (84, 89), (14, 58), (47, 91), (32, 92), (50, 93), (65, 93), (27, 36), (43, 96), (11, 96), (3, 98), (55, 98), (65, 91), (51, 82), (84, 100), (34, 99), (89, 104), (67, 70), (48, 106), (37, 60), (46, 108), (107, 108), (0, 33), (45, 111), (69, 112), (75, 99), (56, 114), (66, 104), (54, 116), (114, 117), (97, 117))
((0, 24), (15, 31), (32, 33), (2, 10), (7, 31), (26, 35), (15, 23), (11, 27), (33, 39), (10, 18), (11, 19), (38, 42), (1, 8), (9, 25), (18, 37), (12, 28), (6, 22), (3, 36), (38, 46), (5, 21), (8, 34), (17, 36), (0, 52), (20, 27), (35, 40), (1, 9), (17, 25), (41, 45), (33, 48), (16, 38), (4, 43), (21, 29), (14, 63), (32, 61), (6, 30), (64, 66), (48, 51), (2, 57), (46, 69), (59, 69), (38, 52), (7, 66), (38, 73), (44, 61), (58, 75), (45, 54), (75, 77), (32, 53), (77, 79), (57, 79), (49, 50), (4, 12), (47, 51), (41, 43), (82, 85), (3, 39), (85, 87), (14, 22), (23, 89), (36, 90), (60, 90), (37, 58), (59, 93), (36, 56), (82, 95), (19, 95), (13, 83), (84, 98), (63, 98), (16, 54), (36, 101), (34, 102), (60, 73), (40, 47), (64, 68), (49, 55), (105, 107), (83, 107), (20, 28), (62, 110), (29, 110), (84, 112), (62, 105), (5, 13), (112, 115), (30, 115), (89, 117), (68, 117))
((7, 15), (6, 22), (15, 31), (14, 33), (11, 27), (34, 36), (9, 17), (19, 27), (37, 39), (23, 31), (3, 32), (22, 30), (2, 10), (18, 26), (8, 32), (0, 46), (34, 47), (16, 48), (8, 49), (16, 24), (20, 42), (9, 45), (5, 21), (13, 21), (4, 12), (29, 56), (43, 54), (38, 51), (10, 26), (40, 41), (28, 61), (25, 38), (1, 53), (30, 35), (3, 36), (10, 64), (41, 48), (55, 57), (47, 63), (14, 55), (65, 71), (58, 71), (41, 45), (66, 74), (63, 64), (74, 76), (59, 77), (4, 20), (62, 79), (54, 79), (57, 81), (47, 50), (34, 65), (37, 56), (62, 85), (40, 60), (42, 44), (87, 88), (19, 66), (12, 28), (69, 91), (81, 92), (2, 17), (53, 94), (46, 51), (77, 83), (88, 90), (68, 96), (83, 99), (5, 29), (92, 101), (35, 101), (58, 103), (23, 43), (84, 105), (32, 105), (41, 107), (33, 107), (84, 109), (11, 52), (91, 111), (85, 111), (50, 59), (1, 114), (60, 94), (76, 116), (25, 116), (75, 87))
((7, 15), (0, 32), (8, 33), (16, 34), (18, 26), (15, 31), (27, 37), (6, 22), (23, 31), (14, 39), (19, 27), (22, 30), (20, 28), (3, 38), (10, 26), (13, 21), (30, 41), (12, 28), (24, 35), (5, 29), (1, 34), (37, 48), (14, 47), (9, 36), (35, 37), (13, 44), (51, 57), (49, 58), (47, 59), (45, 46), (11, 42), (33, 56), (41, 51), (36, 40), (40, 50), (12, 32), (45, 67), (9, 25), (17, 69), (34, 70), (66, 69), (52, 72), (1, 55), (10, 74), (70, 74), (63, 76), (65, 77), (38, 44), (11, 79), (68, 80), (16, 66), (32, 82), (63, 83), (48, 54), (23, 43), (53, 86), (32, 86), (39, 88), (53, 89), (40, 88), (32, 62), (19, 65), (61, 93), (3, 62), (93, 95), (4, 42), (0, 50), (72, 78), (4, 20), (68, 100), (5, 21), (40, 97), (80, 103), (49, 103), (43, 102), (54, 106), (64, 106), (100, 102), (59, 109), (57, 109), (2, 10), (92, 112), (61, 113), (2, 17), (55, 115), (46, 115), (25, 117), (76, 117))
((7, 15), (0, 32), (8, 33), (16, 34), (18, 26), (15, 31), (27, 37), (6, 22), (23, 31), (14, 39), (19, 27), (22, 30), (20, 28), (3, 38), (10, 26), (13, 21), (30, 41), (12, 28), (24, 35), (5, 29), (1, 34), (37, 48), (14, 47), (9, 36), (35, 37), (13, 44), (51, 57), (49, 58), (47, 59), (45, 46), (11, 42), (33, 56), (41, 51), (36, 40), (40, 50), (12, 32), (45, 67), (9, 25), (17, 69), (34, 70), (66, 69), (52, 72), (1, 55), (10, 74), (70, 74), (63, 76), (65, 77), (38, 44), (11, 79), (68, 80), (16, 66), (32, 82), (63, 83), (48, 54), (23, 43), (53, 86), (32, 86), (39, 88), (53, 89), (40, 88), (32, 62), (19, 65), (61, 93), (3, 62), (93, 95), (4, 42), (40, 97), (49, 98), (80, 98), (72, 78), (0, 50), (4, 20), (68, 103), (5, 21), (43, 105), (64, 106), (54, 106), (103, 105), (59, 109), (57, 109), (2, 17), (55, 112), (46, 112), (25, 114), (76, 114), (2, 92), (10, 117), (61, 118))
((7, 15), (0, 32), (8, 33), (16, 34), (18, 26), (15, 31), (27, 37), (6, 22), (23, 31), (14, 39), (19, 27), (22, 30), (20, 28), (3, 38), (10, 26), (13, 21), (30, 41), (12, 28), (24, 35), (5, 29), (1, 34), (37, 48), (14, 47), (9, 36), (35, 37), (13, 44), (51, 57), (49, 58), (47, 59), (45, 46), (11, 42), (33, 56), (41, 51), (36, 40), (40, 50), (12, 32), (45, 67), (9, 25), (17, 69), (34, 70), (66, 69), (52, 72), (1, 55), (10, 74), (70, 74), (63, 76), (65, 77), (38, 44), (11, 79), (68, 80), (16, 66), (32, 82), (63, 83), (48, 54), (23, 43), (53, 86), (32, 86), (39, 88), (53, 89), (40, 88), (32, 62), (19, 65), (61, 93), (3, 62), (93, 95), (4, 42), (40, 97), (80, 98), (72, 78), (0, 50), (4, 20), (68, 102), (5, 21), (43, 104), (64, 105), (54, 105), (102, 104), (59, 108), (57, 108), (2, 17), (46, 111), (76, 112), (2, 92), (10, 114), (61, 115), (25, 112), (49, 98), (55, 111))
((7, 15), (0, 32), (8, 33), (16, 34), (18, 26), (15, 31), (27, 37), (6, 22), (23, 31), (14, 39), (19, 27), (22, 30), (20, 28), (3, 38), (10, 26), (13, 21), (30, 41), (12, 28), (24, 35), (5, 29), (1, 34), (37, 48), (14, 47), (9, 36), (35, 37), (13, 44), (51, 57), (49, 58), (47, 59), (45, 46), (11, 42), (33, 56), (41, 51), (36, 40), (40, 50), (12, 32), (45, 67), (9, 25), (17, 69), (34, 70), (66, 69), (52, 72), (1, 55), (10, 74), (70, 74), (63, 76), (65, 77), (38, 44), (11, 79), (68, 80), (16, 66), (32, 82), (63, 83), (48, 54), (23, 43), (53, 86), (32, 86), (39, 88), (53, 89), (40, 88), (32, 62), (19, 65), (61, 93), (3, 62), (93, 95), (4, 42), (40, 97), (49, 98), (80, 98), (72, 78), (0, 50), (4, 20), (68, 103), (5, 21), (43, 105), (64, 106), (54, 106), (103, 105), (59, 109), (57, 109), (2, 17), (55, 112), (46, 112), (25, 114), (76, 114), (2, 92), (10, 117), (61, 118))
((7, 15), (0, 32), (8, 33), (16, 34), (18, 26), (15, 31), (27, 37), (6, 22), (23, 31), (14, 39), (19, 27), (22, 30), (20, 28), (3, 38), (10, 26), (13, 21), (30, 41), (12, 28), (24, 35), (9, 36), (40, 50), (12, 32), (9, 25), (38, 44), (16, 52), (4, 42), (4, 20), (5, 21), (17, 54), (36, 40), (2, 10), (1, 51), (60, 63), (19, 61), (5, 29), (40, 57), (10, 63), (13, 44), (2, 17), (51, 70), (46, 70), (37, 48), (45, 53), (58, 74), (3, 65), (32, 56), (25, 72), (43, 59), (61, 64), (34, 60), (1, 34), (64, 72), (52, 54), (82, 84), (32, 62), (35, 37), (33, 87), (80, 88), (84, 89), (0, 50), (49, 67), (14, 47), (79, 93), (48, 93), (11, 55), (74, 96), (67, 96), (77, 88), (58, 59), (69, 100), (66, 69), (45, 46), (65, 103), (49, 102), (100, 105), (47, 105), (41, 66), (11, 42), (86, 109), (76, 109), (103, 110), (23, 43), (73, 113), (32, 113), (39, 115), (73, 116), (79, 108), (40, 115))
((15, 31), (7, 31), (7, 15), (7, 23), (15, 23), (31, 34), (22, 37), (30, 38), (36, 38), (14, 40), (23, 29), (23, 26), (15, 17), (15, 28), (15, 24), (36, 46), (6, 23), (15, 16), (34, 48), (30, 50), (33, 50), (14, 52), (0, 15), (47, 54), (32, 55), (8, 56), (16, 55), (1, 7), (7, 10), (2, 7), (7, 9), (7, 20), (7, 21), (35, 42), (7, 18), (34, 49), (7, 25), (15, 25), (34, 64), (46, 67), (8, 71), (18, 31), (33, 61), (9, 15), (35, 66), (63, 65), (4, 28), (62, 68), (45, 70), (59, 60), (43, 76), (5, 9), (73, 74), (81, 82), (75, 85), (44, 86), (9, 85), (13, 28), (78, 89), (61, 65), (80, 90), (81, 87), (81, 84), (91, 93), (77, 89), (29, 95), (83, 92), (79, 98), (5, 96), (25, 99), (69, 94), (49, 102), (16, 103))
((7, 15), (0, 32), (8, 33), (16, 34), (18, 26), (15, 31), (27, 37), (6, 22), (23, 31), (14, 39), (19, 27), (22, 30), (20, 28), (3, 38), (10, 26), (13, 21), (30, 41), (12, 28), (24, 35), (5, 29), (1, 34), (37, 48), (14, 47), (9, 36), (35, 37), (13, 44), (51, 57), (49, 58), (45, 46), (11, 42), (33, 56), (41, 51), (36, 40), (40, 50), (12, 32), (45, 66), (9, 25), (17, 68), (65, 68), (1, 55), (69, 71), (62, 72), (64, 73), (38, 44), (11, 75), (16, 65), (32, 77), (23, 43), (32, 79), (39, 80), (32, 61), (19, 64), (3, 61), (4, 42), (40, 85), (4, 20), (5, 21), (43, 88), (87, 88), (2, 17), (46, 91), (2, 82), (10, 93), (34, 69), (83, 84), (53, 81), (52, 70), (48, 54), (49, 86), (54, 89), (53, 79), (60, 83), (59, 90), (40, 80), (25, 92), (70, 74), (63, 89), (67, 87), (60, 94), (62, 78), (10, 71), (57, 90), (76, 86), (55, 91), (47, 59), (0, 50), (72, 92), (67, 76))
((7, 15), (0, 32), (8, 33), (16, 34), (18, 26), (15, 31), (27, 37), (6, 22), (23, 31), (14, 39), (19, 27), (22, 30), (20, 28), (3, 38), (10, 26), (13, 21), (30, 41), (12, 28), (24, 35), (5, 29), (1, 34), (37, 48), (14, 47), (9, 36), (35, 37), (13, 44), (51, 57), (49, 58), (47, 59), (45, 46), (11, 42), (33, 56), (41, 51), (36, 40), (40, 50), (12, 32), (45, 67), (9, 25), (17, 69), (34, 70), (66, 69), (52, 72), (1, 55), (10, 74), (70, 74), (63, 76), (65, 77), (38, 44), (11, 79), (68, 80), (16, 66), (32, 82), (63, 83), (48, 54), (23, 43), (53, 86), (32, 86), (39, 88), (53, 89), (40, 88), (32, 62), (19, 65), (61, 93), (3, 62), (93, 95), (4, 42), (40, 97), (49, 98), (80, 98), (72, 78), (0, 50), (4, 20), (68, 103), (5, 21), (43, 105), (64, 106), (54, 106), (103, 105), (59, 109), (57, 109), (2, 17), (55, 112), (46, 112), (25, 114), (76, 114), (2, 92), (10, 117), (61, 118))
((5, 21), (15, 31), (23, 31), (9, 25), (19, 34), (1, 25), (3, 27), (16, 34), (4, 28), (29, 40), (32, 41), (12, 40), (33, 38), (24, 39), (17, 45), (22, 30), (35, 46), (2, 10), (6, 14), (7, 50), (10, 26), (7, 33), (23, 53), (49, 54), (20, 43), (1, 17), (5, 13), (8, 24), (33, 59), (13, 29), (42, 61), (42, 56), (6, 22), (61, 64), (4, 20), (0, 34), (59, 67), (54, 59), (39, 69), (58, 66), (41, 71), (35, 52), (63, 71), (12, 44), (51, 54), (18, 37), (49, 77), (48, 57), (47, 53), (73, 77), (34, 64), (80, 82), (44, 52), (57, 78), (73, 85), (18, 26), (85, 87), (36, 87), (84, 89), (14, 58), (47, 91), (32, 92), (50, 93), (65, 93), (27, 36), (43, 96), (11, 96), (3, 98), (75, 99), (56, 100), (34, 99), (89, 102), (54, 102), (66, 104), (97, 105), (100, 105), (51, 82), (37, 60), (46, 109), (0, 33), (45, 111), (69, 112), (65, 91), (55, 98), (84, 115), (67, 70), (48, 117), (109, 118))
((2, 17), (13, 21), (15, 31), (7, 15), (27, 34), (18, 26), (10, 26), (6, 22), (12, 35), (22, 30), (0, 35), (9, 25), (9, 37), (14, 33), (19, 27), (1, 44), (3, 36), (8, 42), (11, 46), (14, 39), (16, 49), (24, 52), (34, 52), (5, 29), (30, 51), (3, 50), (23, 41), (23, 31), (20, 28), (4, 20), (35, 50), (13, 60), (10, 47), (53, 59), (43, 65), (35, 58), (17, 43), (42, 54), (47, 68), (16, 65), (32, 44), (35, 71), (1, 49), (45, 56), (55, 63), (2, 62), (38, 48), (10, 77), (4, 46), (40, 48), (51, 55), (5, 21), (37, 59), (49, 68), (41, 83), (69, 70), (34, 56), (0, 53), (84, 87), (19, 84), (61, 81), (32, 38), (39, 67), (66, 90), (61, 83), (59, 80), (36, 60), (57, 91), (45, 86), (25, 93), (66, 74), (63, 96), (69, 73), (12, 28), (76, 105), (78, 79), (11, 98), (82, 86), (97, 108), (58, 88), (96, 106), (59, 67), (81, 108), (78, 91), (33, 106), (97, 105), (70, 93), (88, 94))
((7, 15), (0, 32), (8, 33), (16, 34), (18, 26), (15, 31), (27, 37), (6, 22), (23, 31), (14, 39), (19, 27), (22, 30), (20, 28), (3, 38), (10, 26), (13, 21), (30, 41), (12, 28), (24, 35), (5, 29), (1, 34), (37, 48), (14, 47), (9, 36), (35, 37), (13, 44), (51, 57), (49, 58), (47, 59), (45, 46), (11, 42), (33, 56), (41, 51), (36, 40), (40, 50), (12, 32), (45, 67), (9, 25), (17, 69), (34, 70), (66, 69), (52, 72), (1, 55), (10, 74), (70, 74), (63, 76), (65, 77), (38, 44), (11, 79), (68, 80), (16, 66), (32, 82), (63, 83), (48, 54), (23, 43), (53, 86), (32, 86), (39, 88), (53, 89), (40, 88), (32, 62), (19, 65), (61, 93), (3, 62), (93, 95), (4, 42), (40, 97), (49, 98), (80, 98), (72, 78), (0, 50), (4, 20), (68, 103), (5, 21), (43, 105), (64, 106), (103, 105), (57, 108), (2, 17), (59, 108), (46, 110), (25, 112), (76, 112), (54, 106), (55, 110), (10, 92), (2, 117), (61, 118))
((7, 15), (0, 32), (8, 33), (16, 34), (18, 26), (15, 31), (27, 37), (6, 22), (23, 31), (14, 39), (19, 27), (22, 30), (20, 28), (3, 38), (10, 26), (13, 21), (30, 41), (12, 28), (24, 35), (5, 29), (1, 34), (37, 48), (14, 47), (9, 36), (35, 37), (13, 44), (51, 57), (49, 58), (45, 46), (11, 42), (33, 56), (41, 51), (36, 40), (40, 50), (12, 32), (45, 66), (9, 25), (17, 68), (34, 69), (65, 68), (52, 71), (1, 55), (10, 73), (69, 73), (62, 75), (64, 76), (38, 44), (11, 78), (67, 79), (16, 65), (32, 81), (62, 82), (23, 43), (32, 84), (39, 85), (53, 86), (40, 85), (32, 61), (19, 64), (60, 90), (3, 61), (4, 42), (40, 93), (49, 94), (79, 94), (71, 77), (0, 50), (4, 20), (5, 21), (43, 100), (63, 101), (99, 100), (59, 103), (2, 17), (46, 105), (25, 106), (75, 106), (2, 89), (48, 54), (55, 105), (57, 103), (47, 59), (53, 84), (10, 109), (67, 99), (54, 101), (60, 115), (90, 92))
((7, 15), (0, 32), (8, 33), (16, 34), (18, 26), (15, 31), (27, 37), (6, 22), (23, 31), (14, 39), (19, 27), (22, 30), (20, 28), (3, 38), (10, 26), (13, 21), (30, 41), (12, 28), (24, 35), (5, 29), (1, 34), (37, 48), (14, 47), (9, 36), (35, 37), (13, 44), (51, 57), (49, 58), (47, 59), (45, 46), (11, 42), (33, 56), (41, 51), (36, 40), (40, 50), (12, 32), (45, 67), (9, 25), (17, 69), (34, 70), (66, 69), (52, 72), (1, 55), (10, 74), (70, 74), (63, 76), (65, 77), (48, 54), (38, 44), (11, 80), (68, 81), (16, 66), (32, 83), (63, 84), (23, 43), (53, 86), (32, 86), (39, 88), (53, 89), (40, 88), (32, 62), (19, 65), (61, 93), (72, 78), (3, 62), (93, 96), (4, 42), (40, 98), (49, 99), (81, 99), (0, 50), (4, 20), (68, 103), (5, 21), (43, 105), (64, 106), (54, 106), (103, 105), (59, 109), (57, 109), (2, 17), (55, 112), (46, 112), (25, 114), (76, 114), (2, 92), (10, 117), (61, 118))
((7, 15), (0, 32), (8, 33), (16, 34), (18, 26), (15, 31), (27, 37), (6, 22), (23, 31), (14, 39), (19, 27), (22, 30), (20, 28), (3, 38), (10, 26), (13, 21), (30, 41), (12, 28), (24, 35), (5, 29), (1, 34), (37, 48), (14, 47), (9, 36), (35, 37), (13, 44), (51, 57), (49, 58), (47, 59), (45, 46), (11, 42), (33, 56), (41, 51), (36, 40), (40, 50), (9, 25), (17, 67), (66, 67), (1, 55), (68, 70), (63, 71), (65, 72), (38, 44), (11, 74), (16, 66), (32, 76), (63, 77), (48, 54), (23, 43), (53, 80), (32, 80), (39, 82), (53, 83), (32, 62), (19, 65), (61, 86), (3, 62), (86, 88), (4, 42), (40, 90), (49, 91), (75, 91), (0, 50), (4, 20), (5, 21), (43, 96), (64, 97), (95, 96), (59, 99), (57, 99), (2, 17), (46, 102), (71, 103), (2, 85), (34, 68), (10, 105), (61, 107), (40, 82), (25, 103), (69, 73), (10, 70), (54, 97), (52, 69), (55, 102), (12, 32), (45, 116), (75, 117), (95, 117))
((7, 15), (0, 32), (8, 33), (16, 34), (18, 26), (15, 31), (27, 37), (6, 22), (23, 31), (14, 39), (19, 27), (22, 30), (20, 28), (3, 38), (10, 26), (13, 21), (30, 41), (12, 28), (24, 35), (5, 29), (37, 48), (14, 47), (9, 36), (35, 37), (13, 44), (51, 56), (49, 57), (45, 46), (11, 42), (33, 55), (36, 40), (40, 50), (12, 32), (45, 64), (9, 25), (17, 66), (63, 66), (1, 54), (67, 69), (38, 44), (11, 71), (23, 43), (32, 73), (19, 62), (4, 42), (40, 76), (4, 20), (5, 21), (43, 79), (2, 17), (39, 74), (46, 81), (62, 70), (61, 84), (78, 79), (59, 75), (41, 51), (32, 63), (16, 89), (10, 32), (60, 91), (2, 92), (80, 88), (52, 82), (61, 90), (40, 74), (34, 67), (53, 80), (47, 58), (10, 69), (25, 83), (70, 83), (65, 72), (59, 93), (0, 50), (52, 73), (68, 85), (54, 81), (48, 53), (58, 86), (72, 77), (49, 77), (56, 86), (65, 78), (34, 68), (1, 116), (60, 75), (3, 118))
((7, 15), (0, 32), (8, 33), (16, 34), (18, 26), (15, 31), (27, 37), (6, 22), (23, 31), (14, 39), (19, 27), (22, 30), (20, 28), (3, 38), (10, 26), (13, 21), (30, 41), (12, 28), (24, 35), (5, 29), (9, 36), (35, 37), (13, 44), (51, 54), (49, 55), (11, 42), (33, 53), (36, 40), (40, 50), (9, 25), (17, 61), (1, 52), (62, 63), (58, 64), (38, 44), (16, 60), (23, 43), (32, 68), (39, 69), (32, 57), (4, 20), (5, 21), (72, 73), (2, 17), (2, 71), (40, 42), (45, 46), (54, 74), (10, 76), (41, 51), (40, 69), (59, 65), (78, 80), (56, 74), (52, 75), (34, 62), (11, 66), (46, 75), (25, 89), (64, 89), (60, 61), (32, 45), (12, 93), (10, 63), (47, 56), (37, 48), (70, 97), (68, 97), (88, 94), (72, 94), (83, 92), (32, 67), (58, 103), (14, 47), (48, 105), (4, 77), (49, 107), (88, 107), (1, 92), (34, 110), (0, 50), (43, 73), (81, 113), (105, 113), (19, 59), (78, 116), (3, 57), (116, 118))
((15, 31), (7, 15), (20, 28), (19, 27), (5, 21), (13, 21), (6, 22), (14, 37), (2, 17), (22, 30), (36, 41), (5, 29), (23, 31), (0, 33), (9, 25), (4, 20), (13, 34), (35, 44), (8, 45), (18, 26), (23, 41), (11, 35), (17, 46), (12, 33), (36, 47), (33, 52), (10, 26), (14, 38), (30, 59), (43, 59), (42, 61), (48, 56), (16, 50), (12, 28), (9, 51), (10, 33), (1, 50), (24, 64), (38, 57), (44, 51), (43, 48), (44, 57), (32, 60), (65, 72), (27, 32), (52, 74), (0, 69), (32, 64), (37, 75), (4, 49), (44, 69), (46, 82), (19, 71), (68, 83), (3, 76), (11, 34), (45, 79), (65, 81), (2, 67), (3, 84), (1, 66), (56, 75), (50, 54), (39, 42), (10, 92), (40, 58), (39, 60), (58, 86), (76, 87), (54, 92), (40, 66), (88, 101), (84, 99), (71, 103), (16, 82), (33, 106), (53, 90), (88, 107), (53, 91), (97, 101), (99, 108), (83, 105), (25, 97), (81, 100), (70, 74), (55, 86), (100, 117), (47, 117))
((9, 25), (17, 32), (2, 17), (18, 26), (9, 35), (1, 36), (33, 37), (15, 31), (27, 39), (3, 40), (34, 36), (19, 27), (22, 30), (4, 43), (4, 20), (10, 26), (5, 29), (5, 21), (44, 49), (46, 49), (34, 47), (38, 52), (25, 52), (10, 37), (20, 28), (40, 56), (6, 22), (14, 58), (30, 59), (39, 60), (11, 43), (11, 57), (41, 47), (48, 59), (50, 65), (3, 62), (12, 28), (7, 15), (12, 69), (0, 69), (41, 70), (63, 72), (46, 72), (62, 69), (2, 75), (10, 76), (64, 77), (13, 21), (14, 79), (50, 80), (60, 80), (13, 56), (48, 83), (68, 84), (51, 85), (79, 85), (51, 83), (23, 31), (45, 89), (68, 90), (63, 90), (35, 89), (19, 93), (64, 94), (67, 94), (8, 71), (16, 97), (24, 98), (0, 99), (39, 98), (71, 101), (38, 102), (93, 103), (1, 97), (89, 99), (16, 106), (69, 107), (102, 108), (32, 106), (105, 110), (104, 110), (33, 97), (23, 44), (61, 114), (69, 114), (89, 116), (58, 116), (61, 118))
((7, 15), (2, 17), (4, 20), (13, 21), (5, 21), (6, 22), (9, 25), (18, 26), (10, 26), (19, 27), (20, 28), (12, 28), (5, 29), (22, 30), (15, 31), (23, 31), (0, 32), (12, 32), (14, 35), (34, 36), (14, 37), (17, 38), (9, 39), (33, 40), (11, 41), (4, 41), (13, 42), (23, 45), (36, 45), (27, 46), (39, 47), (8, 48), (30, 52), (44, 52), (1, 54), (33, 54), (25, 55), (32, 56), (3, 56), (47, 57), (44, 58), (51, 58), (32, 59), (50, 60), (3, 61), (42, 61), (19, 62), (16, 63), (1, 63), (53, 63), (46, 64), (50, 64), (60, 65), (10, 66), (53, 66), (2, 69), (43, 71), (43, 72), (37, 74), (47, 74), (40, 76), (49, 76), (11, 77), (70, 78), (24, 79), (46, 79), (59, 82), (55, 86), (10, 87), (35, 89), (51, 89), (82, 90), (78, 92), (34, 93), (93, 94), (71, 94), (47, 96), (0, 96), (48, 97), (92, 100), (38, 108), (16, 108), (86, 110), (80, 112), (32, 113), (62, 114), (110, 116), (112, 117))
((7, 15), (0, 32), (8, 33), (16, 34), (18, 26), (15, 31), (27, 37), (6, 22), (23, 31), (14, 39), (19, 27), (22, 30), (20, 28), (3, 38), (10, 26), (13, 21), (30, 41), (12, 28), (24, 35), (5, 29), (1, 34), (37, 48), (14, 47), (9, 36), (35, 37), (13, 44), (51, 57), (45, 46), (11, 42), (33, 56), (41, 51), (36, 40), (40, 50), (12, 32), (45, 65), (9, 25), (17, 67), (34, 68), (64, 67), (52, 70), (1, 55), (68, 72), (38, 44), (11, 74), (66, 75), (16, 64), (32, 77), (61, 78), (48, 54), (23, 43), (53, 81), (32, 81), (39, 83), (53, 84), (40, 83), (32, 60), (19, 63), (59, 88), (4, 42), (40, 90), (49, 91), (0, 50), (4, 20), (66, 94), (5, 21), (43, 96), (62, 97), (54, 97), (94, 96), (57, 100), (2, 17), (2, 87), (10, 103), (59, 104), (46, 102), (25, 106), (73, 106), (63, 73), (61, 109), (70, 110), (10, 72), (49, 58), (47, 113), (100, 113), (55, 102), (75, 91), (60, 88), (3, 118))
((7, 15), (0, 32), (8, 33), (16, 34), (18, 26), (15, 31), (27, 37), (6, 22), (23, 31), (14, 39), (19, 27), (22, 30), (20, 28), (3, 38), (10, 26), (13, 21), (30, 41), (12, 28), (24, 35), (5, 29), (1, 34), (9, 36), (35, 37), (13, 44), (51, 55), (11, 42), (33, 54), (36, 40), (40, 50), (12, 32), (45, 61), (9, 25), (17, 63), (34, 64), (1, 53), (10, 66), (64, 66), (59, 68), (38, 44), (11, 70), (62, 71), (16, 60), (32, 73), (58, 74), (23, 43), (32, 76), (39, 77), (40, 77), (32, 57), (19, 59), (4, 42), (40, 82), (0, 50), (4, 20), (62, 85), (5, 21), (58, 69), (71, 83), (49, 83), (37, 48), (78, 91), (76, 91), (60, 63), (52, 94), (88, 94), (2, 17), (53, 97), (46, 97), (25, 99), (2, 80), (10, 101), (45, 46), (81, 103), (102, 103), (3, 57), (81, 106), (14, 47), (48, 108), (43, 87), (108, 110), (49, 56), (85, 87), (112, 113), (55, 113), (47, 112), (41, 51), (110, 117), (68, 99))
((7, 15), (6, 22), (15, 31), (14, 33), (11, 27), (34, 36), (9, 17), (19, 27), (37, 39), (23, 31), (3, 32), (22, 30), (23, 43), (2, 10), (32, 44), (41, 46), (18, 26), (4, 20), (2, 17), (8, 32), (0, 51), (34, 52), (3, 36), (16, 53), (8, 55), (12, 28), (42, 45), (54, 58), (16, 24), (30, 35), (5, 29), (35, 62), (19, 59), (20, 42), (11, 65), (57, 66), (9, 48), (50, 68), (1, 68), (10, 70), (41, 48), (54, 72), (52, 56), (5, 21), (49, 75), (13, 21), (14, 77), (61, 78), (25, 38), (52, 80), (70, 80), (51, 60), (41, 83), (53, 84), (4, 12), (29, 86), (77, 87), (37, 86), (66, 89), (57, 88), (76, 91), (33, 46), (34, 61), (93, 94), (44, 94), (43, 75), (78, 97), (38, 60), (56, 99), (1, 100), (72, 82), (74, 102), (99, 102), (63, 97), (10, 26), (50, 106), (82, 107), (25, 107), (40, 41), (28, 110), (89, 111), (49, 111), (40, 106), (73, 114), (58, 114), (74, 85), (76, 87), (62, 91))
((15, 31), (20, 28), (4, 20), (22, 30), (23, 31), (27, 32), (3, 37), (33, 37), (5, 29), (13, 33), (23, 35), (2, 17), (11, 39), (13, 21), (12, 28), (9, 25), (6, 22), (19, 27), (5, 21), (4, 49), (10, 26), (40, 41), (46, 53), (34, 50), (43, 52), (45, 54), (17, 47), (41, 55), (36, 51), (18, 26), (54, 55), (14, 48), (38, 52), (9, 61), (46, 60), (35, 50), (7, 15), (14, 45), (11, 49), (0, 68), (36, 61), (43, 65), (12, 68), (40, 63), (67, 69), (25, 56), (44, 60), (42, 68), (36, 79), (68, 70), (3, 70), (67, 75), (8, 71), (58, 84), (48, 79), (19, 72), (38, 74), (44, 88), (82, 87), (1, 84), (2, 81), (1, 65), (30, 63), (32, 94), (10, 93), (34, 88), (58, 93), (86, 95), (10, 92), (69, 94), (56, 98), (16, 84), (64, 100), (42, 95), (24, 103), (32, 103), (71, 107), (64, 87), (98, 108), (36, 106), (72, 110), (47, 111), (112, 113), (91, 113), (16, 111), (0, 106), (68, 116), (108, 118))
((7, 15), (0, 32), (8, 33), (16, 34), (18, 26), (15, 31), (27, 37), (6, 22), (23, 31), (14, 39), (19, 27), (22, 30), (20, 28), (3, 38), (10, 26), (13, 21), (30, 41), (12, 28), (24, 35), (5, 29), (1, 34), (37, 48), (14, 47), (9, 36), (35, 37), (13, 44), (51, 57), (49, 58), (47, 59), (45, 46), (11, 42), (33, 56), (41, 51), (36, 40), (40, 50), (9, 25), (17, 67), (34, 68), (66, 67), (52, 70), (1, 55), (10, 72), (68, 72), (63, 74), (65, 75), (38, 44), (11, 77), (16, 66), (32, 79), (63, 80), (48, 54), (23, 43), (53, 83), (32, 83), (39, 85), (53, 86), (40, 85), (32, 62), (19, 65), (61, 90), (3, 62), (90, 92), (4, 42), (40, 94), (49, 95), (78, 95), (70, 76), (0, 50), (4, 20), (5, 21), (43, 101), (64, 102), (54, 102), (100, 101), (59, 105), (57, 105), (2, 17), (55, 108), (2, 10), (89, 110), (46, 108), (74, 112), (25, 112), (61, 111), (32, 45), (12, 116), (78, 117), (100, 117))
((7, 15), (0, 32), (8, 33), (16, 34), (18, 26), (15, 31), (27, 37), (6, 22), (23, 31), (14, 39), (19, 27), (22, 30), (20, 28), (3, 38), (10, 26), (13, 21), (30, 41), (12, 28), (24, 35), (5, 29), (1, 34), (37, 48), (14, 47), (9, 36), (35, 37), (13, 44), (51, 57), (49, 58), (47, 59), (45, 46), (11, 42), (33, 56), (41, 51), (36, 40), (40, 50), (9, 25), (17, 67), (66, 67), (1, 55), (68, 70), (63, 71), (65, 72), (38, 44), (11, 74), (16, 66), (32, 76), (63, 77), (48, 54), (23, 43), (32, 80), (39, 81), (53, 82), (40, 81), (32, 62), (19, 65), (4, 42), (40, 87), (69, 73), (4, 20), (5, 21), (43, 91), (64, 92), (90, 91), (59, 94), (57, 94), (2, 17), (46, 97), (25, 98), (71, 98), (2, 85), (10, 101), (10, 70), (75, 88), (61, 102), (32, 45), (54, 92), (53, 80), (34, 68), (49, 88), (61, 86), (0, 50), (52, 69), (55, 97), (12, 106), (90, 115), (75, 115), (3, 62), (86, 118))
((7, 15), (0, 32), (8, 33), (16, 34), (18, 26), (15, 31), (27, 37), (6, 22), (23, 31), (14, 39), (19, 27), (22, 30), (20, 28), (3, 38), (10, 26), (13, 21), (30, 41), (12, 28), (24, 35), (5, 29), (1, 34), (37, 48), (14, 47), (9, 36), (35, 37), (13, 44), (51, 57), (49, 58), (47, 59), (45, 46), (11, 42), (33, 56), (41, 51), (36, 40), (40, 50), (12, 32), (45, 67), (9, 25), (17, 69), (34, 70), (66, 69), (52, 72), (1, 55), (10, 74), (70, 74), (63, 76), (65, 77), (38, 44), (11, 79), (68, 80), (16, 66), (32, 82), (63, 83), (48, 54), (23, 43), (53, 86), (32, 86), (39, 88), (53, 89), (40, 88), (32, 62), (19, 65), (61, 93), (3, 62), (93, 95), (4, 42), (40, 97), (49, 98), (80, 98), (72, 78), (0, 50), (4, 20), (68, 103), (5, 21), (43, 105), (64, 106), (54, 106), (103, 105), (59, 109), (57, 109), (2, 17), (55, 112), (46, 112), (25, 114), (76, 114), (2, 92), (10, 117), (61, 118))
((0, 24), (15, 31), (32, 33), (2, 10), (7, 31), (26, 35), (15, 23), (11, 27), (33, 39), (10, 18), (5, 13), (3, 39), (11, 19), (38, 44), (30, 42), (17, 25), (1, 8), (14, 22), (9, 25), (41, 50), (35, 40), (36, 52), (18, 37), (16, 38), (12, 28), (6, 22), (4, 12), (3, 36), (38, 54), (23, 49), (5, 21), (56, 62), (57, 62), (46, 64), (20, 28), (8, 34), (38, 67), (17, 36), (32, 69), (1, 9), (40, 56), (41, 45), (43, 73), (21, 29), (14, 75), (64, 76), (48, 55), (47, 78), (37, 47), (59, 60), (73, 81), (53, 81), (33, 57), (61, 84), (32, 55), (13, 58), (63, 87), (19, 53), (29, 66), (42, 90), (63, 90), (4, 45), (66, 93), (72, 93), (70, 71), (51, 80), (36, 61), (46, 49), (2, 71), (54, 100), (51, 100), (0, 67), (50, 103), (78, 104), (70, 104), (16, 103), (36, 107), (34, 108), (20, 27), (59, 110), (72, 111), (58, 111), (6, 30), (76, 114), (7, 114), (84, 116), (38, 116), (75, 87))
((5, 21), (15, 31), (23, 31), (9, 25), (19, 34), (1, 25), (3, 27), (16, 34), (4, 28), (29, 40), (32, 41), (12, 40), (33, 38), (24, 39), (17, 45), (22, 30), (35, 46), (2, 10), (6, 14), (7, 50), (10, 26), (7, 33), (23, 53), (49, 54), (20, 43), (1, 17), (5, 13), (8, 24), (33, 59), (13, 29), (42, 61), (42, 56), (6, 22), (61, 64), (4, 20), (0, 34), (59, 67), (54, 59), (39, 69), (58, 66), (41, 71), (35, 52), (63, 71), (12, 44), (51, 54), (18, 37), (49, 77), (48, 57), (47, 53), (73, 77), (34, 64), (80, 82), (44, 52), (57, 78), (73, 85), (18, 26), (85, 87), (36, 87), (84, 89), (14, 58), (47, 91), (32, 92), (50, 93), (65, 93), (27, 36), (43, 96), (11, 96), (3, 98), (75, 99), (56, 100), (34, 99), (89, 102), (54, 102), (66, 104), (97, 105), (100, 105), (37, 60), (0, 33), (45, 109), (65, 91), (67, 70), (48, 112), (46, 108), (69, 110), (108, 113), (55, 98), (51, 82), (84, 117))
((7, 15), (0, 32), (8, 33), (16, 34), (18, 26), (15, 31), (27, 37), (6, 22), (23, 31), (14, 39), (19, 27), (22, 30), (20, 28), (3, 38), (10, 26), (13, 21), (30, 41), (12, 28), (24, 35), (5, 29), (1, 34), (37, 48), (14, 47), (9, 36), (35, 37), (13, 44), (51, 57), (49, 58), (47, 59), (45, 46), (11, 42), (33, 56), (41, 51), (36, 40), (40, 50), (12, 32), (45, 67), (9, 25), (17, 69), (66, 69), (52, 71), (1, 55), (10, 73), (70, 73), (63, 75), (65, 76), (38, 44), (11, 78), (68, 79), (16, 66), (32, 81), (63, 82), (48, 54), (23, 43), (53, 85), (32, 85), (39, 87), (53, 88), (40, 87), (32, 62), (19, 65), (61, 92), (3, 62), (92, 94), (4, 42), (40, 96), (79, 97), (71, 77), (0, 50), (4, 20), (68, 101), (5, 21), (43, 103), (64, 104), (54, 104), (101, 103), (59, 107), (57, 107), (2, 17), (46, 110), (75, 111), (2, 91), (10, 113), (61, 114), (34, 70), (49, 97), (55, 110), (25, 111))
((7, 15), (0, 32), (8, 33), (16, 34), (18, 26), (15, 31), (27, 37), (6, 22), (23, 31), (14, 39), (19, 27), (22, 30), (20, 28), (3, 38), (10, 26), (13, 21), (30, 41), (12, 28), (24, 35), (5, 29), (1, 34), (37, 48), (14, 47), (9, 36), (35, 37), (13, 44), (51, 57), (49, 58), (47, 59), (45, 46), (11, 42), (33, 56), (41, 51), (36, 40), (40, 50), (12, 32), (45, 67), (9, 25), (17, 69), (34, 70), (66, 69), (52, 72), (1, 55), (10, 74), (70, 74), (63, 76), (65, 77), (38, 44), (11, 79), (68, 80), (16, 66), (32, 82), (63, 83), (48, 54), (23, 43), (53, 86), (32, 86), (39, 88), (53, 89), (40, 88), (32, 62), (19, 65), (61, 93), (3, 62), (93, 95), (4, 42), (40, 97), (49, 98), (80, 98), (72, 78), (0, 50), (4, 20), (68, 103), (5, 21), (43, 105), (64, 106), (54, 106), (103, 105), (59, 109), (57, 109), (2, 17), (55, 112), (46, 112), (25, 114), (76, 114), (2, 92), (10, 117), (61, 118))
((10, 26), (4, 20), (9, 25), (12, 28), (22, 30), (5, 21), (23, 31), (7, 15), (12, 39), (13, 21), (6, 22), (14, 42), (20, 28), (0, 39), (19, 27), (23, 36), (18, 26), (9, 48), (1, 49), (5, 29), (8, 45), (4, 46), (39, 47), (14, 41), (15, 31), (36, 37), (2, 17), (27, 56), (3, 59), (1, 52), (16, 52), (13, 44), (44, 59), (11, 64), (11, 46), (3, 66), (42, 54), (40, 60), (30, 43), (56, 70), (24, 62), (38, 72), (68, 71), (17, 34), (0, 72), (50, 75), (65, 69), (51, 63), (38, 48), (55, 57), (39, 66), (19, 80), (32, 60), (35, 79), (38, 53), (56, 62), (45, 87), (49, 58), (83, 84), (34, 73), (10, 50), (77, 88), (2, 82), (33, 69), (16, 73), (80, 93), (10, 94), (52, 75), (55, 70), (39, 96), (35, 86), (91, 97), (43, 51), (33, 37), (84, 98), (32, 58), (65, 86), (41, 85), (88, 101), (63, 105), (67, 83), (25, 107), (85, 105), (77, 107), (47, 71), (61, 91), (57, 104), (38, 54))
((7, 15), (0, 32), (8, 33), (16, 34), (24, 35), (0, 36), (9, 25), (17, 38), (34, 39), (18, 26), (9, 41), (1, 42), (10, 43), (15, 31), (35, 45), (33, 46), (23, 31), (36, 48), (16, 49), (32, 50), (47, 51), (19, 27), (11, 53), (32, 54), (2, 55), (10, 56), (41, 48), (39, 43), (47, 59), (58, 60), (2, 17), (42, 62), (6, 22), (14, 64), (30, 65), (45, 66), (22, 30), (23, 68), (32, 69), (64, 70), (67, 71), (27, 45), (3, 73), (12, 32), (74, 75), (20, 28), (73, 77), (11, 78), (76, 79), (10, 26), (74, 81), (19, 58), (82, 83), (62, 81), (25, 85), (3, 54), (83, 87), (48, 70), (59, 85), (57, 82), (12, 28), (5, 29), (13, 77), (93, 94), (92, 95), (4, 20), (5, 21), (97, 98), (96, 99), (4, 53), (48, 101), (79, 102), (92, 102), (76, 97), (1, 34), (38, 49), (106, 107), (13, 21), (14, 109), (68, 98), (110, 111), (96, 109), (61, 107), (94, 99), (67, 69), (66, 110), (65, 93), (111, 118))
((7, 15), (0, 32), (8, 33), (16, 34), (18, 26), (15, 31), (27, 37), (6, 22), (23, 31), (14, 39), (19, 27), (22, 30), (20, 28), (3, 38), (10, 26), (13, 21), (30, 41), (12, 28), (24, 35), (5, 29), (1, 34), (37, 48), (14, 47), (9, 36), (35, 37), (13, 44), (51, 57), (49, 58), (47, 59), (45, 46), (11, 42), (33, 56), (41, 51), (36, 40), (40, 50), (12, 32), (45, 67), (9, 25), (17, 69), (34, 70), (66, 69), (52, 72), (1, 55), (10, 74), (70, 74), (63, 76), (65, 77), (38, 44), (11, 79), (0, 50), (68, 80), (72, 78), (48, 54), (23, 43), (53, 85), (32, 85), (40, 87), (39, 87), (53, 89), (2, 17), (55, 91), (46, 91), (25, 93), (76, 93), (19, 65), (61, 96), (16, 32), (66, 98), (63, 99), (3, 96), (62, 101), (4, 20), (68, 103), (5, 21), (103, 105), (59, 106), (57, 106), (43, 105), (54, 109), (64, 109), (40, 42), (4, 112), (80, 113), (49, 113), (2, 10), (32, 62), (116, 117), (61, 118))
((7, 15), (0, 32), (8, 33), (16, 34), (18, 26), (15, 31), (27, 37), (6, 22), (23, 31), (14, 39), (19, 27), (22, 30), (20, 28), (3, 38), (10, 26), (13, 21), (30, 41), (12, 28), (24, 35), (5, 29), (9, 36), (35, 37), (13, 44), (51, 54), (45, 46), (11, 42), (33, 53), (36, 40), (40, 50), (12, 32), (45, 61), (9, 25), (17, 63), (1, 52), (64, 65), (38, 44), (11, 67), (23, 43), (32, 69), (32, 57), (19, 59), (4, 42), (4, 20), (5, 21), (2, 17), (16, 60), (43, 75), (49, 55), (60, 63), (14, 47), (3, 57), (46, 76), (40, 73), (10, 71), (58, 66), (74, 75), (39, 70), (1, 80), (62, 74), (49, 84), (34, 89), (37, 48), (88, 93), (69, 93), (59, 86), (32, 77), (58, 97), (68, 84), (48, 81), (41, 51), (78, 101), (2, 85), (56, 103), (80, 96), (62, 68), (56, 72), (40, 70), (34, 64), (10, 65), (25, 83), (79, 87), (54, 87), (52, 76), (72, 82), (66, 83), (0, 50), (78, 81), (47, 79))
((7, 15), (0, 32), (8, 33), (16, 34), (18, 26), (15, 31), (27, 37), (6, 22), (23, 31), (14, 39), (19, 27), (22, 30), (20, 28), (3, 38), (10, 26), (13, 21), (30, 41), (12, 28), (24, 35), (5, 29), (1, 34), (37, 48), (14, 47), (9, 36), (35, 37), (13, 44), (51, 57), (49, 58), (47, 59), (45, 46), (11, 42), (33, 56), (41, 51), (36, 40), (40, 50), (12, 32), (45, 67), (9, 25), (17, 69), (34, 70), (66, 69), (52, 72), (1, 55), (10, 74), (70, 74), (63, 76), (65, 77), (38, 44), (11, 79), (68, 80), (16, 66), (32, 82), (63, 83), (48, 54), (23, 43), (53, 86), (32, 86), (39, 88), (53, 89), (40, 88), (32, 62), (19, 65), (61, 93), (3, 62), (93, 95), (4, 42), (40, 97), (49, 98), (80, 98), (72, 78), (0, 50), (4, 20), (68, 103), (5, 21), (43, 105), (54, 106), (64, 106), (103, 105), (59, 109), (57, 109), (2, 17), (55, 112), (46, 112), (25, 114), (76, 114), (10, 92), (2, 117), (61, 118))
((7, 15), (0, 32), (8, 33), (16, 34), (18, 26), (15, 31), (27, 37), (6, 22), (23, 31), (14, 39), (19, 27), (22, 30), (20, 28), (3, 38), (10, 26), (13, 21), (30, 41), (12, 28), (24, 35), (5, 29), (1, 34), (37, 48), (14, 47), (9, 36), (35, 37), (13, 44), (51, 57), (49, 58), (47, 59), (45, 46), (11, 42), (33, 56), (41, 51), (36, 40), (40, 50), (12, 32), (45, 67), (9, 25), (17, 69), (34, 70), (66, 69), (52, 72), (1, 55), (10, 74), (70, 74), (63, 76), (65, 77), (38, 44), (11, 79), (68, 80), (16, 66), (32, 82), (63, 83), (48, 54), (23, 43), (53, 86), (32, 86), (39, 88), (53, 89), (40, 88), (32, 62), (19, 65), (61, 93), (3, 62), (93, 95), (4, 42), (40, 97), (49, 98), (80, 98), (72, 78), (0, 50), (4, 20), (68, 103), (5, 21), (43, 105), (64, 106), (54, 106), (103, 105), (59, 109), (57, 109), (2, 17), (55, 112), (46, 112), (25, 114), (76, 114), (2, 92), (10, 117), (61, 118))
((5, 21), (15, 31), (23, 31), (9, 25), (19, 34), (1, 25), (3, 27), (16, 34), (4, 28), (29, 40), (32, 41), (12, 40), (33, 38), (24, 39), (17, 45), (22, 30), (35, 46), (2, 10), (6, 14), (7, 50), (10, 26), (7, 33), (23, 53), (49, 54), (20, 43), (1, 17), (5, 13), (8, 24), (33, 59), (13, 29), (42, 61), (42, 56), (6, 22), (61, 64), (4, 20), (0, 34), (59, 67), (54, 59), (39, 69), (58, 66), (41, 71), (35, 52), (63, 71), (12, 44), (51, 54), (18, 37), (49, 77), (48, 57), (47, 53), (73, 77), (34, 64), (80, 82), (44, 52), (57, 78), (73, 85), (18, 26), (85, 87), (36, 87), (84, 89), (14, 58), (47, 91), (32, 92), (50, 93), (65, 93), (27, 36), (43, 96), (11, 96), (3, 98), (75, 99), (56, 100), (34, 99), (89, 102), (54, 102), (66, 104), (97, 105), (100, 105), (51, 82), (37, 60), (46, 109), (0, 33), (45, 111), (65, 91), (69, 112), (55, 98), (84, 115), (67, 70), (48, 117), (109, 118))
((6, 22), (12, 28), (10, 26), (20, 28), (4, 20), (19, 27), (11, 37), (4, 37), (22, 30), (13, 35), (9, 25), (13, 21), (7, 15), (15, 31), (2, 17), (23, 40), (23, 31), (14, 43), (44, 47), (5, 29), (14, 32), (39, 48), (18, 26), (5, 21), (0, 44), (51, 52), (30, 52), (17, 42), (34, 46), (9, 54), (40, 55), (12, 44), (48, 54), (57, 62), (38, 44), (49, 58), (3, 38), (36, 55), (1, 61), (2, 66), (27, 45), (19, 64), (68, 73), (46, 61), (41, 69), (35, 72), (10, 71), (8, 56), (16, 79), (25, 60), (24, 80), (33, 53), (49, 62), (45, 58), (3, 72), (34, 86), (63, 86), (1, 79), (47, 85), (10, 70), (36, 88), (41, 51), (33, 93), (45, 80), (32, 50), (69, 94), (73, 87), (78, 87), (59, 79), (0, 82), (59, 70), (48, 50), (60, 102), (48, 82), (43, 94), (85, 96), (56, 95), (11, 77), (53, 109), (88, 109), (16, 105), (44, 112), (102, 108), (42, 105), (89, 115), (64, 114), (115, 117), (108, 113))
((7, 15), (0, 32), (8, 33), (16, 34), (18, 26), (15, 31), (27, 37), (6, 22), (23, 31), (14, 39), (19, 27), (22, 30), (20, 28), (3, 38), (10, 26), (24, 35), (9, 36), (11, 42), (36, 40), (40, 47), (12, 32), (9, 25), (38, 44), (23, 43), (4, 42), (4, 20), (5, 21), (51, 53), (2, 10), (45, 46), (30, 41), (37, 62), (5, 29), (41, 64), (57, 58), (19, 50), (13, 44), (64, 68), (40, 56), (13, 21), (14, 71), (32, 51), (43, 58), (72, 74), (1, 48), (10, 76), (61, 67), (35, 37), (33, 79), (50, 80), (12, 28), (69, 82), (66, 83), (2, 17), (16, 73), (80, 86), (48, 85), (46, 85), (1, 34), (59, 90), (55, 63), (62, 72), (11, 54), (0, 47), (25, 89), (70, 94), (71, 83), (66, 68), (65, 74), (32, 55), (39, 101), (63, 102), (45, 52), (94, 104), (57, 104), (49, 67), (3, 107), (49, 60), (32, 109), (61, 110), (17, 53), (34, 112), (76, 112), (81, 114), (59, 115), (89, 114), (40, 101), (70, 82))
((5, 29), (15, 31), (11, 33), (19, 27), (1, 17), (7, 15), (0, 37), (8, 38), (33, 39), (23, 31), (30, 32), (10, 18), (7, 23), (24, 44), (25, 36), (40, 45), (6, 22), (42, 48), (9, 46), (20, 28), (12, 51), (4, 52), (4, 28), (9, 17), (38, 47), (10, 26), (13, 32), (14, 30), (34, 43), (55, 56), (5, 21), (6, 14), (51, 58), (2, 18), (21, 58), (49, 66), (16, 40), (3, 11), (35, 41), (60, 70), (62, 63), (67, 72), (42, 72), (53, 62), (69, 71), (20, 70), (53, 77), (56, 68), (15, 63), (41, 80), (44, 65), (71, 82), (52, 69), (64, 75), (49, 59), (29, 54), (66, 87), (75, 87), (37, 84), (44, 59), (80, 91), (16, 41), (56, 93), (45, 46), (94, 95), (27, 34), (54, 97), (90, 98), (77, 98), (57, 97), (76, 101), (35, 102), (82, 102), (36, 43), (1, 39), (50, 106), (26, 55), (65, 108), (48, 81), (37, 110), (91, 110), (105, 108), (50, 109), (57, 114), (105, 114), (44, 61), (96, 117), (106, 117))
((5, 21), (9, 25), (4, 20), (32, 34), (7, 15), (12, 36), (17, 33), (0, 36), (23, 31), (12, 28), (18, 26), (9, 42), (1, 43), (10, 44), (38, 44), (20, 28), (13, 47), (35, 48), (40, 42), (19, 50), (8, 39), (38, 52), (5, 29), (48, 54), (2, 17), (43, 56), (41, 55), (35, 58), (13, 21), (58, 60), (15, 31), (16, 52), (62, 63), (24, 63), (0, 65), (19, 27), (6, 22), (14, 68), (54, 69), (27, 62), (10, 26), (56, 72), (30, 69), (40, 65), (33, 75), (1, 52), (76, 77), (4, 67), (16, 75), (36, 80), (40, 79), (41, 82), (2, 10), (62, 74), (25, 73), (46, 73), (39, 64), (81, 88), (14, 60), (74, 90), (46, 88), (50, 92), (76, 93), (3, 71), (22, 30), (32, 96), (90, 97), (70, 97), (23, 96), (85, 100), (72, 95), (51, 102), (36, 100), (40, 104), (68, 104), (85, 106), (37, 95), (34, 108), (11, 67), (3, 110), (51, 111), (36, 110), (84, 113), (102, 114), (47, 71), (11, 116), (108, 117), (82, 117))
((5, 21), (15, 31), (23, 31), (9, 25), (19, 34), (1, 25), (3, 27), (16, 34), (4, 28), (29, 40), (32, 41), (12, 40), (33, 38), (24, 39), (17, 45), (22, 30), (35, 46), (2, 10), (6, 14), (7, 50), (10, 26), (7, 33), (23, 53), (49, 54), (20, 43), (1, 17), (5, 13), (8, 24), (33, 59), (13, 29), (42, 61), (42, 56), (6, 22), (61, 64), (4, 20), (0, 34), (59, 67), (54, 59), (39, 69), (58, 66), (41, 71), (35, 52), (63, 71), (12, 44), (51, 54), (18, 37), (49, 77), (48, 57), (47, 53), (73, 77), (34, 64), (80, 82), (44, 52), (57, 78), (73, 85), (18, 26), (85, 87), (36, 87), (84, 89), (14, 58), (47, 91), (32, 92), (50, 93), (65, 93), (27, 36), (43, 96), (11, 96), (3, 98), (75, 99), (56, 100), (34, 99), (89, 102), (54, 102), (66, 104), (97, 105), (100, 105), (51, 82), (37, 60), (46, 109), (0, 33), (65, 91), (45, 111), (69, 113), (55, 98), (84, 115), (48, 70), (67, 117), (109, 118))
((7, 15), (0, 32), (8, 33), (16, 34), (18, 26), (15, 31), (27, 37), (6, 22), (23, 31), (14, 39), (19, 27), (22, 30), (20, 28), (3, 38), (10, 26), (13, 21), (30, 41), (12, 28), (24, 35), (5, 29), (9, 36), (35, 37), (13, 44), (51, 54), (11, 42), (33, 53), (36, 40), (40, 50), (9, 25), (17, 60), (59, 60), (1, 52), (61, 63), (38, 44), (11, 65), (23, 43), (19, 58), (4, 20), (5, 21), (2, 17), (32, 45), (40, 42), (4, 73), (49, 55), (32, 67), (43, 70), (12, 72), (58, 64), (57, 79), (46, 71), (45, 46), (68, 82), (10, 63), (66, 78), (41, 51), (52, 71), (77, 86), (47, 75), (34, 61), (62, 80), (66, 74), (40, 76), (64, 81), (49, 74), (25, 81), (0, 50), (39, 76), (69, 78), (69, 70), (75, 100), (54, 100), (37, 48), (67, 103), (98, 103), (14, 47), (77, 106), (48, 106), (34, 62), (1, 109), (32, 59), (16, 111), (57, 112), (56, 68), (3, 114), (32, 56), (2, 116), (10, 117), (82, 118))
((5, 13), (7, 23), (19, 33), (3, 27), (9, 25), (15, 23), (8, 37), (16, 38), (33, 39), (7, 31), (6, 32), (18, 26), (15, 31), (0, 44), (1, 36), (40, 45), (14, 30), (42, 48), (17, 46), (4, 28), (20, 51), (12, 52), (4, 12), (17, 25), (38, 47), (2, 18), (21, 32), (6, 22), (34, 43), (55, 56), (13, 29), (14, 22), (51, 58), (10, 26), (29, 58), (49, 66), (24, 40), (11, 19), (35, 41), (60, 70), (62, 63), (67, 72), (42, 72), (53, 62), (69, 71), (28, 70), (53, 77), (56, 68), (23, 63), (41, 80), (44, 65), (71, 82), (52, 69), (64, 75), (49, 59), (5, 54), (66, 87), (75, 87), (37, 84), (44, 59), (80, 91), (24, 41), (56, 93), (45, 46), (94, 95), (3, 34), (54, 97), (90, 98), (77, 98), (57, 97), (76, 101), (35, 102), (82, 102), (36, 43), (9, 39), (50, 106), (44, 61), (106, 108), (96, 108), (48, 81), (37, 111), (91, 111), (2, 55), (105, 114), (65, 114), (50, 116), (57, 117), (105, 117))
((5, 21), (15, 31), (23, 31), (9, 25), (19, 34), (1, 25), (3, 27), (16, 34), (4, 28), (29, 40), (32, 41), (12, 40), (33, 38), (24, 39), (17, 45), (22, 30), (35, 46), (2, 10), (6, 14), (7, 50), (10, 26), (7, 33), (23, 53), (49, 54), (20, 43), (1, 17), (5, 13), (8, 24), (33, 59), (13, 29), (42, 61), (42, 56), (6, 22), (61, 64), (4, 20), (0, 34), (59, 67), (54, 59), (39, 69), (58, 66), (41, 71), (35, 52), (63, 71), (12, 44), (51, 54), (18, 37), (49, 77), (48, 57), (47, 53), (73, 77), (34, 64), (80, 82), (44, 52), (57, 78), (73, 85), (18, 26), (85, 87), (36, 87), (84, 89), (14, 58), (47, 91), (32, 92), (50, 93), (65, 93), (27, 36), (43, 96), (11, 96), (3, 98), (75, 99), (56, 100), (34, 99), (89, 102), (54, 102), (51, 82), (65, 91), (55, 98), (84, 107), (0, 33), (45, 109), (69, 110), (66, 104), (97, 112), (100, 112), (67, 70), (48, 115), (37, 60), (46, 117), (116, 117))
((7, 15), (0, 32), (8, 33), (16, 34), (18, 26), (15, 31), (27, 37), (6, 22), (23, 31), (14, 39), (19, 27), (22, 30), (20, 28), (3, 38), (10, 26), (13, 21), (30, 41), (12, 28), (24, 35), (5, 29), (1, 34), (37, 48), (14, 47), (9, 36), (35, 37), (13, 44), (51, 57), (49, 58), (47, 59), (45, 46), (11, 42), (33, 56), (41, 51), (36, 40), (40, 50), (12, 32), (45, 67), (9, 25), (17, 69), (34, 70), (66, 69), (52, 72), (1, 55), (10, 74), (70, 74), (63, 76), (65, 77), (38, 44), (11, 79), (68, 80), (16, 66), (32, 82), (63, 83), (48, 54), (23, 43), (53, 86), (32, 86), (39, 88), (53, 89), (40, 88), (32, 62), (19, 65), (61, 93), (3, 62), (93, 95), (4, 42), (40, 97), (49, 98), (80, 98), (72, 78), (0, 50), (4, 20), (68, 103), (2, 17), (55, 105), (46, 105), (25, 107), (76, 107), (2, 92), (10, 110), (61, 111), (5, 21), (43, 113), (54, 114), (64, 114), (103, 113), (57, 117), (59, 117))
((5, 21), (2, 17), (12, 28), (13, 21), (23, 31), (7, 15), (4, 20), (15, 31), (10, 26), (20, 28), (27, 39), (3, 42), (6, 22), (5, 29), (14, 35), (18, 26), (33, 40), (0, 37), (36, 47), (12, 37), (19, 50), (9, 25), (43, 51), (8, 49), (17, 53), (19, 27), (4, 57), (1, 55), (22, 30), (38, 54), (55, 56), (32, 60), (11, 57), (13, 41), (36, 58), (40, 43), (34, 66), (14, 44), (9, 47), (23, 60), (37, 71), (44, 72), (41, 42), (11, 74), (36, 72), (37, 64), (52, 67), (2, 77), (32, 38), (46, 63), (3, 64), (1, 70), (33, 70), (10, 79), (16, 55), (67, 85), (66, 75), (52, 82), (56, 83), (10, 83), (24, 86), (45, 69), (54, 75), (48, 90), (65, 80), (36, 92), (45, 65), (16, 97), (53, 97), (39, 86), (63, 93), (49, 101), (25, 48), (30, 69), (90, 103), (59, 100), (0, 92), (50, 106), (37, 99), (100, 109), (103, 110), (34, 98), (46, 105), (35, 113), (39, 105), (80, 113), (71, 116), (73, 116))
((7, 15), (0, 32), (8, 33), (16, 34), (18, 26), (15, 31), (27, 37), (6, 22), (23, 31), (14, 39), (19, 27), (22, 30), (20, 28), (3, 38), (10, 26), (30, 41), (24, 35), (9, 36), (36, 40), (40, 48), (12, 32), (9, 25), (1, 49), (38, 44), (4, 42), (5, 21), (2, 10), (11, 42), (23, 43), (32, 60), (43, 57), (35, 37), (11, 55), (13, 21), (51, 53), (40, 61), (37, 47), (19, 50), (32, 58), (59, 69), (17, 53), (4, 20), (59, 70), (10, 54), (54, 72), (57, 73), (16, 32), (51, 78), (34, 66), (1, 80), (2, 17), (49, 82), (14, 65), (62, 84), (45, 52), (64, 86), (12, 28), (34, 72), (60, 68), (40, 56), (64, 91), (88, 91), (73, 86), (47, 84), (0, 48), (3, 71), (45, 46), (69, 98), (46, 82), (25, 100), (13, 44), (77, 102), (74, 98), (39, 61), (76, 100), (68, 105), (5, 29), (102, 108), (41, 108), (62, 110), (88, 109), (65, 112), (77, 112), (33, 63), (79, 115), (76, 115), (50, 117), (66, 118))
((7, 15), (6, 22), (15, 31), (14, 33), (11, 27), (34, 36), (9, 17), (19, 27), (37, 39), (23, 31), (3, 32), (22, 30), (23, 43), (2, 10), (32, 44), (41, 46), (18, 26), (4, 20), (2, 17), (8, 32), (0, 51), (34, 52), (3, 36), (16, 53), (8, 55), (12, 28), (42, 45), (54, 58), (16, 24), (30, 35), (5, 29), (35, 62), (19, 59), (20, 42), (11, 65), (57, 66), (9, 48), (50, 68), (1, 68), (10, 70), (41, 48), (54, 72), (52, 56), (5, 21), (49, 75), (13, 21), (14, 77), (61, 78), (25, 38), (52, 80), (70, 80), (51, 60), (41, 83), (53, 84), (4, 12), (29, 86), (77, 87), (37, 86), (66, 89), (57, 88), (76, 91), (33, 46), (34, 61), (93, 94), (44, 94), (43, 75), (78, 97), (38, 60), (56, 99), (1, 100), (72, 82), (74, 102), (99, 102), (63, 97), (10, 26), (50, 106), (82, 107), (25, 107), (40, 41), (28, 110), (89, 111), (49, 111), (40, 106), (76, 87), (74, 85), (73, 114), (58, 114), (62, 91))
((7, 31), (24, 32), (1, 17), (12, 28), (8, 32), (7, 23), (6, 22), (19, 37), (1, 9), (0, 33), (25, 41), (22, 30), (0, 16), (3, 19), (2, 18), (26, 40), (5, 21), (15, 23), (11, 49), (11, 45), (32, 51), (34, 42), (2, 26), (19, 50), (9, 25), (34, 46), (13, 29), (37, 38), (37, 45), (15, 43), (32, 61), (37, 44), (40, 63), (42, 64), (27, 39), (46, 66), (37, 41), (10, 18), (21, 29), (30, 70), (35, 70), (50, 69), (67, 73), (4, 35), (20, 75), (36, 44), (47, 69), (56, 78), (57, 79), (54, 79), (49, 77), (68, 82), (24, 82), (53, 84), (36, 84), (64, 85), (20, 28), (5, 88), (58, 89), (76, 90), (48, 91), (72, 91), (60, 88), (59, 61), (53, 56), (12, 55), (76, 97), (94, 97), (72, 89), (8, 68), (27, 51), (73, 102), (47, 57), (52, 54), (67, 105), (32, 66), (75, 107), (94, 108), (38, 58), (71, 110), (6, 14), (71, 112), (31, 112), (49, 114), (59, 114), (48, 113), (43, 117), (110, 117))
((5, 21), (15, 31), (23, 31), (9, 25), (19, 34), (1, 25), (3, 27), (16, 34), (4, 28), (29, 40), (32, 41), (12, 40), (33, 38), (24, 39), (17, 45), (22, 30), (35, 46), (2, 10), (6, 14), (7, 50), (10, 26), (7, 33), (23, 53), (49, 54), (20, 43), (1, 17), (5, 13), (8, 24), (33, 59), (13, 29), (42, 61), (42, 56), (6, 22), (61, 64), (4, 20), (0, 34), (59, 67), (54, 59), (39, 69), (58, 66), (41, 71), (35, 52), (63, 71), (12, 44), (51, 54), (18, 37), (49, 77), (48, 57), (47, 53), (73, 77), (34, 64), (80, 82), (44, 52), (57, 78), (73, 85), (18, 26), (85, 87), (36, 87), (84, 89), (14, 58), (47, 91), (32, 92), (50, 93), (65, 93), (27, 36), (43, 96), (11, 96), (3, 98), (75, 99), (56, 100), (34, 99), (89, 102), (54, 102), (66, 104), (97, 105), (100, 105), (51, 82), (37, 60), (46, 109), (0, 33), (45, 111), (69, 112), (65, 91), (55, 98), (84, 115), (48, 70), (67, 117), (109, 118))
((7, 15), (0, 32), (8, 33), (16, 34), (18, 26), (15, 31), (27, 37), (6, 22), (23, 31), (14, 39), (19, 27), (22, 30), (20, 28), (3, 38), (10, 26), (13, 21), (30, 41), (12, 28), (24, 35), (5, 29), (1, 34), (37, 48), (14, 47), (9, 36), (35, 37), (13, 44), (51, 57), (49, 58), (47, 59), (45, 46), (11, 42), (33, 56), (41, 51), (36, 40), (40, 50), (12, 32), (45, 67), (9, 25), (17, 69), (34, 70), (66, 69), (52, 72), (1, 55), (10, 74), (70, 74), (63, 76), (65, 77), (38, 44), (11, 79), (68, 80), (16, 66), (32, 82), (63, 83), (48, 54), (23, 43), (53, 86), (32, 86), (39, 88), (53, 89), (40, 88), (32, 62), (19, 65), (61, 93), (3, 62), (93, 95), (4, 42), (40, 97), (49, 98), (80, 98), (0, 50), (4, 20), (68, 102), (5, 21), (43, 104), (64, 105), (54, 105), (102, 104), (59, 108), (57, 108), (2, 17), (55, 111), (46, 111), (25, 113), (76, 113), (2, 92), (10, 116), (61, 117), (72, 78))
((7, 15), (0, 32), (8, 33), (16, 34), (18, 26), (15, 31), (27, 37), (6, 22), (23, 31), (14, 39), (19, 27), (22, 30), (20, 28), (3, 38), (10, 26), (13, 21), (30, 41), (12, 28), (24, 35), (5, 29), (37, 48), (14, 47), (9, 36), (35, 37), (13, 44), (45, 46), (11, 42), (33, 55), (41, 51), (36, 40), (40, 50), (12, 32), (45, 63), (9, 25), (17, 65), (1, 54), (66, 67), (38, 44), (11, 69), (16, 62), (32, 71), (23, 43), (32, 73), (39, 74), (32, 58), (19, 61), (4, 42), (40, 78), (4, 20), (5, 21), (43, 81), (2, 17), (62, 65), (80, 81), (51, 56), (49, 86), (10, 76), (2, 88), (70, 79), (47, 87), (48, 53), (56, 85), (59, 72), (46, 83), (61, 68), (64, 70), (34, 84), (1, 98), (59, 96), (84, 100), (10, 67), (25, 95), (64, 80), (85, 87), (57, 89), (54, 83), (60, 82), (68, 95), (57, 77), (52, 75), (58, 77), (3, 112), (0, 50), (49, 79), (40, 74), (52, 73), (53, 82), (34, 66))
((23, 31), (27, 32), (15, 23), (2, 18), (11, 33), (17, 35), (12, 28), (20, 38), (7, 31), (9, 37), (1, 41), (21, 29), (0, 24), (32, 44), (14, 43), (19, 33), (20, 47), (16, 34), (8, 49), (10, 19), (6, 30), (4, 28), (34, 36), (53, 54), (18, 54), (51, 56), (35, 40), (42, 58), (13, 53), (18, 26), (57, 58), (13, 29), (10, 37), (4, 39), (31, 52), (26, 41), (47, 58), (48, 55), (6, 22), (32, 70), (38, 43), (0, 50), (45, 73), (40, 74), (60, 72), (44, 59), (14, 22), (15, 78), (71, 79), (61, 64), (42, 81), (25, 81), (8, 45), (5, 21), (60, 85), (65, 86), (72, 87), (63, 87), (70, 85), (44, 49), (46, 90), (34, 40), (73, 93), (79, 93), (66, 93), (71, 96), (1, 25), (17, 98), (64, 99), (50, 99), (16, 98), (74, 102), (77, 103), (3, 36), (61, 105), (68, 106), (27, 105), (57, 108), (93, 108), (39, 110), (55, 111), (48, 65), (46, 52), (63, 114), (78, 115), (90, 115), (9, 103), (50, 118))
((15, 31), (27, 32), (3, 11), (12, 28), (7, 15), (12, 20), (5, 21), (23, 31), (1, 9), (16, 24), (13, 37), (6, 14), (4, 35), (25, 40), (2, 26), (10, 26), (11, 33), (47, 48), (22, 30), (33, 46), (13, 29), (8, 25), (18, 40), (2, 18), (7, 23), (14, 30), (52, 57), (47, 54), (56, 57), (20, 44), (8, 36), (5, 29), (35, 63), (22, 63), (43, 65), (58, 65), (34, 36), (42, 64), (41, 62), (38, 42), (61, 71), (64, 72), (52, 71), (15, 43), (39, 75), (60, 75), (19, 27), (44, 78), (39, 79), (37, 48), (80, 81), (8, 16), (4, 68), (61, 84), (51, 68), (78, 86), (49, 87), (1, 17), (39, 41), (45, 90), (0, 90), (83, 92), (32, 92), (62, 89), (92, 95), (91, 96), (46, 89), (54, 98), (81, 84), (56, 93), (31, 50), (60, 102), (36, 102), (38, 66), (58, 105), (50, 105), (17, 45), (59, 108), (55, 109), (98, 109), (34, 88), (41, 101), (53, 101), (108, 114), (96, 114), (55, 56), (88, 117), (86, 117))
((7, 15), (0, 32), (8, 33), (16, 34), (18, 26), (15, 31), (27, 37), (6, 22), (23, 31), (14, 39), (19, 27), (22, 30), (20, 28), (3, 38), (10, 26), (13, 21), (30, 41), (12, 28), (24, 35), (5, 29), (1, 34), (37, 48), (14, 47), (9, 36), (35, 37), (13, 44), (51, 57), (49, 58), (47, 59), (45, 46), (11, 42), (33, 56), (41, 51), (36, 40), (40, 50), (12, 32), (45, 67), (9, 25), (17, 69), (34, 70), (66, 69), (52, 72), (1, 55), (10, 74), (70, 74), (63, 76), (65, 77), (38, 44), (11, 79), (68, 80), (16, 66), (32, 82), (63, 83), (48, 54), (23, 43), (53, 86), (32, 86), (39, 88), (53, 89), (40, 88), (32, 62), (19, 65), (61, 93), (3, 62), (93, 95), (4, 42), (40, 97), (49, 98), (72, 78), (80, 98), (0, 50), (10, 92), (2, 103), (61, 104), (2, 17), (55, 106), (46, 106), (25, 108), (76, 108), (4, 20), (68, 111), (5, 21), (111, 113), (59, 114), (57, 114), (43, 113), (64, 117), (54, 117))
((7, 15), (0, 32), (8, 33), (16, 34), (18, 26), (15, 31), (27, 37), (6, 22), (23, 31), (14, 39), (19, 27), (22, 30), (20, 28), (3, 38), (10, 26), (13, 21), (30, 41), (12, 28), (24, 35), (5, 29), (1, 34), (37, 48), (14, 47), (9, 36), (35, 37), (13, 44), (51, 57), (49, 58), (47, 59), (45, 46), (11, 42), (33, 56), (41, 51), (36, 40), (40, 50), (12, 32), (45, 67), (9, 25), (17, 69), (34, 70), (66, 69), (52, 72), (1, 55), (10, 74), (70, 74), (63, 76), (65, 77), (38, 44), (11, 79), (68, 80), (16, 66), (32, 82), (63, 83), (48, 54), (23, 43), (53, 86), (32, 86), (39, 88), (53, 89), (40, 88), (32, 62), (4, 42), (72, 78), (0, 50), (4, 20), (5, 21), (68, 96), (43, 97), (54, 99), (64, 99), (96, 97), (59, 102), (57, 102), (40, 93), (80, 105), (49, 105), (2, 17), (55, 108), (46, 108), (25, 110), (76, 110), (2, 10), (92, 113), (61, 114), (19, 65), (61, 116), (62, 116), (3, 118))
((5, 21), (15, 31), (23, 31), (9, 25), (19, 34), (1, 25), (3, 27), (16, 34), (4, 28), (29, 40), (32, 41), (12, 40), (33, 38), (24, 39), (17, 45), (22, 30), (35, 46), (2, 10), (6, 14), (7, 50), (10, 26), (7, 33), (23, 53), (49, 54), (20, 43), (1, 17), (5, 13), (8, 24), (33, 59), (13, 29), (42, 61), (42, 56), (6, 22), (61, 64), (4, 20), (0, 34), (59, 67), (54, 59), (39, 69), (58, 66), (41, 71), (35, 52), (63, 71), (12, 44), (51, 54), (18, 37), (49, 77), (48, 57), (47, 53), (73, 77), (34, 64), (80, 82), (44, 52), (57, 78), (73, 85), (18, 26), (85, 87), (36, 87), (84, 89), (14, 58), (47, 91), (32, 92), (50, 93), (65, 93), (27, 36), (43, 96), (11, 96), (3, 98), (75, 99), (56, 100), (34, 99), (89, 102), (54, 102), (51, 82), (55, 98), (65, 91), (84, 106), (66, 104), (97, 109), (100, 109), (37, 60), (46, 112), (48, 70), (67, 114), (112, 115), (33, 45), (0, 117), (69, 118))
((7, 15), (20, 28), (12, 32), (6, 22), (18, 26), (5, 21), (12, 28), (4, 20), (13, 21), (10, 26), (0, 32), (9, 25), (37, 39), (9, 36), (23, 31), (15, 31), (13, 33), (22, 30), (37, 49), (5, 29), (8, 42), (19, 27), (4, 53), (14, 40), (48, 51), (11, 53), (38, 56), (1, 45), (17, 43), (27, 47), (32, 57), (1, 52), (46, 54), (2, 17), (36, 46), (41, 65), (19, 66), (50, 55), (14, 35), (23, 49), (2, 62), (59, 60), (25, 67), (3, 57), (44, 48), (68, 75), (40, 58), (32, 71), (45, 65), (30, 70), (16, 52), (52, 60), (38, 64), (51, 70), (44, 58), (10, 59), (24, 82), (3, 61), (33, 61), (46, 79), (50, 85), (0, 88), (11, 90), (47, 81), (35, 79), (46, 88), (16, 97), (34, 89), (41, 89), (68, 100), (43, 97), (10, 72), (94, 99), (71, 95), (47, 82), (55, 81), (64, 94), (100, 103), (42, 106), (39, 99), (67, 73), (95, 96), (32, 98), (63, 102), (73, 110), (110, 114), (66, 116), (102, 118))
((5, 21), (15, 31), (23, 31), (9, 25), (19, 34), (1, 25), (3, 27), (16, 34), (4, 28), (29, 40), (32, 41), (12, 40), (33, 38), (24, 39), (17, 45), (22, 30), (35, 46), (2, 10), (6, 14), (7, 50), (10, 26), (7, 33), (23, 53), (49, 54), (20, 43), (1, 17), (5, 13), (8, 24), (33, 59), (13, 29), (6, 22), (61, 62), (4, 20), (0, 34), (54, 59), (35, 52), (12, 44), (18, 37), (49, 69), (34, 62), (44, 52), (57, 70), (18, 26), (14, 58), (47, 75), (32, 76), (27, 36), (11, 78), (3, 79), (68, 80), (34, 80), (54, 82), (64, 83), (0, 33), (48, 65), (58, 64), (37, 60), (36, 74), (82, 89), (43, 78), (67, 69), (73, 74), (39, 66), (86, 94), (51, 54), (88, 95), (63, 75), (72, 89), (63, 77), (46, 88), (48, 57), (50, 77), (67, 73), (47, 53), (56, 81), (71, 105), (51, 71), (42, 61), (81, 84), (41, 87), (55, 79), (72, 112), (42, 56), (45, 85), (66, 115), (59, 65), (87, 114), (84, 91))
((5, 13), (7, 23), (19, 33), (3, 27), (9, 25), (15, 23), (8, 37), (16, 38), (33, 39), (7, 31), (6, 32), (18, 26), (15, 31), (0, 44), (1, 36), (40, 45), (14, 30), (42, 48), (17, 46), (4, 28), (20, 51), (12, 52), (4, 12), (17, 25), (38, 47), (2, 18), (21, 32), (6, 22), (34, 43), (55, 56), (13, 29), (14, 22), (51, 58), (10, 26), (29, 58), (49, 66), (24, 40), (11, 19), (35, 41), (60, 70), (62, 63), (67, 72), (53, 62), (69, 71), (28, 70), (53, 76), (56, 68), (23, 63), (41, 79), (44, 65), (71, 81), (52, 69), (5, 54), (74, 84), (44, 59), (79, 86), (24, 41), (56, 88), (45, 46), (89, 90), (3, 34), (54, 92), (57, 92), (75, 94), (36, 43), (9, 39), (50, 97), (81, 95), (49, 59), (64, 74), (35, 95), (42, 72), (66, 84), (37, 83), (93, 105), (76, 93), (48, 80), (37, 108), (86, 108), (44, 61), (97, 111), (91, 111), (2, 55), (96, 114), (65, 114), (50, 116), (57, 117), (96, 117))
((7, 15), (0, 32), (8, 33), (16, 34), (18, 26), (15, 31), (27, 37), (6, 22), (23, 31), (14, 39), (19, 27), (22, 30), (20, 28), (3, 38), (10, 26), (13, 21), (30, 41), (12, 28), (24, 35), (5, 29), (1, 34), (37, 48), (14, 47), (9, 36), (35, 37), (13, 44), (51, 57), (49, 58), (47, 59), (45, 46), (11, 42), (33, 56), (41, 51), (36, 40), (40, 50), (12, 32), (45, 67), (9, 25), (17, 69), (34, 70), (66, 69), (52, 72), (1, 55), (10, 74), (70, 74), (63, 76), (65, 77), (38, 44), (11, 79), (68, 80), (16, 66), (32, 82), (63, 83), (48, 54), (23, 43), (53, 86), (32, 86), (39, 88), (53, 89), (40, 88), (32, 62), (19, 65), (61, 93), (3, 62), (93, 95), (4, 42), (40, 97), (49, 98), (80, 98), (72, 78), (0, 50), (4, 20), (68, 103), (5, 21), (43, 105), (64, 106), (54, 106), (103, 105), (59, 109), (57, 109), (2, 17), (55, 112), (46, 112), (25, 114), (76, 114), (2, 10), (92, 117), (61, 118))
((7, 15), (0, 32), (8, 33), (16, 34), (18, 26), (15, 31), (27, 37), (6, 22), (23, 31), (14, 39), (19, 27), (22, 30), (20, 28), (3, 38), (10, 26), (13, 21), (30, 41), (12, 28), (24, 35), (5, 29), (1, 34), (37, 48), (14, 47), (9, 36), (35, 37), (13, 44), (51, 57), (49, 58), (45, 46), (11, 42), (33, 56), (36, 40), (40, 50), (12, 32), (45, 65), (9, 25), (17, 67), (64, 67), (52, 69), (1, 55), (68, 71), (62, 72), (63, 73), (38, 44), (11, 75), (16, 64), (32, 77), (23, 43), (32, 79), (32, 61), (19, 63), (3, 61), (82, 83), (4, 42), (40, 85), (4, 20), (5, 21), (43, 88), (87, 88), (2, 17), (46, 91), (2, 81), (10, 93), (49, 86), (54, 89), (55, 91), (53, 79), (72, 92), (66, 87), (69, 74), (57, 90), (40, 80), (59, 90), (47, 59), (60, 82), (10, 71), (76, 86), (62, 78), (0, 50), (66, 76), (25, 92), (41, 51), (89, 113), (34, 68), (48, 54), (60, 94), (39, 80), (53, 118))
((22, 30), (6, 22), (15, 31), (7, 15), (10, 26), (23, 31), (20, 28), (27, 34), (5, 21), (9, 25), (13, 38), (13, 21), (32, 40), (5, 29), (4, 20), (12, 35), (40, 46), (14, 43), (23, 32), (18, 26), (9, 51), (19, 27), (3, 39), (44, 49), (17, 41), (0, 35), (38, 39), (37, 51), (14, 33), (12, 28), (11, 53), (36, 54), (2, 17), (11, 58), (47, 54), (36, 64), (35, 62), (3, 62), (4, 53), (30, 60), (34, 71), (42, 45), (61, 73), (49, 71), (25, 67), (52, 64), (1, 52), (10, 78), (50, 72), (8, 57), (42, 48), (35, 50), (2, 68), (16, 81), (1, 81), (56, 78), (19, 59), (10, 84), (69, 88), (33, 83), (67, 87), (34, 85), (57, 93), (46, 66), (45, 60), (48, 74), (24, 85), (43, 74), (0, 98), (37, 83), (37, 98), (56, 81), (37, 70), (63, 89), (16, 102), (65, 66), (44, 96), (72, 91), (65, 104), (41, 102), (86, 111), (61, 104), (63, 88), (35, 106), (94, 115), (87, 94), (59, 117), (111, 118))
((7, 15), (0, 32), (8, 33), (16, 34), (18, 26), (15, 31), (27, 37), (6, 22), (23, 31), (14, 39), (19, 27), (22, 30), (20, 28), (3, 38), (10, 26), (13, 21), (30, 41), (12, 28), (24, 35), (5, 29), (1, 34), (37, 48), (14, 47), (9, 36), (35, 37), (13, 44), (51, 57), (49, 58), (47, 59), (45, 46), (11, 42), (33, 56), (41, 51), (36, 40), (40, 50), (12, 32), (45, 67), (9, 25), (17, 69), (34, 70), (66, 69), (52, 72), (1, 55), (10, 74), (70, 74), (63, 76), (65, 77), (38, 44), (11, 79), (68, 80), (16, 66), (32, 82), (63, 83), (48, 54), (23, 43), (53, 86), (32, 86), (39, 88), (53, 89), (40, 88), (32, 62), (19, 65), (61, 93), (3, 62), (93, 95), (4, 42), (40, 97), (49, 98), (80, 98), (72, 78), (0, 50), (4, 20), (68, 103), (5, 21), (103, 105), (59, 106), (57, 106), (43, 105), (54, 109), (64, 109), (2, 17), (55, 112), (46, 112), (25, 114), (76, 114), (2, 10), (92, 117), (61, 118))
((7, 15), (0, 32), (8, 33), (16, 34), (18, 26), (15, 31), (27, 37), (6, 22), (23, 31), (14, 39), (19, 27), (22, 30), (20, 28), (3, 38), (10, 26), (13, 21), (30, 41), (12, 28), (24, 35), (5, 29), (1, 34), (37, 48), (14, 47), (9, 36), (35, 37), (13, 44), (51, 57), (49, 58), (47, 59), (45, 46), (11, 42), (33, 56), (41, 51), (36, 40), (40, 50), (12, 32), (45, 67), (9, 25), (17, 69), (34, 70), (66, 69), (52, 72), (1, 55), (10, 74), (70, 74), (63, 76), (65, 77), (38, 44), (11, 79), (68, 80), (16, 66), (32, 82), (63, 83), (48, 54), (23, 43), (53, 86), (32, 86), (39, 88), (53, 89), (40, 88), (32, 62), (19, 65), (61, 93), (3, 62), (93, 95), (72, 78), (4, 20), (68, 98), (5, 21), (0, 50), (43, 100), (54, 102), (64, 102), (98, 100), (59, 105), (57, 105), (2, 17), (55, 108), (46, 108), (25, 110), (76, 110), (2, 92), (10, 113), (61, 114), (4, 40), (42, 116), (80, 117), (49, 117))
((7, 15), (6, 22), (15, 31), (14, 33), (11, 27), (34, 36), (9, 17), (19, 27), (37, 39), (23, 31), (3, 32), (22, 30), (23, 43), (2, 10), (32, 44), (41, 46), (18, 26), (4, 20), (2, 17), (8, 32), (0, 51), (34, 52), (3, 36), (16, 53), (8, 55), (12, 28), (42, 45), (54, 58), (16, 24), (30, 35), (5, 29), (35, 62), (19, 59), (20, 42), (11, 65), (57, 66), (9, 48), (50, 68), (1, 68), (10, 70), (41, 48), (54, 72), (52, 56), (5, 21), (49, 75), (13, 21), (14, 77), (61, 78), (25, 38), (52, 80), (70, 80), (51, 60), (41, 83), (53, 84), (4, 12), (29, 86), (77, 87), (37, 86), (66, 89), (57, 88), (76, 91), (33, 46), (34, 61), (93, 94), (44, 94), (43, 75), (78, 97), (38, 60), (56, 99), (1, 100), (72, 82), (74, 102), (99, 102), (63, 97), (10, 26), (50, 106), (82, 107), (25, 107), (40, 41), (28, 110), (89, 111), (49, 111), (40, 106), (73, 114), (58, 114), (76, 87), (74, 85), (62, 91))
((23, 31), (6, 22), (13, 21), (12, 28), (15, 31), (18, 26), (22, 30), (9, 37), (32, 37), (4, 20), (19, 27), (5, 21), (2, 17), (20, 28), (10, 26), (13, 45), (7, 15), (44, 46), (9, 25), (5, 29), (23, 38), (16, 48), (27, 36), (45, 54), (17, 50), (14, 34), (11, 42), (10, 58), (32, 42), (14, 33), (48, 52), (4, 60), (30, 61), (39, 44), (51, 61), (0, 48), (47, 51), (41, 43), (8, 67), (1, 70), (36, 64), (56, 70), (16, 70), (2, 59), (36, 74), (24, 74), (52, 72), (25, 49), (1, 39), (10, 80), (19, 40), (56, 80), (3, 54), (46, 84), (48, 84), (12, 86), (35, 68), (34, 88), (32, 77), (67, 76), (11, 55), (69, 88), (49, 83), (50, 90), (87, 92), (71, 95), (57, 64), (83, 91), (40, 99), (32, 62), (53, 90), (41, 87), (91, 102), (0, 77), (33, 62), (58, 82), (95, 100), (38, 43), (72, 106), (82, 85), (3, 107), (35, 63), (63, 92), (47, 69), (66, 109), (57, 109), (48, 75), (85, 118))
((7, 15), (0, 32), (8, 33), (16, 34), (18, 26), (15, 31), (27, 37), (23, 31), (19, 27), (22, 30), (20, 28), (3, 38), (10, 26), (13, 21), (12, 28), (24, 35), (1, 34), (35, 37), (13, 42), (43, 44), (11, 40), (36, 39), (39, 47), (12, 32), (43, 55), (9, 25), (17, 57), (54, 57), (38, 42), (23, 41), (32, 61), (32, 52), (19, 53), (51, 64), (4, 40), (39, 66), (46, 67), (0, 47), (4, 20), (56, 70), (5, 21), (41, 72), (39, 62), (70, 72), (50, 75), (3, 52), (64, 77), (2, 17), (44, 79), (25, 80), (16, 54), (2, 63), (34, 58), (9, 36), (1, 85), (10, 86), (58, 86), (80, 88), (11, 60), (32, 82), (56, 90), (67, 90), (6, 22), (62, 94), (33, 49), (91, 96), (14, 45), (73, 98), (14, 94), (30, 100), (98, 101), (37, 101), (95, 103), (61, 103), (48, 59), (10, 83), (79, 85), (51, 107), (5, 29), (50, 110), (100, 110), (73, 112), (46, 111), (45, 114), (75, 114), (88, 96), (53, 117), (59, 118))
((7, 15), (0, 32), (8, 33), (16, 34), (18, 26), (15, 31), (27, 37), (6, 22), (23, 31), (14, 39), (19, 27), (22, 30), (20, 28), (3, 38), (10, 26), (13, 21), (30, 41), (12, 28), (24, 35), (5, 29), (1, 34), (37, 48), (14, 47), (9, 36), (35, 37), (13, 44), (51, 57), (49, 58), (47, 59), (45, 46), (11, 42), (33, 56), (41, 51), (36, 40), (40, 50), (12, 32), (45, 67), (9, 25), (17, 69), (34, 70), (66, 69), (52, 72), (1, 55), (10, 74), (70, 74), (63, 76), (65, 77), (38, 44), (11, 79), (68, 80), (16, 66), (32, 82), (63, 83), (48, 54), (23, 43), (53, 86), (32, 86), (39, 88), (53, 89), (40, 88), (32, 62), (19, 65), (61, 93), (3, 62), (93, 95), (4, 42), (40, 97), (49, 98), (80, 98), (72, 78), (0, 50), (4, 20), (68, 103), (5, 21), (43, 105), (64, 106), (54, 106), (103, 105), (59, 109), (57, 109), (2, 17), (55, 112), (46, 112), (25, 114), (76, 114), (2, 92), (10, 117), (61, 118))
((7, 15), (0, 32), (8, 33), (16, 34), (18, 26), (15, 31), (27, 37), (6, 22), (23, 31), (14, 39), (19, 27), (22, 30), (20, 28), (3, 38), (10, 26), (13, 21), (30, 41), (12, 28), (24, 35), (5, 29), (1, 34), (37, 48), (14, 47), (9, 36), (35, 37), (13, 44), (51, 57), (49, 58), (47, 59), (45, 46), (11, 42), (33, 56), (41, 51), (36, 40), (40, 50), (12, 32), (45, 67), (9, 25), (17, 69), (34, 70), (66, 69), (52, 72), (1, 55), (10, 74), (70, 74), (63, 76), (65, 77), (38, 44), (11, 79), (68, 80), (16, 66), (32, 82), (63, 83), (48, 54), (23, 43), (53, 86), (32, 86), (39, 88), (53, 89), (40, 88), (32, 62), (19, 65), (61, 93), (3, 62), (93, 95), (4, 42), (40, 97), (49, 98), (80, 98), (72, 78), (0, 50), (4, 20), (68, 103), (5, 21), (43, 105), (54, 106), (64, 106), (2, 10), (92, 109), (2, 17), (55, 111), (61, 110), (46, 111), (25, 114), (76, 114), (103, 105), (59, 117), (57, 117))
((22, 30), (6, 22), (18, 26), (10, 26), (15, 31), (9, 25), (19, 27), (12, 28), (5, 29), (2, 10), (13, 21), (7, 15), (20, 28), (5, 21), (11, 38), (13, 44), (41, 46), (4, 20), (27, 36), (23, 31), (14, 33), (40, 52), (40, 47), (23, 32), (9, 34), (17, 37), (34, 51), (43, 55), (38, 51), (19, 58), (45, 49), (32, 45), (14, 42), (63, 64), (3, 50), (4, 60), (11, 50), (30, 52), (47, 62), (51, 59), (53, 63), (36, 69), (39, 54), (0, 43), (1, 56), (10, 76), (39, 67), (43, 48), (57, 76), (8, 75), (64, 69), (1, 81), (57, 81), (33, 59), (12, 66), (43, 86), (46, 61), (73, 85), (49, 87), (55, 73), (3, 88), (42, 74), (44, 68), (62, 74), (16, 81), (36, 96), (35, 66), (79, 98), (24, 96), (61, 98), (0, 100), (75, 97), (87, 94), (2, 17), (35, 105), (25, 106), (56, 105), (80, 106), (51, 100), (67, 94), (16, 110), (80, 103), (43, 112), (58, 113), (103, 114), (37, 110), (115, 117), (83, 117))
((7, 15), (0, 32), (8, 33), (16, 34), (18, 26), (15, 31), (27, 37), (6, 22), (23, 31), (14, 39), (19, 27), (22, 30), (20, 28), (3, 38), (10, 26), (30, 41), (24, 35), (9, 36), (11, 42), (36, 40), (12, 32), (9, 25), (17, 53), (1, 49), (38, 44), (23, 43), (4, 42), (5, 21), (35, 37), (40, 48), (13, 21), (14, 62), (32, 57), (47, 63), (43, 59), (45, 46), (3, 50), (39, 64), (37, 47), (45, 52), (69, 70), (40, 64), (4, 20), (71, 74), (16, 32), (61, 76), (32, 50), (5, 29), (34, 54), (10, 55), (63, 66), (41, 79), (0, 48), (66, 83), (2, 10), (78, 86), (67, 87), (2, 17), (49, 89), (46, 89), (25, 91), (57, 70), (19, 51), (68, 94), (67, 94), (11, 56), (71, 97), (13, 44), (79, 99), (33, 60), (77, 101), (40, 58), (97, 103), (12, 28), (103, 105), (54, 55), (91, 107), (51, 101), (107, 109), (53, 61), (110, 111), (1, 34), (111, 113), (59, 74), (99, 115), (100, 105), (62, 117), (115, 117))
((7, 15), (0, 32), (8, 33), (16, 34), (18, 26), (15, 31), (27, 37), (6, 22), (23, 31), (14, 39), (19, 27), (22, 30), (20, 28), (3, 38), (10, 26), (24, 35), (40, 47), (12, 32), (9, 25), (38, 44), (4, 42), (5, 21), (23, 43), (11, 42), (17, 50), (32, 55), (30, 41), (12, 28), (36, 40), (19, 60), (37, 58), (4, 20), (35, 37), (48, 50), (34, 65), (2, 17), (16, 32), (48, 68), (45, 46), (61, 70), (40, 52), (34, 56), (13, 21), (0, 47), (32, 54), (40, 76), (33, 64), (5, 29), (43, 53), (41, 79), (80, 81), (59, 72), (13, 44), (69, 78), (1, 66), (10, 57), (2, 87), (70, 88), (46, 67), (25, 90), (54, 62), (79, 84), (59, 93), (74, 94), (39, 76), (62, 96), (45, 49), (63, 98), (53, 63), (94, 100), (84, 100), (14, 74), (80, 103), (58, 103), (3, 61), (55, 106), (9, 36), (67, 108), (1, 108), (10, 110), (56, 110), (90, 112), (60, 78), (112, 114), (65, 115), (11, 51), (98, 117), (72, 117))
((7, 15), (0, 32), (8, 33), (16, 34), (18, 26), (15, 31), (27, 37), (6, 22), (23, 31), (14, 39), (19, 27), (22, 30), (20, 28), (3, 38), (10, 26), (13, 21), (30, 41), (12, 28), (24, 35), (5, 29), (37, 48), (14, 47), (9, 36), (35, 37), (13, 44), (51, 56), (45, 46), (11, 42), (33, 55), (36, 40), (40, 50), (12, 32), (45, 63), (9, 25), (17, 65), (62, 65), (1, 54), (66, 68), (60, 69), (61, 70), (38, 44), (11, 72), (23, 43), (32, 74), (39, 75), (32, 59), (19, 61), (58, 78), (4, 42), (40, 80), (49, 81), (67, 71), (4, 20), (5, 21), (43, 85), (53, 86), (84, 85), (2, 17), (54, 89), (48, 53), (0, 50), (49, 57), (32, 62), (16, 94), (60, 95), (52, 76), (52, 74), (88, 93), (64, 84), (47, 93), (73, 81), (41, 51), (40, 75), (34, 67), (56, 88), (59, 78), (3, 107), (46, 89), (25, 109), (69, 109), (86, 103), (34, 66), (10, 68), (1, 105), (64, 73), (10, 77), (2, 117), (58, 118))
((14, 22), (15, 23), (5, 21), (12, 28), (20, 35), (15, 32), (10, 19), (16, 33), (7, 31), (4, 36), (2, 18), (6, 30), (21, 29), (4, 28), (33, 40), (8, 39), (18, 26), (31, 43), (40, 42), (6, 22), (17, 42), (0, 47), (23, 31), (13, 29), (0, 24), (27, 54), (54, 56), (1, 25), (16, 59), (37, 46), (46, 49), (17, 59), (11, 57), (8, 58), (19, 57), (20, 66), (39, 56), (9, 52), (26, 69), (10, 52), (48, 71), (35, 44), (50, 66), (47, 63), (1, 69), (14, 44), (13, 45), (33, 64), (43, 77), (50, 76), (18, 79), (51, 54), (73, 78), (3, 64), (37, 83), (34, 51), (27, 85), (34, 78), (55, 80), (77, 87), (63, 71), (32, 90), (72, 76), (41, 67), (62, 83), (87, 90), (25, 72), (45, 79), (53, 58), (60, 100), (56, 81), (9, 101), (46, 53), (40, 100), (67, 99), (101, 102), (46, 88), (36, 108), (48, 85), (74, 110), (47, 103), (38, 82), (50, 113), (41, 89), (73, 115), (88, 113), (99, 109), (55, 115))
((7, 15), (0, 32), (8, 33), (16, 34), (18, 26), (15, 31), (27, 37), (6, 22), (23, 31), (14, 39), (19, 27), (22, 30), (20, 28), (3, 38), (10, 26), (13, 21), (30, 41), (12, 28), (24, 35), (5, 29), (1, 34), (37, 48), (14, 47), (9, 36), (35, 37), (13, 44), (51, 57), (49, 58), (47, 59), (45, 46), (11, 42), (33, 56), (41, 51), (36, 40), (40, 50), (12, 32), (45, 67), (9, 25), (17, 69), (34, 70), (66, 69), (52, 72), (1, 55), (10, 74), (70, 74), (63, 76), (65, 77), (38, 44), (11, 79), (68, 80), (16, 66), (32, 82), (63, 83), (48, 54), (23, 43), (53, 86), (32, 86), (39, 88), (40, 88), (32, 62), (19, 65), (3, 62), (92, 93), (4, 42), (40, 95), (49, 96), (80, 96), (72, 78), (0, 50), (4, 20), (68, 101), (5, 21), (43, 103), (64, 104), (54, 104), (53, 89), (61, 92), (2, 17), (55, 109), (46, 109), (25, 111), (76, 111), (101, 103), (59, 114), (57, 114), (2, 10), (91, 117), (61, 118))
((22, 30), (5, 29), (5, 21), (6, 22), (10, 26), (15, 31), (13, 21), (23, 32), (2, 17), (36, 40), (9, 25), (20, 28), (27, 37), (19, 27), (3, 44), (17, 42), (11, 45), (36, 46), (14, 35), (4, 20), (7, 15), (48, 52), (4, 45), (43, 44), (23, 31), (33, 50), (12, 28), (18, 26), (34, 51), (32, 34), (54, 56), (39, 52), (30, 50), (12, 52), (56, 63), (9, 59), (1, 67), (0, 52), (3, 48), (11, 55), (56, 59), (14, 38), (13, 43), (33, 74), (10, 68), (60, 74), (40, 67), (2, 53), (46, 65), (25, 41), (47, 68), (8, 69), (47, 83), (1, 83), (19, 72), (57, 61), (58, 75), (70, 86), (62, 71), (58, 62), (41, 82), (16, 83), (71, 80), (51, 80), (37, 64), (61, 73), (37, 93), (24, 93), (69, 98), (10, 79), (35, 63), (39, 96), (49, 86), (64, 73), (49, 101), (56, 99), (42, 107), (60, 88), (0, 99), (82, 100), (16, 107), (96, 102), (85, 108), (38, 88), (72, 111), (108, 116), (52, 112), (100, 118))
((7, 15), (0, 32), (8, 33), (16, 34), (18, 26), (15, 31), (27, 37), (6, 22), (23, 31), (14, 39), (19, 27), (22, 30), (20, 28), (3, 38), (10, 26), (13, 21), (30, 41), (12, 28), (24, 35), (5, 29), (1, 34), (37, 48), (14, 47), (9, 36), (35, 37), (13, 44), (51, 57), (49, 58), (47, 59), (45, 46), (11, 42), (33, 56), (41, 51), (36, 40), (40, 50), (12, 32), (45, 67), (9, 25), (17, 69), (34, 70), (66, 69), (52, 72), (1, 55), (10, 74), (70, 74), (63, 76), (65, 77), (38, 44), (11, 79), (68, 80), (16, 66), (32, 82), (63, 83), (48, 54), (23, 43), (53, 86), (32, 86), (39, 88), (53, 89), (40, 88), (32, 62), (19, 65), (61, 93), (3, 62), (93, 95), (4, 42), (40, 97), (49, 98), (80, 98), (72, 78), (0, 50), (4, 20), (68, 103), (5, 21), (43, 105), (64, 106), (54, 106), (103, 105), (59, 109), (57, 109), (2, 17), (55, 112), (46, 112), (25, 114), (76, 114), (2, 92), (10, 117), (61, 118))
((7, 15), (0, 32), (8, 33), (16, 34), (24, 35), (0, 36), (9, 25), (17, 38), (34, 39), (18, 26), (9, 41), (1, 42), (10, 43), (19, 27), (11, 45), (32, 46), (2, 47), (10, 48), (15, 31), (27, 50), (3, 51), (12, 32), (52, 53), (20, 28), (51, 55), (11, 56), (54, 57), (12, 28), (5, 29), (13, 55), (60, 61), (59, 62), (4, 20), (5, 21), (64, 65), (63, 66), (13, 21), (14, 68), (22, 30), (65, 70), (69, 71), (6, 22), (14, 73), (30, 74), (50, 75), (23, 70), (76, 77), (35, 50), (33, 79), (23, 31), (36, 81), (16, 82), (32, 83), (80, 84), (41, 81), (39, 43), (80, 87), (86, 88), (2, 17), (42, 90), (10, 26), (52, 92), (19, 86), (93, 94), (4, 45), (81, 96), (57, 97), (63, 68), (69, 75), (32, 77), (73, 101), (76, 102), (1, 34), (38, 82), (104, 105), (90, 92), (25, 107), (3, 46), (94, 109), (59, 97), (60, 74), (71, 112), (81, 101), (89, 105), (87, 107), (49, 93), (54, 64), (61, 66))
((7, 15), (0, 32), (8, 33), (16, 34), (18, 26), (15, 31), (27, 37), (6, 22), (23, 31), (14, 39), (19, 27), (22, 30), (20, 28), (3, 38), (10, 26), (13, 21), (30, 41), (12, 28), (24, 35), (5, 29), (9, 36), (35, 37), (13, 44), (51, 54), (11, 42), (33, 53), (36, 40), (40, 50), (12, 32), (9, 25), (17, 61), (1, 52), (38, 44), (16, 59), (32, 65), (23, 43), (32, 67), (39, 68), (4, 42), (4, 20), (5, 21), (2, 17), (46, 73), (49, 55), (41, 51), (2, 10), (37, 48), (71, 72), (32, 56), (59, 61), (47, 75), (62, 63), (67, 78), (14, 47), (77, 80), (40, 70), (19, 58), (3, 56), (88, 89), (11, 64), (54, 79), (43, 72), (52, 73), (48, 85), (45, 46), (88, 96), (86, 96), (10, 63), (69, 78), (49, 87), (57, 58), (83, 102), (81, 103), (85, 93), (57, 66), (1, 34), (40, 68), (81, 107), (25, 74), (45, 60), (91, 111), (76, 93), (71, 111), (74, 83), (87, 91), (34, 62), (0, 50), (75, 79))
((7, 15), (12, 28), (4, 20), (6, 22), (13, 21), (5, 29), (14, 35), (37, 38), (30, 38), (14, 36), (40, 41), (15, 31), (40, 43), (22, 30), (23, 45), (44, 46), (32, 46), (35, 48), (44, 49), (23, 31), (48, 51), (5, 21), (45, 53), (41, 54), (39, 54), (10, 26), (9, 25), (34, 53), (20, 28), (13, 60), (59, 61), (37, 61), (33, 63), (59, 64), (36, 64), (2, 17), (57, 67), (25, 68), (18, 26), (9, 70), (67, 71), (1, 71), (10, 73), (17, 58), (73, 75), (68, 76), (0, 32), (8, 78), (75, 79), (16, 79), (43, 81), (24, 81), (0, 83), (51, 83), (16, 85), (32, 86), (78, 82), (87, 88), (58, 85), (1, 79), (90, 91), (51, 70), (76, 88), (93, 94), (90, 95), (19, 27), (4, 97), (51, 98), (33, 99), (11, 97), (3, 101), (19, 93), (102, 103), (32, 101), (2, 105), (10, 106), (12, 32), (27, 43), (3, 109), (57, 110), (107, 111), (103, 111), (108, 110), (34, 114), (60, 109), (11, 116), (114, 117), (99, 117))
((5, 13), (9, 25), (15, 23), (7, 31), (8, 34), (1, 33), (6, 32), (16, 36), (15, 31), (21, 32), (17, 25), (14, 30), (6, 22), (18, 26), (29, 41), (0, 40), (38, 43), (10, 26), (17, 37), (3, 27), (7, 23), (19, 52), (39, 52), (24, 54), (47, 54), (36, 56), (44, 48), (13, 29), (40, 49), (40, 44), (46, 48), (45, 53), (14, 22), (55, 57), (11, 19), (40, 42), (57, 67), (59, 64), (9, 39), (33, 45), (62, 69), (2, 18), (4, 28), (23, 64), (61, 75), (35, 75), (38, 69), (68, 70), (50, 70), (35, 51), (20, 74), (12, 82), (4, 12), (2, 42), (49, 85), (71, 85), (63, 81), (3, 53), (60, 88), (59, 83), (41, 74), (91, 92), (84, 89), (66, 88), (5, 84), (43, 77), (61, 97), (34, 97), (28, 81), (91, 96), (46, 96), (94, 100), (83, 100), (50, 86), (73, 105), (71, 105), (34, 66), (82, 108), (94, 109), (35, 54), (65, 111), (47, 112), (37, 113), (68, 114), (73, 95), (89, 116), (60, 117), (51, 117))
((7, 15), (0, 32), (8, 33), (16, 34), (18, 26), (15, 31), (27, 37), (6, 22), (23, 31), (14, 39), (19, 27), (22, 30), (20, 28), (3, 38), (10, 26), (13, 21), (30, 41), (12, 28), (24, 35), (5, 29), (1, 34), (37, 48), (14, 47), (9, 36), (35, 37), (13, 44), (51, 57), (49, 58), (47, 59), (45, 46), (11, 42), (33, 56), (41, 51), (36, 40), (40, 50), (12, 32), (45, 67), (9, 25), (17, 69), (34, 70), (66, 69), (52, 72), (1, 55), (10, 74), (70, 74), (63, 76), (65, 77), (38, 44), (11, 79), (68, 80), (16, 66), (32, 82), (63, 83), (48, 54), (23, 43), (53, 86), (32, 86), (39, 88), (53, 89), (40, 88), (32, 62), (19, 65), (61, 93), (3, 62), (93, 95), (4, 42), (40, 97), (49, 98), (80, 98), (72, 78), (0, 50), (4, 20), (68, 103), (5, 21), (43, 105), (64, 106), (54, 106), (103, 105), (59, 109), (57, 109), (2, 17), (55, 112), (46, 112), (25, 114), (76, 114), (10, 92), (2, 117), (61, 118))
((7, 15), (0, 32), (8, 33), (16, 34), (18, 26), (15, 31), (27, 37), (6, 22), (23, 31), (14, 39), (19, 27), (22, 30), (20, 28), (3, 38), (10, 26), (13, 21), (30, 41), (12, 28), (24, 35), (5, 29), (1, 34), (37, 48), (9, 36), (13, 44), (11, 42), (36, 40), (40, 50), (12, 32), (45, 59), (9, 25), (17, 61), (1, 54), (62, 63), (38, 44), (11, 65), (23, 43), (32, 56), (19, 57), (4, 42), (4, 20), (5, 21), (43, 72), (71, 72), (2, 17), (14, 47), (45, 46), (32, 67), (51, 55), (49, 79), (57, 64), (35, 37), (58, 61), (46, 75), (3, 56), (10, 68), (16, 58), (33, 82), (40, 70), (69, 77), (41, 51), (47, 80), (32, 87), (88, 93), (34, 62), (60, 66), (55, 74), (2, 86), (25, 84), (49, 89), (60, 71), (48, 76), (52, 83), (54, 75), (77, 98), (10, 63), (64, 84), (53, 67), (39, 78), (69, 85), (40, 78), (74, 80), (73, 76), (81, 88), (83, 114), (53, 109), (73, 91), (0, 50), (66, 89))
((19, 27), (5, 29), (5, 21), (11, 32), (9, 25), (15, 31), (23, 31), (18, 26), (12, 28), (7, 15), (10, 26), (22, 30), (34, 43), (2, 17), (6, 22), (20, 28), (13, 47), (38, 39), (27, 37), (0, 41), (4, 20), (23, 43), (41, 53), (32, 38), (4, 55), (9, 39), (13, 21), (14, 46), (14, 58), (12, 41), (11, 47), (3, 50), (19, 49), (3, 35), (34, 52), (46, 54), (42, 45), (33, 48), (2, 35), (50, 62), (48, 66), (8, 51), (40, 69), (1, 57), (16, 73), (64, 65), (30, 59), (33, 59), (42, 63), (44, 79), (41, 70), (10, 82), (24, 76), (61, 63), (80, 83), (17, 36), (37, 78), (1, 73), (56, 71), (45, 57), (53, 88), (67, 88), (58, 74), (44, 60), (10, 75), (75, 87), (73, 87), (60, 78), (38, 54), (40, 56), (25, 68), (38, 84), (37, 76), (51, 104), (97, 105), (68, 97), (52, 85), (71, 85), (66, 74), (64, 80), (16, 103), (0, 84), (41, 112), (36, 103), (89, 115), (49, 106), (105, 114), (115, 117))
((6, 22), (10, 26), (19, 27), (5, 21), (22, 30), (23, 31), (4, 20), (35, 36), (13, 21), (2, 17), (12, 28), (9, 25), (14, 40), (5, 29), (20, 28), (15, 31), (27, 47), (23, 36), (4, 34), (14, 32), (18, 26), (7, 15), (17, 43), (9, 52), (41, 55), (12, 53), (13, 46), (33, 41), (1, 55), (35, 38), (49, 53), (58, 61), (37, 50), (0, 53), (8, 65), (1, 66), (54, 60), (30, 51), (47, 69), (37, 52), (45, 51), (45, 58), (3, 48), (19, 71), (10, 60), (16, 66), (46, 48), (25, 59), (39, 72), (39, 44), (44, 69), (59, 68), (11, 34), (11, 78), (24, 77), (57, 74), (37, 62), (42, 64), (38, 87), (85, 87), (53, 84), (49, 70), (0, 86), (32, 62), (64, 85), (33, 74), (3, 84), (42, 73), (61, 99), (54, 66), (75, 98), (2, 92), (40, 99), (10, 103), (75, 97), (70, 95), (47, 77), (65, 108), (68, 109), (97, 105), (37, 86), (16, 112), (71, 110), (43, 112), (67, 115), (114, 115), (53, 113), (109, 118))
((7, 15), (6, 22), (18, 26), (5, 29), (0, 32), (23, 31), (10, 26), (15, 31), (12, 28), (14, 33), (8, 36), (16, 42), (20, 28), (30, 41), (13, 21), (14, 46), (27, 39), (24, 43), (19, 27), (13, 44), (35, 51), (9, 34), (39, 45), (39, 43), (11, 50), (3, 48), (35, 41), (9, 25), (1, 42), (11, 48), (40, 52), (32, 57), (38, 57), (37, 49), (1, 53), (46, 62), (32, 56), (36, 55), (22, 30), (23, 70), (34, 37), (16, 32), (5, 21), (69, 72), (45, 47), (65, 73), (10, 66), (44, 61), (12, 63), (59, 65), (60, 81), (79, 80), (19, 72), (17, 59), (66, 85), (3, 84), (64, 84), (75, 86), (2, 10), (56, 87), (37, 50), (42, 85), (69, 77), (68, 90), (0, 49), (32, 71), (54, 71), (37, 97), (4, 92), (33, 97), (40, 100), (54, 101), (4, 20), (81, 89), (79, 100), (70, 74), (47, 107), (2, 17), (38, 109), (74, 104), (51, 111), (64, 95), (58, 107), (86, 110), (62, 111), (53, 109), (80, 104), (25, 110))
((7, 15), (6, 22), (15, 31), (14, 33), (11, 27), (34, 36), (9, 17), (19, 27), (37, 39), (23, 31), (3, 32), (22, 30), (23, 43), (2, 10), (32, 44), (41, 46), (18, 26), (4, 20), (2, 17), (8, 32), (0, 51), (34, 52), (3, 36), (16, 53), (8, 55), (12, 28), (42, 45), (54, 58), (16, 24), (30, 35), (5, 29), (35, 62), (19, 59), (20, 42), (11, 65), (57, 66), (9, 48), (50, 68), (1, 68), (10, 70), (41, 48), (54, 72), (52, 56), (5, 21), (49, 75), (13, 21), (14, 77), (61, 78), (25, 38), (52, 80), (70, 80), (51, 60), (41, 83), (53, 84), (4, 12), (29, 86), (77, 87), (37, 86), (66, 89), (57, 88), (76, 91), (33, 46), (34, 61), (93, 94), (44, 94), (43, 75), (78, 97), (38, 60), (56, 99), (1, 100), (72, 82), (74, 102), (99, 102), (63, 97), (10, 26), (50, 106), (82, 107), (25, 107), (40, 41), (28, 110), (89, 111), (76, 87), (74, 85), (49, 111), (62, 91), (40, 106), (73, 117), (58, 117))
((7, 15), (0, 32), (8, 33), (16, 34), (18, 26), (15, 31), (27, 37), (6, 22), (23, 31), (14, 39), (19, 27), (22, 30), (20, 28), (3, 38), (10, 26), (13, 21), (30, 41), (12, 28), (24, 35), (5, 29), (1, 34), (37, 48), (14, 47), (9, 36), (35, 37), (13, 44), (51, 57), (49, 58), (47, 59), (45, 46), (11, 42), (33, 56), (41, 51), (36, 40), (40, 50), (12, 32), (45, 67), (9, 25), (17, 69), (34, 70), (66, 69), (52, 72), (1, 55), (10, 74), (70, 74), (63, 76), (65, 77), (38, 44), (11, 79), (68, 80), (16, 66), (32, 82), (63, 83), (48, 54), (23, 43), (53, 86), (32, 86), (39, 88), (53, 89), (40, 88), (32, 62), (19, 65), (61, 93), (3, 62), (93, 95), (4, 42), (40, 97), (49, 98), (80, 98), (72, 78), (0, 50), (4, 20), (68, 103), (5, 21), (103, 105), (59, 106), (57, 106), (43, 105), (54, 109), (64, 109), (2, 10), (92, 112), (61, 113), (2, 17), (55, 115), (46, 115), (25, 117), (76, 117))
((7, 15), (0, 32), (8, 33), (16, 34), (18, 26), (15, 31), (27, 37), (6, 22), (23, 31), (14, 39), (19, 27), (22, 30), (20, 28), (3, 38), (10, 26), (13, 21), (30, 41), (12, 28), (24, 35), (5, 29), (14, 47), (9, 36), (13, 44), (11, 42), (36, 40), (40, 50), (12, 32), (9, 25), (17, 59), (1, 53), (60, 61), (38, 44), (23, 43), (32, 55), (4, 42), (40, 66), (4, 20), (5, 21), (2, 17), (46, 70), (19, 56), (43, 69), (57, 59), (56, 62), (3, 55), (45, 58), (11, 63), (32, 64), (45, 46), (68, 69), (16, 57), (51, 54), (49, 83), (1, 34), (39, 79), (35, 37), (33, 87), (10, 65), (32, 82), (52, 73), (2, 89), (25, 71), (67, 78), (37, 48), (0, 50), (86, 95), (40, 79), (34, 60), (88, 90), (10, 61), (47, 84), (64, 95), (48, 52), (41, 51), (73, 105), (75, 88), (74, 85), (74, 107), (53, 70), (62, 71), (77, 78), (72, 80), (72, 76), (80, 92), (81, 84), (49, 67), (68, 77), (54, 81))
((7, 15), (0, 32), (8, 33), (16, 34), (18, 26), (15, 31), (27, 37), (6, 22), (23, 31), (14, 39), (19, 27), (22, 30), (20, 28), (3, 38), (10, 26), (13, 21), (30, 41), (12, 28), (24, 35), (5, 29), (1, 34), (37, 48), (14, 47), (9, 36), (35, 37), (13, 44), (51, 57), (49, 58), (47, 59), (45, 46), (11, 42), (33, 56), (41, 51), (36, 40), (40, 50), (12, 32), (45, 67), (9, 25), (17, 69), (34, 70), (66, 69), (52, 72), (1, 55), (10, 74), (70, 74), (63, 76), (65, 77), (38, 44), (11, 79), (68, 80), (16, 66), (32, 82), (63, 83), (48, 54), (23, 43), (53, 86), (32, 86), (39, 88), (53, 89), (40, 88), (32, 62), (19, 65), (61, 93), (3, 62), (93, 95), (4, 42), (40, 97), (49, 98), (80, 98), (72, 78), (0, 50), (4, 20), (68, 103), (5, 21), (43, 105), (64, 106), (54, 106), (103, 105), (59, 109), (57, 109), (2, 17), (55, 112), (10, 92), (2, 114), (61, 115), (46, 112), (25, 117), (76, 117))
((5, 21), (15, 31), (23, 31), (9, 25), (19, 34), (1, 25), (3, 27), (16, 34), (4, 28), (29, 40), (32, 41), (12, 40), (33, 38), (24, 39), (17, 45), (22, 30), (35, 46), (2, 10), (6, 14), (7, 50), (10, 26), (7, 33), (23, 53), (49, 54), (20, 43), (1, 17), (5, 13), (8, 24), (33, 59), (13, 29), (42, 61), (42, 56), (6, 22), (61, 64), (4, 20), (0, 34), (59, 67), (54, 59), (39, 69), (58, 66), (41, 71), (35, 52), (63, 71), (12, 44), (51, 54), (18, 37), (49, 77), (48, 57), (47, 53), (73, 77), (34, 64), (80, 82), (44, 52), (57, 78), (73, 85), (18, 26), (85, 87), (36, 87), (84, 89), (14, 58), (47, 91), (32, 92), (50, 93), (65, 93), (27, 36), (43, 96), (11, 96), (3, 98), (75, 99), (56, 100), (34, 99), (89, 102), (54, 102), (66, 104), (97, 105), (100, 105), (51, 82), (37, 60), (46, 109), (0, 33), (65, 91), (45, 111), (69, 113), (55, 98), (84, 115), (67, 70), (48, 117), (109, 118))
((5, 21), (15, 31), (18, 26), (7, 15), (2, 17), (6, 22), (13, 21), (27, 33), (0, 35), (14, 37), (23, 31), (10, 26), (34, 42), (8, 40), (3, 39), (9, 25), (36, 43), (9, 34), (30, 41), (22, 30), (16, 45), (1, 49), (43, 46), (33, 50), (12, 35), (24, 52), (42, 57), (33, 52), (1, 45), (10, 53), (12, 28), (19, 44), (17, 47), (36, 49), (53, 64), (46, 56), (20, 28), (5, 29), (47, 58), (13, 68), (39, 68), (19, 27), (23, 51), (55, 74), (45, 64), (35, 74), (42, 77), (40, 59), (48, 66), (11, 72), (4, 73), (16, 58), (69, 71), (42, 82), (0, 57), (25, 48), (4, 20), (14, 38), (67, 81), (37, 77), (32, 51), (35, 83), (79, 93), (32, 88), (66, 79), (44, 96), (60, 70), (55, 91), (41, 69), (70, 97), (50, 89), (89, 92), (92, 100), (67, 88), (62, 84), (71, 95), (62, 85), (95, 106), (54, 63), (81, 85), (38, 106), (11, 73), (3, 113), (63, 114), (35, 113), (2, 116), (10, 117), (54, 118))
((7, 15), (0, 32), (8, 33), (16, 34), (18, 26), (15, 31), (27, 37), (6, 22), (23, 31), (14, 39), (19, 27), (22, 30), (20, 28), (3, 38), (10, 26), (13, 21), (30, 41), (12, 28), (24, 35), (5, 29), (37, 48), (14, 47), (9, 36), (35, 37), (13, 44), (51, 56), (49, 57), (47, 58), (45, 46), (11, 42), (33, 55), (41, 51), (36, 40), (40, 50), (12, 32), (45, 66), (9, 25), (17, 68), (34, 69), (65, 68), (34, 71), (1, 72), (1, 54), (10, 74), (69, 74), (62, 64), (76, 77), (11, 44), (38, 79), (67, 80), (32, 65), (16, 82), (62, 83), (48, 53), (23, 43), (52, 86), (32, 86), (39, 88), (52, 89), (40, 88), (19, 64), (60, 92), (3, 61), (92, 94), (4, 40), (42, 96), (49, 97), (80, 97), (71, 78), (0, 50), (4, 20), (67, 102), (5, 21), (43, 104), (63, 105), (53, 105), (102, 104), (58, 108), (56, 108), (2, 17), (54, 111), (46, 111), (25, 113), (76, 113), (2, 61), (32, 116), (10, 117), (60, 118))
((7, 15), (0, 32), (8, 33), (16, 34), (18, 26), (15, 31), (27, 37), (6, 22), (23, 31), (14, 39), (19, 27), (22, 30), (20, 28), (3, 38), (10, 26), (13, 21), (30, 41), (12, 28), (24, 35), (5, 29), (1, 34), (37, 48), (14, 47), (9, 36), (35, 37), (13, 44), (51, 57), (49, 58), (47, 59), (45, 46), (11, 42), (33, 56), (41, 51), (36, 40), (40, 50), (12, 32), (45, 67), (9, 25), (17, 69), (34, 70), (66, 69), (52, 72), (1, 55), (10, 74), (70, 74), (63, 76), (65, 77), (38, 44), (11, 79), (68, 80), (16, 66), (32, 82), (63, 83), (48, 54), (23, 43), (53, 86), (32, 86), (39, 88), (53, 89), (40, 88), (32, 62), (19, 65), (61, 93), (3, 62), (93, 95), (4, 42), (40, 97), (49, 98), (80, 98), (72, 78), (0, 50), (4, 20), (68, 103), (5, 21), (43, 105), (64, 106), (54, 106), (103, 105), (59, 109), (57, 109), (2, 17), (55, 112), (2, 92), (10, 114), (61, 115), (46, 112), (25, 117), (76, 117))
((5, 21), (15, 31), (23, 31), (9, 25), (19, 34), (1, 25), (3, 27), (16, 34), (4, 28), (29, 40), (32, 41), (12, 40), (33, 38), (24, 39), (17, 45), (22, 30), (35, 46), (2, 10), (6, 14), (7, 50), (10, 26), (7, 33), (23, 53), (49, 54), (20, 43), (1, 17), (5, 13), (8, 24), (33, 59), (13, 29), (42, 61), (42, 56), (6, 22), (61, 64), (4, 20), (0, 34), (59, 67), (54, 59), (39, 69), (58, 66), (41, 71), (35, 52), (63, 71), (12, 44), (51, 54), (18, 37), (49, 77), (48, 57), (47, 53), (73, 77), (34, 64), (80, 82), (44, 52), (57, 78), (73, 85), (18, 26), (85, 87), (36, 87), (84, 89), (14, 58), (47, 91), (32, 92), (50, 93), (65, 93), (27, 36), (43, 96), (11, 96), (3, 98), (75, 99), (56, 100), (34, 99), (89, 102), (54, 102), (66, 104), (97, 105), (100, 105), (51, 82), (55, 98), (65, 91), (84, 109), (67, 70), (48, 112), (0, 33), (45, 114), (69, 115), (37, 60), (46, 117), (113, 117))
((18, 26), (10, 26), (19, 27), (11, 34), (3, 35), (2, 17), (33, 37), (25, 38), (9, 32), (37, 40), (1, 40), (10, 42), (9, 25), (17, 44), (42, 45), (38, 46), (4, 34), (4, 20), (12, 28), (20, 28), (13, 51), (13, 21), (5, 21), (49, 54), (52, 55), (7, 15), (35, 57), (2, 58), (10, 59), (12, 57), (0, 57), (8, 62), (45, 63), (1, 63), (16, 63), (24, 66), (0, 67), (15, 31), (66, 69), (62, 70), (46, 71), (27, 69), (51, 73), (11, 74), (3, 73), (61, 76), (49, 77), (75, 77), (33, 76), (60, 80), (23, 31), (67, 82), (16, 83), (57, 84), (71, 85), (44, 83), (65, 87), (32, 82), (19, 89), (36, 90), (80, 90), (72, 89), (87, 93), (48, 82), (75, 95), (50, 95), (14, 53), (6, 22), (14, 99), (30, 100), (69, 101), (98, 101), (22, 30), (54, 104), (98, 105), (23, 104), (57, 107), (99, 108), (102, 109), (82, 108), (102, 107), (5, 29), (100, 113), (105, 114), (52, 113), (50, 116), (55, 117), (53, 117))
((7, 15), (0, 32), (8, 33), (16, 34), (18, 26), (15, 31), (27, 37), (6, 22), (23, 31), (14, 39), (19, 27), (22, 30), (20, 28), (3, 38), (10, 26), (13, 21), (30, 41), (12, 28), (24, 35), (5, 29), (1, 34), (37, 48), (14, 47), (9, 36), (35, 37), (13, 44), (51, 57), (49, 58), (45, 46), (11, 42), (33, 56), (36, 40), (40, 50), (12, 32), (45, 65), (9, 25), (17, 67), (64, 67), (1, 55), (68, 70), (62, 71), (38, 44), (11, 73), (16, 64), (23, 43), (32, 76), (32, 61), (19, 63), (3, 61), (4, 42), (40, 81), (4, 20), (5, 21), (43, 84), (83, 84), (2, 17), (46, 87), (2, 78), (60, 79), (40, 77), (10, 89), (66, 83), (32, 75), (62, 94), (53, 76), (34, 68), (25, 88), (63, 72), (66, 74), (71, 88), (57, 86), (74, 82), (0, 50), (69, 99), (41, 51), (85, 106), (49, 82), (54, 85), (52, 69), (60, 92), (55, 87), (39, 77), (53, 113), (79, 80), (10, 70), (48, 54), (59, 86), (47, 59))
((7, 15), (9, 26), (2, 25), (10, 34), (17, 35), (18, 36), (10, 33), (1, 38), (18, 39), (10, 37), (25, 41), (1, 37), (17, 43), (15, 23), (0, 45), (16, 46), (24, 47), (33, 42), (23, 31), (0, 50), (8, 51), (24, 52), (4, 28), (12, 54), (13, 55), (21, 56), (28, 57), (29, 58), (5, 30), (13, 60), (14, 61), (22, 62), (8, 32), (16, 64), (24, 65), (2, 32), (10, 67), (11, 68), (19, 69), (27, 70), (3, 32), (11, 72), (12, 73), (20, 74), (28, 75), (26, 36), (31, 32), (22, 78), (30, 79))
((15, 31), (23, 31), (9, 25), (19, 33), (3, 27), (16, 33), (4, 28), (29, 38), (12, 38), (32, 36), (24, 37), (17, 42), (34, 43), (6, 14), (10, 26), (7, 32), (23, 47), (20, 40), (8, 24), (32, 50), (13, 29), (4, 20), (0, 33), (50, 54), (48, 50), (12, 41), (41, 46), (27, 35), (40, 59), (11, 59), (3, 61), (33, 62), (48, 63), (0, 42), (53, 64), (1, 17), (44, 67), (6, 22), (33, 69), (52, 69), (1, 25), (51, 72), (34, 46), (37, 56), (57, 62), (49, 76), (66, 76), (54, 75), (60, 66), (32, 65), (56, 81), (43, 73), (44, 79), (73, 84), (7, 45), (70, 86), (48, 86), (22, 30), (47, 89), (70, 90), (18, 72), (74, 92), (2, 10), (92, 94), (61, 94), (48, 96), (58, 97), (67, 95), (74, 99), (18, 26), (99, 101), (35, 101), (63, 103), (58, 103), (5, 13), (14, 106), (89, 107), (71, 107), (5, 21), (108, 110), (45, 111), (71, 111), (39, 110), (52, 114), (49, 114), (53, 106), (39, 117), (116, 117))
((7, 15), (6, 22), (15, 31), (14, 33), (11, 27), (34, 36), (9, 17), (19, 27), (37, 39), (23, 31), (3, 32), (22, 30), (23, 43), (2, 10), (32, 44), (41, 46), (18, 26), (4, 20), (2, 17), (8, 32), (0, 51), (34, 52), (3, 36), (16, 53), (8, 55), (12, 28), (42, 45), (54, 58), (16, 24), (30, 35), (5, 29), (35, 62), (19, 59), (20, 42), (11, 65), (57, 66), (9, 48), (50, 68), (1, 68), (10, 70), (41, 48), (54, 72), (52, 56), (5, 21), (49, 75), (13, 21), (14, 77), (61, 78), (25, 38), (52, 80), (70, 80), (51, 60), (41, 83), (53, 84), (4, 12), (29, 86), (77, 87), (37, 86), (66, 89), (57, 88), (76, 91), (33, 46), (34, 61), (93, 94), (44, 94), (43, 75), (78, 97), (38, 60), (56, 99), (1, 100), (72, 82), (74, 102), (99, 102), (63, 97), (10, 26), (50, 106), (82, 107), (25, 107), (40, 41), (28, 110), (89, 111), (49, 111), (40, 106), (76, 87), (73, 114), (74, 85), (62, 91), (58, 114))
((7, 15), (0, 32), (8, 33), (16, 34), (18, 26), (15, 31), (27, 37), (6, 22), (23, 31), (14, 39), (19, 27), (22, 30), (20, 28), (3, 38), (10, 26), (13, 21), (30, 41), (12, 28), (24, 35), (5, 29), (1, 34), (37, 48), (14, 47), (9, 36), (35, 37), (13, 44), (51, 57), (49, 58), (47, 59), (45, 46), (11, 42), (33, 56), (41, 51), (36, 40), (40, 50), (12, 32), (45, 67), (9, 25), (17, 69), (34, 70), (66, 69), (52, 72), (1, 55), (10, 74), (70, 74), (63, 76), (65, 77), (38, 44), (11, 79), (68, 80), (16, 66), (32, 82), (63, 83), (48, 54), (23, 43), (53, 86), (32, 86), (39, 88), (53, 89), (40, 88), (32, 62), (19, 65), (61, 93), (3, 62), (93, 95), (4, 42), (40, 97), (49, 98), (80, 98), (72, 78), (0, 50), (4, 20), (68, 103), (5, 21), (2, 17), (55, 106), (43, 105), (54, 108), (64, 108), (103, 105), (59, 111), (57, 111), (46, 106), (25, 114), (76, 114), (10, 92), (2, 117), (61, 118))
((7, 15), (0, 32), (8, 33), (16, 34), (18, 26), (15, 31), (27, 37), (6, 22), (23, 31), (14, 39), (19, 27), (22, 30), (20, 28), (3, 38), (10, 26), (13, 21), (30, 41), (12, 28), (24, 35), (5, 29), (1, 34), (37, 48), (14, 47), (9, 36), (35, 37), (13, 44), (51, 57), (49, 58), (47, 59), (45, 46), (11, 42), (33, 56), (41, 51), (36, 40), (40, 50), (12, 32), (45, 67), (9, 25), (17, 69), (34, 70), (66, 69), (52, 72), (1, 55), (10, 74), (70, 74), (63, 76), (65, 77), (38, 44), (11, 79), (68, 80), (72, 78), (48, 54), (0, 50), (23, 43), (53, 85), (32, 85), (40, 87), (39, 87), (53, 89), (2, 17), (55, 91), (46, 91), (76, 93), (25, 93), (16, 66), (32, 96), (63, 97), (19, 65), (61, 99), (4, 20), (68, 101), (3, 62), (99, 103), (5, 21), (43, 105), (64, 106), (54, 106), (101, 105), (59, 109), (57, 109), (4, 42), (40, 112), (80, 113), (49, 113), (32, 62), (2, 116), (10, 117), (61, 118))
((5, 21), (15, 31), (23, 31), (9, 25), (19, 34), (1, 25), (3, 27), (16, 34), (4, 28), (29, 40), (32, 41), (12, 40), (33, 38), (24, 39), (17, 45), (22, 30), (35, 46), (2, 10), (6, 14), (7, 50), (10, 26), (7, 33), (23, 53), (49, 54), (20, 43), (1, 17), (5, 13), (8, 24), (33, 59), (13, 29), (42, 61), (42, 56), (6, 22), (61, 64), (4, 20), (0, 34), (59, 67), (54, 59), (39, 69), (58, 66), (41, 71), (35, 52), (63, 71), (12, 44), (51, 54), (18, 37), (49, 77), (48, 57), (47, 53), (73, 77), (34, 64), (80, 82), (44, 52), (57, 78), (73, 85), (18, 26), (85, 87), (36, 87), (84, 89), (14, 58), (47, 91), (32, 92), (50, 93), (65, 93), (27, 36), (43, 96), (11, 96), (3, 98), (75, 99), (56, 100), (34, 99), (89, 102), (54, 102), (66, 104), (97, 105), (100, 105), (51, 82), (37, 60), (46, 109), (0, 33), (45, 111), (69, 112), (65, 91), (55, 98), (84, 115), (67, 70), (48, 117), (109, 118))
((7, 15), (0, 32), (8, 33), (16, 34), (18, 26), (15, 31), (27, 37), (6, 22), (23, 31), (14, 39), (19, 27), (22, 30), (20, 28), (3, 38), (10, 26), (13, 21), (30, 41), (12, 28), (24, 35), (5, 29), (1, 34), (37, 48), (14, 47), (9, 36), (35, 37), (13, 44), (51, 57), (49, 58), (47, 59), (45, 46), (11, 42), (33, 56), (41, 51), (36, 40), (40, 50), (12, 32), (45, 67), (9, 25), (17, 69), (34, 70), (66, 69), (52, 72), (1, 55), (10, 74), (70, 74), (63, 76), (65, 77), (38, 44), (11, 79), (68, 80), (16, 66), (32, 82), (63, 83), (48, 54), (23, 43), (53, 86), (32, 86), (39, 88), (53, 89), (40, 88), (32, 62), (19, 65), (61, 93), (3, 62), (93, 95), (4, 42), (40, 97), (49, 98), (80, 98), (72, 78), (0, 50), (4, 20), (68, 103), (5, 21), (43, 105), (64, 106), (54, 106), (103, 105), (59, 109), (57, 109), (2, 17), (55, 112), (46, 112), (25, 114), (76, 114), (2, 92), (10, 117), (61, 118))
((7, 15), (0, 32), (8, 33), (16, 34), (18, 26), (15, 31), (27, 37), (6, 22), (23, 31), (14, 39), (19, 27), (22, 30), (20, 28), (3, 38), (10, 26), (13, 21), (30, 41), (12, 28), (24, 35), (5, 29), (37, 48), (9, 36), (35, 37), (13, 44), (51, 55), (49, 56), (45, 46), (11, 42), (33, 54), (36, 40), (40, 50), (9, 25), (17, 63), (62, 63), (1, 53), (64, 66), (38, 44), (11, 68), (23, 43), (32, 59), (19, 61), (3, 59), (4, 42), (4, 20), (5, 21), (43, 76), (16, 62), (12, 45), (34, 65), (58, 72), (32, 70), (40, 74), (75, 76), (60, 67), (61, 85), (2, 17), (47, 57), (49, 83), (46, 87), (25, 90), (52, 70), (1, 80), (14, 47), (0, 50), (32, 78), (34, 64), (60, 96), (48, 94), (39, 82), (52, 100), (40, 82), (77, 94), (41, 51), (77, 104), (10, 66), (65, 86), (53, 87), (67, 90), (57, 84), (72, 73), (69, 83), (55, 84), (32, 79), (69, 114), (75, 114), (2, 71), (10, 117), (58, 118))
((7, 15), (0, 32), (8, 33), (16, 34), (18, 26), (15, 31), (27, 37), (6, 22), (23, 31), (14, 39), (19, 27), (22, 30), (20, 28), (3, 38), (10, 26), (30, 41), (12, 28), (24, 35), (5, 29), (9, 36), (35, 37), (13, 44), (50, 53), (11, 42), (33, 52), (36, 40), (40, 49), (9, 25), (17, 59), (1, 51), (60, 61), (23, 43), (32, 63), (5, 21), (2, 17), (56, 57), (62, 67), (46, 66), (41, 50), (39, 64), (19, 57), (58, 59), (4, 20), (65, 74), (48, 54), (12, 32), (45, 77), (4, 40), (42, 79), (13, 21), (16, 32), (58, 82), (43, 65), (38, 44), (11, 85), (75, 76), (37, 47), (10, 32), (2, 89), (55, 90), (1, 73), (34, 92), (63, 88), (74, 78), (62, 69), (45, 46), (0, 49), (76, 81), (70, 84), (53, 75), (25, 69), (72, 97), (51, 66), (56, 83), (10, 61), (78, 86), (40, 64), (14, 81), (84, 109), (3, 55), (72, 111), (48, 80), (91, 97), (34, 60), (71, 88), (47, 109), (80, 86), (68, 73))
((7, 15), (0, 32), (8, 33), (16, 34), (18, 26), (15, 31), (27, 37), (6, 22), (23, 31), (14, 39), (19, 27), (22, 30), (20, 28), (3, 38), (10, 26), (13, 21), (30, 41), (12, 28), (24, 35), (5, 29), (1, 34), (37, 48), (14, 47), (9, 36), (35, 37), (13, 44), (51, 57), (49, 58), (47, 59), (45, 46), (11, 42), (33, 56), (41, 51), (36, 40), (40, 50), (12, 32), (45, 67), (9, 25), (17, 69), (34, 70), (66, 69), (52, 72), (1, 55), (10, 74), (70, 74), (63, 76), (65, 77), (38, 44), (11, 79), (68, 80), (16, 66), (32, 82), (63, 83), (48, 54), (23, 43), (53, 86), (32, 86), (39, 88), (53, 89), (40, 88), (32, 62), (19, 65), (61, 93), (3, 62), (93, 95), (4, 42), (40, 97), (49, 98), (80, 98), (72, 78), (0, 50), (4, 20), (68, 103), (5, 21), (43, 105), (64, 106), (54, 106), (103, 105), (59, 109), (57, 109), (2, 17), (55, 112), (46, 112), (25, 114), (76, 114), (2, 92), (10, 117), (61, 118))
((23, 31), (27, 32), (15, 23), (2, 18), (17, 35), (11, 33), (12, 28), (20, 38), (7, 31), (9, 36), (1, 41), (0, 24), (21, 29), (32, 43), (14, 44), (19, 33), (20, 47), (16, 34), (8, 49), (10, 19), (6, 30), (4, 28), (34, 37), (53, 54), (18, 54), (51, 56), (35, 40), (42, 58), (13, 53), (18, 26), (57, 58), (13, 29), (10, 36), (4, 39), (31, 52), (26, 41), (47, 58), (48, 55), (6, 22), (32, 70), (38, 44), (0, 50), (45, 73), (40, 74), (60, 72), (43, 59), (14, 22), (15, 78), (71, 79), (61, 64), (42, 81), (25, 81), (8, 45), (5, 21), (60, 85), (65, 86), (72, 87), (63, 87), (70, 85), (43, 49), (46, 90), (34, 40), (73, 93), (79, 93), (66, 93), (71, 96), (1, 25), (17, 98), (64, 99), (50, 99), (16, 98), (46, 52), (48, 65), (63, 103), (90, 105), (78, 105), (74, 102), (77, 108), (9, 108), (50, 110), (3, 37), (61, 112), (68, 113), (27, 112), (57, 115), (93, 115), (39, 117), (55, 118))
((7, 15), (0, 32), (8, 33), (16, 34), (18, 26), (15, 31), (27, 37), (6, 22), (23, 31), (14, 39), (19, 27), (22, 30), (20, 28), (3, 38), (10, 26), (13, 21), (30, 41), (12, 28), (24, 35), (5, 29), (1, 34), (37, 48), (14, 47), (9, 36), (35, 37), (13, 44), (51, 57), (49, 58), (47, 59), (45, 46), (11, 42), (33, 56), (41, 51), (36, 40), (40, 50), (12, 32), (45, 67), (9, 25), (17, 69), (34, 70), (66, 69), (52, 72), (1, 55), (10, 74), (70, 74), (63, 76), (65, 77), (38, 44), (11, 79), (68, 80), (16, 66), (32, 82), (63, 83), (48, 54), (23, 43), (53, 86), (32, 86), (39, 88), (53, 89), (40, 88), (32, 62), (19, 65), (61, 93), (3, 62), (93, 95), (4, 42), (40, 97), (49, 98), (80, 98), (72, 78), (0, 50), (4, 20), (68, 103), (5, 21), (43, 105), (64, 106), (54, 106), (103, 105), (59, 109), (57, 109), (2, 17), (55, 112), (46, 112), (25, 114), (76, 114), (2, 92), (10, 117), (61, 118))
((7, 15), (0, 32), (8, 33), (16, 34), (18, 26), (15, 31), (27, 37), (6, 22), (23, 31), (14, 39), (19, 27), (22, 30), (20, 28), (3, 38), (10, 26), (13, 21), (30, 41), (12, 28), (24, 35), (5, 29), (1, 34), (37, 48), (14, 47), (9, 36), (35, 37), (13, 44), (51, 57), (49, 58), (47, 59), (45, 46), (11, 42), (33, 56), (41, 51), (36, 40), (40, 50), (12, 32), (45, 67), (9, 25), (17, 69), (34, 70), (66, 69), (52, 72), (1, 55), (10, 74), (70, 74), (63, 76), (65, 77), (38, 44), (11, 79), (68, 80), (0, 50), (72, 78), (48, 54), (2, 17), (55, 85), (46, 85), (25, 87), (76, 87), (23, 43), (53, 90), (32, 90), (40, 92), (39, 92), (53, 94), (16, 66), (32, 96), (63, 97), (19, 65), (61, 99), (62, 99), (3, 101), (4, 20), (68, 103), (5, 21), (43, 105), (64, 106), (54, 106), (103, 105), (57, 109), (59, 109), (32, 62), (10, 112), (2, 113), (61, 114), (4, 40), (42, 116), (49, 117), (80, 117))
((5, 13), (7, 23), (19, 33), (3, 27), (9, 25), (15, 23), (8, 37), (16, 38), (33, 39), (7, 31), (6, 32), (18, 26), (15, 31), (0, 44), (1, 36), (40, 45), (14, 30), (42, 48), (17, 46), (4, 28), (20, 51), (12, 52), (4, 12), (17, 25), (38, 47), (2, 18), (21, 32), (6, 22), (34, 43), (55, 56), (13, 29), (14, 22), (51, 58), (10, 26), (29, 58), (49, 66), (24, 40), (11, 19), (35, 41), (60, 70), (62, 63), (67, 72), (42, 72), (53, 62), (69, 71), (56, 68), (23, 63), (41, 78), (52, 69), (64, 75), (49, 59), (5, 54), (66, 83), (75, 83), (37, 80), (44, 59), (78, 87), (24, 41), (56, 89), (45, 46), (90, 91), (3, 34), (54, 93), (86, 94), (57, 93), (76, 96), (35, 97), (36, 43), (9, 39), (50, 100), (2, 55), (48, 79), (37, 103), (87, 103), (99, 102), (44, 61), (92, 107), (100, 107), (28, 70), (94, 110), (53, 110), (65, 102), (44, 65), (97, 114), (71, 114), (50, 113), (99, 117), (57, 117))
((5, 13), (7, 23), (19, 33), (3, 27), (9, 25), (15, 23), (8, 37), (16, 38), (33, 39), (7, 31), (6, 32), (18, 26), (15, 31), (0, 44), (1, 36), (40, 45), (14, 30), (42, 48), (17, 46), (4, 28), (20, 51), (12, 52), (4, 12), (17, 25), (38, 47), (2, 18), (21, 32), (6, 22), (34, 43), (55, 56), (13, 29), (14, 22), (51, 58), (10, 26), (29, 58), (49, 66), (24, 40), (11, 19), (35, 41), (60, 70), (62, 63), (67, 72), (42, 72), (53, 62), (69, 71), (28, 70), (53, 77), (56, 68), (23, 63), (41, 80), (44, 65), (71, 82), (52, 69), (64, 75), (49, 59), (5, 54), (66, 87), (75, 87), (37, 84), (44, 59), (80, 91), (24, 41), (56, 93), (45, 46), (94, 95), (3, 34), (54, 97), (90, 98), (77, 98), (57, 97), (76, 101), (35, 102), (82, 102), (36, 43), (9, 39), (50, 106), (44, 61), (106, 108), (96, 108), (2, 55), (65, 111), (105, 111), (48, 81), (91, 114), (37, 114), (50, 112), (105, 117), (57, 117))
((7, 15), (0, 32), (8, 33), (16, 34), (18, 26), (15, 31), (27, 37), (6, 22), (23, 31), (14, 39), (19, 27), (22, 30), (20, 28), (3, 38), (10, 26), (13, 21), (30, 41), (12, 28), (24, 35), (5, 29), (1, 34), (37, 48), (0, 50), (35, 37), (41, 51), (13, 44), (51, 57), (14, 47), (48, 59), (23, 43), (53, 61), (32, 61), (39, 63), (40, 63), (53, 64), (49, 58), (47, 67), (2, 17), (9, 36), (69, 70), (1, 70), (10, 72), (46, 69), (25, 74), (4, 20), (4, 42), (40, 77), (49, 78), (5, 21), (43, 80), (56, 81), (59, 81), (76, 80), (57, 84), (67, 84), (9, 25), (17, 87), (34, 88), (72, 88), (74, 90), (11, 42), (3, 92), (12, 32), (45, 94), (76, 95), (32, 92), (2, 97), (10, 98), (45, 46), (99, 100), (33, 55), (36, 40), (19, 103), (93, 104), (100, 104), (90, 102), (103, 107), (38, 44), (11, 109), (78, 110), (95, 110), (40, 50), (87, 113), (52, 114), (108, 114), (16, 113), (32, 117), (102, 118))
((7, 15), (0, 32), (8, 33), (16, 34), (18, 26), (15, 31), (27, 37), (6, 22), (23, 31), (14, 39), (19, 27), (22, 30), (20, 28), (3, 38), (10, 26), (13, 21), (30, 41), (12, 28), (24, 35), (5, 29), (1, 34), (37, 48), (14, 47), (9, 36), (35, 37), (13, 44), (51, 57), (49, 58), (47, 59), (45, 46), (11, 42), (33, 56), (41, 51), (36, 40), (40, 50), (12, 32), (45, 67), (9, 25), (17, 69), (34, 70), (66, 69), (52, 72), (1, 55), (10, 74), (70, 74), (63, 76), (65, 77), (38, 44), (11, 79), (68, 80), (16, 66), (32, 82), (63, 83), (48, 54), (23, 43), (53, 86), (32, 86), (39, 88), (53, 89), (40, 88), (32, 62), (19, 65), (61, 93), (3, 62), (93, 95), (4, 42), (40, 97), (49, 98), (80, 98), (72, 78), (0, 50), (4, 20), (68, 103), (5, 21), (43, 105), (64, 106), (54, 106), (103, 105), (57, 109), (59, 109), (2, 17), (55, 112), (46, 112), (25, 114), (76, 114), (2, 10), (92, 117), (61, 118))
((7, 15), (0, 32), (8, 33), (16, 34), (18, 26), (15, 31), (27, 37), (6, 22), (23, 31), (14, 39), (19, 27), (22, 30), (20, 28), (3, 38), (10, 26), (13, 21), (30, 41), (12, 28), (24, 35), (5, 29), (1, 34), (37, 48), (14, 47), (9, 36), (35, 37), (13, 44), (51, 57), (49, 58), (47, 59), (45, 46), (11, 42), (33, 56), (41, 51), (36, 40), (40, 50), (12, 32), (45, 67), (9, 25), (17, 69), (34, 70), (66, 69), (52, 72), (1, 55), (10, 74), (70, 74), (63, 76), (65, 77), (38, 44), (11, 79), (68, 80), (16, 66), (32, 82), (63, 83), (48, 54), (23, 43), (53, 86), (32, 86), (39, 88), (53, 89), (40, 88), (32, 62), (19, 65), (61, 93), (3, 62), (93, 95), (4, 42), (40, 97), (49, 98), (80, 98), (72, 78), (0, 50), (4, 20), (68, 103), (5, 21), (43, 105), (64, 106), (54, 106), (103, 105), (59, 109), (57, 109), (2, 10), (92, 112), (61, 113), (2, 17), (55, 115), (46, 115), (76, 117), (25, 117))
((7, 15), (0, 32), (8, 33), (16, 34), (18, 26), (15, 31), (27, 37), (6, 22), (23, 31), (14, 39), (19, 27), (22, 30), (20, 28), (3, 38), (10, 26), (13, 21), (30, 41), (12, 28), (24, 35), (5, 29), (1, 34), (37, 48), (14, 47), (9, 36), (35, 37), (13, 44), (51, 57), (49, 58), (47, 59), (45, 46), (11, 42), (33, 56), (41, 51), (36, 40), (40, 50), (12, 32), (45, 67), (9, 25), (17, 69), (34, 70), (66, 69), (52, 72), (1, 55), (10, 74), (70, 74), (63, 76), (65, 77), (38, 44), (11, 79), (68, 80), (16, 66), (32, 82), (63, 83), (48, 54), (23, 43), (53, 86), (32, 86), (39, 88), (53, 89), (40, 88), (32, 62), (19, 65), (61, 93), (3, 62), (93, 95), (4, 42), (40, 97), (49, 98), (80, 98), (72, 78), (0, 50), (4, 20), (68, 103), (5, 21), (43, 105), (64, 106), (54, 106), (103, 105), (59, 109), (57, 109), (2, 17), (55, 112), (46, 112), (76, 114), (25, 114), (2, 92), (10, 117), (61, 118))
((0, 24), (15, 31), (32, 33), (2, 10), (7, 31), (26, 35), (15, 23), (11, 27), (33, 39), (10, 18), (5, 13), (3, 39), (11, 19), (38, 44), (30, 42), (17, 25), (1, 8), (14, 22), (9, 25), (41, 50), (35, 40), (36, 52), (18, 37), (16, 38), (12, 28), (6, 22), (4, 12), (3, 36), (38, 54), (23, 49), (5, 21), (57, 62), (46, 63), (20, 28), (8, 34), (38, 66), (17, 36), (32, 68), (1, 9), (40, 56), (41, 45), (43, 72), (21, 29), (14, 74), (63, 75), (48, 55), (37, 47), (59, 60), (72, 79), (33, 57), (61, 81), (32, 55), (13, 58), (74, 84), (19, 53), (29, 65), (4, 45), (65, 88), (71, 88), (69, 70), (51, 78), (46, 49), (2, 70), (54, 94), (0, 66), (50, 96), (77, 97), (69, 97), (16, 96), (36, 100), (34, 101), (20, 27), (59, 103), (71, 104), (58, 104), (6, 30), (75, 107), (7, 107), (81, 109), (38, 109), (36, 61), (42, 87), (47, 77), (51, 94), (53, 79), (56, 62), (84, 117), (87, 117))
((5, 29), (12, 28), (6, 22), (2, 17), (10, 26), (14, 34), (5, 21), (23, 31), (20, 28), (13, 40), (9, 25), (32, 41), (18, 26), (33, 43), (9, 44), (35, 36), (30, 37), (13, 21), (14, 49), (39, 44), (1, 46), (25, 47), (32, 37), (15, 31), (7, 15), (48, 50), (35, 46), (19, 27), (48, 55), (22, 30), (45, 49), (38, 61), (0, 56), (50, 63), (17, 42), (4, 20), (27, 55), (8, 64), (3, 68), (54, 63), (10, 52), (23, 61), (60, 73), (39, 59), (11, 68), (40, 76), (4, 75), (77, 78), (16, 69), (11, 59), (12, 70), (56, 73), (39, 83), (55, 80), (38, 67), (66, 69), (56, 82), (41, 86), (56, 81), (24, 80), (19, 51), (3, 92), (33, 78), (45, 86), (81, 93), (34, 83), (77, 88), (67, 88), (36, 70), (64, 85), (39, 91), (42, 102), (60, 97), (2, 90), (0, 91), (10, 105), (52, 66), (92, 100), (47, 108), (100, 107), (56, 102), (16, 112), (101, 113), (101, 108), (51, 115), (103, 116), (69, 103), (1, 118))
((7, 31), (24, 32), (1, 17), (12, 28), (8, 32), (7, 23), (6, 22), (19, 37), (1, 9), (0, 33), (25, 41), (22, 30), (0, 16), (3, 19), (2, 18), (26, 40), (5, 21), (15, 23), (11, 49), (11, 45), (32, 51), (34, 42), (2, 26), (19, 50), (9, 25), (34, 46), (13, 29), (37, 38), (3, 39), (15, 43), (32, 61), (37, 44), (40, 63), (42, 64), (27, 39), (46, 66), (37, 41), (10, 18), (21, 29), (30, 70), (35, 70), (50, 69), (67, 73), (4, 35), (20, 75), (36, 44), (47, 69), (56, 78), (57, 79), (54, 79), (49, 77), (68, 82), (24, 82), (53, 84), (36, 84), (64, 85), (20, 28), (5, 88), (58, 89), (76, 90), (48, 91), (72, 91), (60, 88), (59, 61), (53, 56), (12, 55), (76, 97), (94, 97), (72, 89), (8, 68), (27, 51), (73, 102), (47, 57), (52, 54), (67, 105), (32, 66), (75, 107), (94, 108), (38, 58), (71, 110), (6, 14), (71, 112), (31, 112), (49, 114), (59, 114), (48, 113), (43, 117), (110, 117))
((7, 15), (6, 22), (18, 26), (9, 34), (4, 20), (20, 28), (9, 25), (0, 32), (22, 30), (2, 17), (10, 26), (12, 28), (12, 32), (14, 33), (23, 31), (23, 40), (1, 35), (13, 21), (19, 27), (4, 50), (5, 21), (32, 47), (15, 31), (8, 39), (33, 53), (41, 42), (40, 52), (30, 45), (27, 54), (35, 41), (17, 38), (34, 46), (54, 59), (3, 60), (5, 29), (13, 37), (11, 50), (45, 66), (14, 49), (32, 68), (16, 55), (10, 48), (25, 57), (46, 51), (54, 72), (66, 67), (59, 70), (2, 71), (37, 60), (58, 69), (55, 62), (19, 63), (42, 65), (43, 77), (10, 79), (46, 53), (44, 65), (36, 52), (3, 68), (49, 85), (11, 80), (48, 62), (24, 72), (1, 55), (46, 94), (39, 76), (16, 96), (93, 97), (32, 98), (58, 70), (38, 96), (47, 64), (88, 92), (97, 100), (84, 86), (67, 89), (85, 89), (57, 93), (75, 92), (56, 64), (83, 84), (43, 75), (36, 88), (83, 90), (0, 94), (63, 99), (95, 102), (102, 117))
((7, 15), (0, 32), (8, 33), (16, 34), (18, 26), (15, 31), (27, 37), (6, 22), (23, 31), (14, 39), (19, 27), (22, 30), (20, 28), (3, 38), (10, 26), (13, 21), (30, 41), (12, 28), (24, 35), (5, 29), (1, 34), (37, 48), (14, 47), (9, 36), (35, 37), (13, 44), (51, 57), (49, 58), (47, 59), (45, 46), (11, 42), (33, 56), (41, 51), (36, 40), (40, 50), (12, 32), (45, 67), (9, 25), (17, 69), (34, 70), (66, 69), (52, 72), (1, 55), (10, 74), (70, 74), (63, 76), (65, 77), (38, 44), (11, 79), (68, 80), (16, 66), (32, 82), (63, 83), (48, 54), (23, 43), (53, 86), (32, 86), (39, 88), (53, 89), (40, 88), (32, 62), (19, 65), (61, 93), (3, 62), (93, 95), (4, 42), (40, 97), (49, 98), (80, 98), (72, 78), (0, 50), (4, 20), (68, 103), (2, 92), (10, 105), (61, 106), (5, 21), (103, 108), (57, 109), (59, 109), (43, 108), (54, 112), (64, 112), (2, 17), (55, 115), (46, 115), (25, 117), (76, 117))
((7, 15), (0, 32), (8, 33), (16, 34), (18, 26), (15, 31), (27, 37), (6, 22), (23, 31), (14, 39), (19, 27), (22, 30), (20, 28), (3, 38), (10, 26), (13, 21), (30, 41), (12, 28), (24, 35), (5, 29), (1, 34), (37, 48), (14, 47), (9, 36), (35, 37), (13, 44), (51, 57), (49, 58), (47, 59), (45, 46), (11, 42), (33, 56), (41, 51), (36, 40), (40, 50), (12, 32), (45, 67), (9, 25), (17, 69), (34, 70), (66, 69), (52, 72), (1, 55), (10, 74), (70, 74), (63, 76), (65, 77), (38, 44), (11, 79), (68, 80), (16, 66), (32, 82), (63, 83), (48, 54), (23, 43), (53, 86), (32, 86), (39, 88), (53, 89), (40, 88), (32, 62), (19, 65), (61, 93), (3, 62), (93, 95), (4, 42), (40, 97), (49, 98), (80, 98), (72, 78), (0, 50), (4, 20), (68, 103), (5, 21), (103, 105), (59, 106), (57, 106), (43, 105), (54, 109), (64, 109), (2, 92), (10, 112), (61, 113), (2, 17), (55, 115), (46, 115), (25, 117), (76, 117))
((7, 15), (0, 32), (8, 33), (16, 34), (18, 26), (15, 31), (27, 37), (6, 22), (23, 31), (14, 39), (19, 27), (22, 30), (20, 28), (3, 38), (10, 26), (13, 21), (30, 41), (12, 28), (24, 35), (5, 29), (1, 34), (37, 48), (14, 47), (9, 36), (35, 37), (13, 44), (51, 57), (49, 58), (47, 59), (45, 46), (11, 42), (33, 56), (41, 51), (36, 40), (40, 50), (12, 32), (45, 67), (9, 25), (17, 69), (34, 70), (66, 69), (52, 72), (1, 55), (10, 74), (70, 74), (63, 76), (38, 44), (11, 78), (48, 54), (23, 43), (53, 81), (32, 81), (39, 83), (40, 83), (32, 62), (19, 65), (3, 62), (87, 88), (4, 42), (40, 90), (49, 91), (79, 91), (4, 20), (68, 94), (5, 21), (43, 96), (64, 97), (54, 97), (94, 96), (59, 100), (2, 17), (46, 102), (25, 103), (76, 103), (2, 86), (10, 106), (61, 107), (55, 102), (32, 66), (16, 110), (63, 111), (61, 87), (68, 79), (57, 100), (53, 84), (65, 77), (0, 50), (72, 117))
((7, 15), (0, 32), (8, 33), (16, 34), (18, 26), (15, 31), (27, 37), (6, 22), (23, 31), (14, 39), (19, 27), (22, 30), (20, 28), (3, 38), (10, 26), (13, 21), (30, 41), (12, 28), (24, 35), (5, 29), (1, 34), (37, 48), (14, 47), (9, 36), (35, 37), (13, 44), (51, 57), (49, 58), (47, 59), (45, 46), (11, 42), (33, 56), (41, 51), (36, 40), (40, 50), (12, 32), (45, 67), (9, 25), (17, 69), (34, 70), (66, 69), (52, 72), (1, 55), (10, 74), (70, 74), (63, 76), (65, 77), (38, 44), (11, 79), (68, 80), (16, 66), (32, 82), (63, 83), (48, 54), (23, 43), (53, 86), (32, 86), (39, 88), (53, 89), (40, 88), (32, 62), (19, 65), (61, 93), (3, 62), (93, 95), (4, 42), (40, 97), (49, 98), (80, 98), (72, 78), (0, 50), (4, 20), (68, 103), (2, 17), (55, 105), (46, 105), (25, 107), (76, 107), (2, 92), (10, 110), (61, 111), (5, 21), (103, 113), (59, 114), (57, 114), (43, 113), (54, 117), (64, 117))
((7, 15), (0, 32), (8, 33), (16, 34), (24, 35), (0, 36), (9, 25), (17, 38), (34, 39), (18, 26), (9, 41), (1, 42), (10, 43), (15, 31), (35, 45), (33, 46), (23, 31), (36, 48), (16, 49), (32, 50), (47, 51), (19, 27), (11, 53), (32, 54), (2, 55), (10, 56), (41, 48), (39, 43), (47, 59), (58, 60), (2, 17), (42, 62), (6, 22), (22, 30), (23, 65), (32, 66), (64, 67), (14, 64), (30, 69), (45, 70), (68, 71), (12, 32), (27, 45), (3, 74), (73, 75), (20, 28), (74, 77), (11, 78), (76, 79), (19, 58), (10, 26), (75, 82), (81, 83), (62, 82), (25, 85), (3, 54), (81, 87), (48, 67), (59, 85), (57, 83), (4, 20), (5, 21), (92, 93), (12, 28), (13, 77), (5, 29), (96, 97), (95, 98), (94, 99), (4, 53), (48, 101), (79, 102), (95, 102), (76, 92), (1, 34), (38, 49), (106, 107), (13, 21), (14, 109), (65, 93), (110, 111), (99, 109), (61, 107), (94, 96), (66, 71), (70, 110), (69, 97), (111, 118))
((3, 19), (7, 31), (0, 8), (7, 23), (34, 35), (24, 36), (15, 23), (33, 37), (2, 18), (1, 17), (27, 32), (32, 35), (11, 42), (6, 22), (11, 19), (16, 33), (12, 20), (13, 29), (45, 49), (40, 43), (4, 28), (22, 30), (9, 36), (38, 54), (34, 47), (1, 9), (26, 57), (35, 45), (10, 18), (58, 60), (40, 41), (58, 62), (15, 53), (46, 51), (17, 25), (6, 14), (10, 66), (62, 68), (2, 26), (68, 70), (21, 52), (12, 28), (43, 73), (49, 73), (72, 75), (55, 66), (5, 48), (75, 78), (33, 64), (31, 67), (38, 81), (59, 81), (5, 13), (72, 84), (14, 84), (50, 86), (53, 86), (0, 38), (39, 89), (41, 90), (55, 91), (3, 4), (20, 38), (46, 94), (52, 95), (74, 95), (25, 37), (56, 98), (57, 99), (91, 99), (59, 64), (21, 29), (78, 103), (30, 103), (67, 105), (50, 105), (27, 33), (93, 108), (74, 109), (48, 109), (70, 108), (65, 112), (44, 112), (47, 90), (36, 115), (38, 42), (60, 117), (65, 118))
((7, 15), (0, 32), (8, 33), (16, 34), (18, 26), (15, 31), (27, 37), (6, 22), (23, 31), (14, 39), (19, 27), (22, 30), (20, 28), (3, 38), (10, 26), (13, 21), (30, 41), (12, 28), (24, 35), (5, 29), (1, 34), (37, 48), (14, 47), (9, 36), (35, 37), (13, 44), (51, 57), (49, 58), (47, 59), (45, 46), (11, 42), (33, 56), (41, 51), (36, 40), (40, 50), (12, 32), (45, 67), (9, 25), (17, 69), (34, 70), (66, 69), (52, 72), (1, 55), (10, 74), (70, 74), (63, 76), (65, 77), (38, 44), (11, 79), (68, 80), (16, 66), (32, 82), (63, 83), (48, 54), (23, 43), (53, 86), (32, 86), (39, 88), (40, 88), (53, 89), (32, 62), (19, 65), (61, 93), (3, 62), (93, 95), (4, 42), (40, 97), (0, 50), (49, 98), (72, 78), (80, 98), (4, 20), (68, 103), (5, 21), (43, 105), (54, 106), (64, 106), (103, 105), (57, 109), (59, 109), (2, 17), (55, 112), (46, 112), (25, 114), (76, 114), (2, 92), (10, 117), (61, 118))
((7, 15), (0, 32), (8, 33), (16, 34), (18, 26), (15, 31), (27, 37), (6, 22), (23, 31), (14, 39), (19, 27), (22, 30), (20, 28), (3, 38), (10, 26), (13, 21), (30, 41), (12, 28), (24, 35), (5, 29), (1, 34), (37, 48), (14, 47), (9, 36), (35, 37), (13, 44), (51, 57), (49, 58), (47, 59), (45, 46), (11, 42), (33, 56), (41, 51), (36, 40), (40, 50), (32, 45), (12, 67), (9, 25), (17, 69), (34, 70), (66, 69), (52, 72), (1, 55), (10, 74), (70, 74), (63, 76), (65, 77), (38, 44), (11, 79), (68, 80), (16, 66), (32, 82), (63, 83), (48, 54), (23, 43), (53, 86), (32, 86), (39, 88), (53, 89), (40, 88), (2, 10), (19, 65), (61, 93), (3, 62), (93, 95), (40, 42), (4, 97), (49, 98), (80, 98), (72, 78), (0, 50), (4, 20), (68, 103), (5, 21), (43, 105), (64, 106), (54, 106), (103, 105), (59, 109), (57, 109), (2, 17), (55, 112), (46, 112), (25, 114), (76, 114), (32, 92), (62, 117), (61, 118))
((7, 15), (0, 32), (8, 33), (16, 34), (18, 26), (15, 31), (27, 37), (6, 22), (23, 31), (14, 39), (19, 27), (22, 30), (20, 28), (3, 38), (10, 26), (13, 21), (30, 41), (12, 28), (24, 35), (5, 29), (1, 34), (37, 48), (14, 47), (9, 36), (35, 37), (13, 44), (51, 57), (49, 58), (47, 59), (45, 46), (11, 42), (33, 56), (41, 51), (36, 40), (40, 50), (12, 32), (45, 67), (9, 25), (17, 69), (34, 70), (66, 69), (52, 72), (1, 55), (10, 74), (70, 74), (63, 76), (65, 77), (38, 44), (11, 79), (68, 80), (16, 66), (32, 82), (63, 83), (48, 54), (23, 43), (53, 86), (32, 86), (39, 88), (53, 89), (40, 88), (32, 62), (19, 65), (61, 93), (3, 62), (93, 95), (4, 42), (40, 97), (49, 98), (80, 98), (72, 78), (0, 50), (4, 20), (68, 103), (5, 21), (43, 105), (64, 106), (54, 106), (103, 105), (59, 109), (57, 109), (2, 17), (55, 112), (46, 112), (25, 114), (76, 114), (2, 92), (10, 117), (61, 118))
((7, 15), (0, 32), (8, 33), (16, 34), (18, 26), (15, 31), (27, 37), (6, 22), (23, 31), (14, 39), (19, 27), (22, 30), (20, 28), (3, 38), (10, 26), (13, 21), (30, 41), (12, 28), (24, 35), (5, 29), (9, 36), (35, 37), (13, 44), (51, 54), (45, 46), (11, 42), (33, 53), (36, 40), (40, 50), (12, 32), (9, 25), (17, 62), (1, 52), (38, 44), (23, 43), (32, 66), (4, 42), (4, 20), (5, 21), (2, 17), (43, 70), (40, 68), (19, 59), (45, 61), (49, 55), (16, 60), (63, 64), (32, 57), (69, 70), (58, 78), (60, 62), (11, 65), (14, 47), (34, 82), (37, 48), (3, 74), (46, 71), (10, 64), (56, 74), (72, 84), (25, 88), (48, 84), (75, 83), (52, 71), (41, 51), (66, 86), (72, 96), (2, 10), (73, 83), (69, 75), (78, 88), (54, 80), (1, 85), (79, 99), (56, 105), (39, 67), (86, 107), (49, 73), (57, 87), (76, 80), (47, 76), (59, 81), (82, 113), (40, 67), (34, 63), (0, 50), (32, 77), (58, 118))
((12, 28), (18, 26), (9, 33), (6, 22), (10, 26), (13, 21), (5, 29), (9, 25), (7, 15), (20, 28), (12, 40), (15, 31), (19, 27), (5, 21), (2, 17), (23, 31), (33, 47), (19, 48), (0, 40), (14, 37), (22, 30), (4, 20), (11, 44), (8, 50), (3, 54), (16, 55), (17, 39), (14, 35), (30, 59), (43, 57), (1, 55), (40, 54), (24, 57), (13, 41), (1, 34), (36, 46), (0, 64), (4, 44), (27, 43), (34, 46), (45, 53), (25, 67), (10, 66), (49, 56), (3, 70), (47, 64), (45, 52), (16, 77), (43, 60), (42, 76), (38, 65), (50, 61), (32, 82), (37, 84), (36, 76), (38, 59), (51, 60), (55, 58), (39, 77), (62, 90), (58, 66), (83, 92), (48, 93), (41, 70), (11, 95), (81, 96), (49, 86), (40, 79), (83, 99), (23, 52), (80, 101), (40, 101), (35, 103), (80, 104), (65, 72), (47, 103), (47, 69), (32, 108), (96, 108), (90, 94), (53, 81), (78, 87), (51, 78), (72, 84), (67, 92), (2, 63), (10, 117), (86, 118))
((7, 31), (24, 32), (1, 17), (12, 28), (8, 32), (7, 23), (6, 22), (19, 37), (1, 9), (0, 33), (25, 41), (22, 30), (0, 16), (3, 19), (2, 18), (26, 40), (5, 21), (15, 23), (11, 49), (11, 45), (32, 51), (34, 42), (2, 26), (19, 50), (9, 25), (34, 46), (13, 29), (37, 38), (37, 45), (15, 43), (32, 61), (37, 44), (40, 63), (42, 64), (27, 39), (46, 66), (37, 41), (10, 18), (21, 29), (30, 70), (35, 70), (50, 69), (67, 73), (4, 35), (20, 75), (36, 44), (47, 69), (56, 78), (57, 79), (54, 79), (49, 77), (68, 82), (24, 82), (53, 84), (36, 84), (64, 85), (20, 28), (5, 88), (58, 89), (76, 90), (48, 91), (72, 91), (60, 88), (59, 61), (53, 56), (12, 55), (76, 97), (94, 97), (72, 89), (8, 68), (27, 51), (73, 102), (47, 57), (52, 54), (67, 105), (32, 66), (75, 107), (94, 108), (38, 58), (71, 110), (6, 14), (71, 112), (31, 112), (49, 114), (59, 114), (48, 113), (43, 117), (110, 117))
((7, 15), (0, 32), (8, 33), (16, 34), (24, 35), (0, 36), (9, 25), (17, 38), (34, 39), (18, 26), (9, 41), (1, 42), (10, 43), (19, 27), (11, 45), (32, 46), (2, 47), (10, 48), (15, 31), (27, 50), (20, 28), (51, 52), (11, 53), (3, 51), (12, 32), (55, 56), (54, 57), (5, 29), (13, 52), (59, 60), (12, 28), (61, 62), (5, 21), (4, 20), (64, 65), (63, 66), (22, 30), (64, 68), (13, 21), (14, 70), (69, 71), (6, 22), (14, 73), (30, 74), (50, 75), (23, 68), (76, 77), (23, 31), (36, 79), (16, 80), (32, 81), (35, 50), (33, 83), (82, 84), (39, 43), (84, 86), (41, 79), (87, 88), (2, 17), (42, 90), (10, 26), (55, 92), (19, 88), (93, 94), (4, 45), (79, 96), (54, 97), (63, 70), (71, 75), (32, 77), (73, 101), (76, 102), (38, 80), (1, 34), (104, 105), (90, 92), (25, 107), (3, 46), (94, 109), (62, 97), (59, 74), (69, 112), (79, 101), (89, 104), (86, 107), (49, 93), (57, 65), (60, 66))
((7, 15), (0, 32), (8, 33), (16, 34), (18, 26), (15, 31), (27, 37), (6, 22), (23, 31), (14, 39), (19, 27), (22, 30), (20, 28), (3, 38), (10, 26), (13, 21), (30, 41), (12, 28), (24, 35), (5, 29), (1, 34), (37, 48), (14, 47), (9, 36), (35, 37), (13, 44), (51, 57), (49, 58), (47, 59), (45, 46), (11, 42), (33, 56), (41, 51), (36, 40), (40, 50), (12, 32), (45, 67), (9, 25), (17, 69), (34, 70), (66, 69), (52, 72), (1, 55), (10, 74), (70, 74), (63, 76), (65, 77), (38, 44), (11, 79), (68, 80), (16, 66), (32, 82), (63, 83), (48, 54), (23, 43), (53, 86), (32, 86), (39, 88), (53, 89), (40, 88), (32, 62), (19, 65), (61, 93), (3, 62), (93, 95), (4, 42), (40, 97), (49, 98), (80, 98), (72, 78), (0, 50), (4, 20), (68, 103), (5, 21), (43, 105), (64, 106), (54, 106), (103, 105), (59, 109), (57, 109), (2, 17), (55, 112), (46, 112), (25, 114), (76, 114), (2, 92), (10, 117), (61, 118))
((5, 29), (20, 28), (9, 25), (18, 26), (23, 31), (15, 31), (4, 20), (6, 22), (17, 34), (12, 28), (5, 21), (27, 37), (10, 26), (14, 39), (2, 17), (32, 45), (19, 27), (22, 30), (13, 33), (13, 21), (3, 43), (30, 45), (38, 42), (33, 43), (35, 36), (14, 51), (7, 15), (9, 35), (11, 48), (19, 56), (44, 46), (1, 59), (4, 48), (44, 52), (0, 58), (42, 49), (37, 53), (23, 49), (57, 67), (36, 64), (3, 60), (58, 60), (8, 66), (32, 50), (53, 57), (12, 58), (50, 54), (25, 62), (46, 59), (47, 67), (58, 69), (41, 71), (40, 63), (36, 82), (68, 69), (16, 74), (41, 75), (1, 74), (52, 77), (54, 88), (11, 55), (40, 74), (2, 73), (37, 87), (51, 88), (71, 92), (39, 82), (66, 95), (62, 84), (84, 99), (10, 63), (68, 98), (24, 87), (0, 104), (61, 65), (61, 72), (38, 90), (10, 94), (36, 104), (34, 110), (16, 110), (56, 101), (65, 109), (90, 92), (89, 111), (58, 112), (111, 113), (99, 117))
((4, 20), (6, 22), (18, 26), (2, 17), (13, 21), (22, 30), (5, 29), (19, 27), (14, 36), (9, 25), (4, 39), (20, 28), (5, 21), (23, 31), (13, 43), (32, 44), (46, 47), (12, 28), (14, 33), (15, 31), (38, 50), (10, 26), (11, 39), (3, 54), (35, 53), (17, 41), (23, 37), (38, 46), (42, 45), (7, 15), (27, 51), (25, 56), (43, 62), (12, 61), (49, 60), (49, 59), (30, 50), (34, 45), (9, 34), (54, 61), (11, 64), (60, 72), (19, 69), (37, 44), (40, 75), (3, 62), (53, 77), (65, 77), (55, 74), (32, 79), (36, 67), (72, 79), (0, 61), (51, 68), (52, 75), (74, 78), (47, 67), (35, 70), (40, 68), (8, 84), (2, 71), (58, 61), (57, 91), (1, 91), (45, 93), (33, 93), (58, 85), (16, 91), (1, 70), (85, 97), (57, 100), (24, 99), (10, 100), (56, 102), (10, 92), (51, 99), (0, 103), (78, 106), (84, 107), (45, 103), (41, 111), (95, 112), (69, 110), (102, 114), (112, 115), (16, 111), (61, 117), (110, 118))
((0, 24), (15, 31), (32, 33), (2, 10), (7, 31), (26, 35), (15, 23), (11, 27), (33, 39), (10, 18), (5, 13), (3, 39), (11, 19), (38, 44), (30, 42), (17, 25), (1, 8), (14, 22), (9, 25), (41, 50), (35, 40), (36, 52), (18, 37), (16, 38), (12, 28), (6, 22), (4, 12), (3, 36), (38, 54), (23, 49), (5, 21), (56, 62), (57, 62), (46, 64), (20, 28), (8, 34), (38, 67), (17, 36), (32, 69), (1, 9), (40, 56), (41, 45), (43, 73), (21, 29), (14, 75), (64, 76), (48, 55), (47, 78), (37, 47), (59, 60), (73, 81), (53, 81), (33, 57), (61, 84), (32, 55), (13, 58), (75, 87), (63, 87), (19, 53), (29, 66), (42, 91), (63, 91), (4, 45), (66, 94), (72, 94), (70, 71), (51, 80), (36, 61), (46, 49), (2, 71), (54, 101), (51, 101), (0, 67), (50, 104), (78, 105), (70, 105), (16, 104), (36, 108), (34, 109), (20, 27), (59, 111), (72, 112), (58, 112), (6, 30), (76, 115), (7, 115), (84, 117), (38, 117))
((7, 15), (0, 32), (8, 33), (16, 34), (18, 26), (15, 31), (27, 37), (6, 22), (23, 31), (14, 39), (19, 27), (22, 30), (20, 28), (3, 38), (10, 26), (13, 21), (30, 41), (12, 28), (24, 35), (5, 29), (1, 34), (37, 48), (14, 47), (9, 36), (35, 37), (13, 44), (51, 57), (49, 58), (47, 59), (45, 46), (11, 42), (33, 56), (41, 51), (36, 40), (40, 50), (12, 32), (45, 67), (9, 25), (17, 69), (34, 70), (66, 69), (52, 72), (1, 55), (10, 74), (70, 74), (63, 76), (65, 77), (38, 44), (11, 79), (68, 80), (16, 66), (32, 82), (63, 83), (48, 54), (23, 43), (53, 86), (32, 86), (39, 88), (53, 89), (40, 88), (32, 62), (19, 65), (61, 93), (3, 62), (93, 95), (4, 42), (40, 97), (49, 98), (80, 98), (72, 78), (0, 50), (4, 20), (68, 103), (5, 21), (43, 105), (64, 106), (54, 106), (103, 105), (59, 109), (57, 109), (2, 17), (55, 112), (10, 92), (2, 114), (61, 115), (46, 112), (25, 117), (76, 117))
((7, 15), (6, 22), (15, 31), (14, 33), (11, 27), (34, 36), (9, 17), (19, 27), (37, 39), (23, 31), (3, 32), (22, 30), (23, 43), (2, 10), (32, 44), (41, 46), (18, 26), (4, 20), (2, 17), (8, 32), (0, 51), (34, 52), (3, 36), (16, 53), (8, 55), (12, 28), (42, 45), (54, 58), (16, 24), (30, 35), (5, 29), (35, 62), (19, 59), (20, 42), (11, 65), (57, 66), (9, 48), (50, 68), (1, 68), (10, 70), (41, 48), (54, 72), (52, 56), (5, 21), (49, 75), (13, 21), (14, 77), (61, 78), (25, 38), (52, 80), (70, 80), (51, 60), (41, 83), (53, 84), (4, 12), (29, 86), (77, 87), (37, 86), (66, 89), (57, 88), (76, 91), (33, 46), (34, 61), (93, 94), (44, 94), (43, 75), (78, 97), (38, 60), (56, 99), (1, 100), (72, 82), (74, 102), (99, 102), (63, 97), (10, 26), (50, 106), (82, 107), (25, 107), (40, 41), (28, 110), (89, 111), (49, 111), (40, 106), (73, 114), (58, 114), (74, 85), (76, 87), (62, 91))
((15, 31), (8, 16), (5, 21), (15, 23), (1, 17), (4, 20), (4, 28), (7, 31), (9, 25), (12, 37), (13, 29), (11, 19), (32, 43), (33, 35), (0, 35), (24, 46), (1, 25), (2, 48), (5, 13), (30, 50), (28, 41), (10, 18), (14, 22), (9, 45), (36, 55), (10, 26), (44, 57), (33, 39), (27, 39), (29, 38), (51, 54), (42, 62), (40, 56), (37, 50), (61, 65), (2, 26), (6, 30), (6, 22), (34, 69), (51, 70), (63, 70), (32, 69), (23, 54), (39, 74), (73, 74), (3, 60), (0, 59), (63, 68), (34, 61), (52, 80), (42, 80), (24, 32), (59, 83), (8, 83), (46, 85), (48, 85), (55, 87), (35, 43), (12, 89), (52, 90), (49, 53), (40, 92), (67, 93), (47, 59), (56, 95), (87, 96), (19, 27), (3, 98), (11, 99), (35, 53), (99, 101), (58, 102), (65, 81), (7, 68), (35, 105), (73, 105), (38, 44), (36, 57), (93, 109), (49, 109), (98, 108), (90, 112), (16, 47), (60, 67), (58, 115), (100, 115), (41, 77), (112, 118))
((7, 15), (6, 22), (15, 31), (14, 33), (11, 27), (34, 36), (9, 17), (19, 27), (37, 39), (23, 31), (3, 32), (22, 30), (23, 43), (2, 10), (32, 44), (41, 46), (18, 26), (4, 20), (2, 17), (8, 32), (0, 51), (34, 52), (3, 36), (16, 53), (8, 55), (12, 28), (42, 45), (54, 58), (16, 24), (30, 35), (5, 29), (35, 62), (19, 59), (20, 42), (11, 65), (57, 66), (9, 48), (50, 68), (1, 68), (10, 70), (41, 48), (54, 72), (52, 56), (5, 21), (49, 75), (13, 21), (14, 77), (61, 78), (25, 38), (52, 80), (70, 80), (51, 60), (41, 83), (53, 84), (4, 12), (29, 86), (77, 87), (37, 86), (66, 89), (57, 88), (76, 91), (33, 46), (34, 61), (93, 94), (44, 94), (43, 75), (78, 97), (38, 60), (56, 99), (1, 100), (72, 82), (74, 102), (99, 102), (63, 97), (10, 26), (50, 106), (82, 107), (25, 107), (40, 41), (28, 110), (89, 111), (49, 111), (40, 106), (73, 114), (58, 114), (74, 85), (76, 87), (62, 91))
((15, 23), (0, 32), (13, 21), (0, 8), (16, 33), (24, 36), (11, 32), (4, 12), (3, 27), (7, 31), (16, 41), (2, 18), (6, 22), (1, 9), (7, 23), (35, 46), (37, 47), (14, 34), (44, 49), (10, 18), (9, 25), (29, 34), (5, 53), (50, 54), (2, 26), (41, 56), (25, 36), (3, 19), (35, 58), (14, 30), (11, 59), (57, 62), (44, 46), (28, 40), (41, 65), (26, 45), (5, 21), (22, 30), (68, 69), (55, 70), (49, 70), (51, 67), (52, 73), (56, 74), (15, 69), (41, 76), (61, 77), (32, 78), (64, 78), (39, 53), (35, 42), (64, 76), (1, 17), (43, 84), (67, 85), (60, 84), (74, 85), (46, 59), (39, 89), (66, 90), (17, 47), (32, 92), (52, 93), (38, 51), (27, 95), (62, 96), (43, 89), (40, 98), (95, 99), (63, 99), (42, 48), (45, 102), (93, 103), (33, 102), (60, 103), (50, 61), (4, 28), (29, 108), (54, 109), (20, 108), (12, 111), (68, 112), (109, 113), (81, 113), (66, 112), (38, 111), (19, 117), (90, 118))
((15, 23), (8, 32), (7, 23), (3, 34), (10, 18), (0, 24), (11, 35), (19, 36), (12, 28), (33, 37), (1, 25), (2, 18), (26, 43), (10, 44), (32, 38), (39, 46), (14, 22), (20, 40), (4, 49), (9, 17), (37, 51), (6, 30), (7, 53), (4, 12), (21, 55), (13, 29), (56, 57), (46, 49), (50, 58), (5, 21), (60, 61), (32, 54), (6, 22), (3, 27), (47, 65), (38, 66), (43, 66), (23, 48), (9, 25), (36, 70), (61, 64), (16, 41), (8, 73), (17, 73), (42, 75), (37, 76), (7, 31), (69, 78), (65, 78), (28, 80), (15, 31), (41, 82), (64, 82), (69, 84), (54, 84), (45, 82), (44, 51), (71, 88), (0, 34), (73, 90), (33, 91), (83, 92), (70, 92), (75, 94), (19, 35), (55, 96), (59, 97), (68, 96), (87, 99), (26, 42), (71, 101), (45, 101), (50, 81), (81, 97), (47, 87), (1, 78), (94, 107), (52, 107), (5, 13), (40, 110), (56, 111), (60, 111), (30, 110), (48, 114), (72, 114), (57, 115), (53, 117), (72, 117))
((7, 15), (11, 32), (0, 16), (24, 32), (19, 33), (7, 23), (23, 31), (12, 20), (28, 39), (3, 38), (8, 35), (34, 37), (5, 21), (27, 36), (41, 45), (32, 46), (0, 32), (13, 21), (1, 25), (10, 26), (43, 50), (4, 20), (4, 40), (46, 53), (9, 25), (29, 39), (44, 57), (18, 26), (36, 37), (51, 60), (2, 10), (1, 17), (13, 29), (38, 42), (12, 60), (54, 66), (55, 66), (49, 53), (22, 30), (45, 62), (6, 49), (70, 72), (44, 73), (51, 56), (47, 61), (71, 76), (34, 65), (48, 65), (19, 59), (47, 80), (61, 81), (14, 30), (64, 83), (74, 84), (16, 42), (3, 33), (40, 87), (55, 88), (38, 82), (31, 70), (32, 91), (72, 84), (6, 14), (15, 94), (38, 95), (8, 17), (48, 97), (56, 98), (52, 98), (78, 99), (52, 101), (63, 101), (35, 43), (65, 104), (18, 50), (75, 106), (62, 106), (63, 108), (75, 109), (59, 109), (37, 83), (95, 112), (91, 112), (57, 69), (74, 94), (54, 58), (64, 117), (69, 117))
((7, 15), (0, 32), (8, 33), (16, 34), (18, 26), (15, 31), (27, 37), (6, 22), (23, 31), (14, 39), (19, 27), (22, 30), (20, 28), (3, 38), (10, 26), (13, 21), (30, 41), (12, 28), (24, 35), (9, 36), (35, 37), (11, 42), (36, 40), (40, 50), (12, 32), (9, 25), (17, 57), (55, 57), (1, 51), (58, 60), (38, 44), (23, 43), (32, 63), (32, 53), (19, 54), (4, 42), (4, 20), (5, 21), (2, 17), (33, 52), (34, 58), (14, 47), (37, 48), (43, 69), (39, 64), (10, 65), (5, 29), (34, 59), (1, 79), (32, 55), (2, 77), (48, 73), (10, 60), (68, 69), (13, 44), (73, 75), (63, 74), (45, 46), (66, 89), (82, 89), (51, 70), (45, 56), (68, 93), (61, 71), (54, 95), (59, 96), (46, 70), (25, 98), (61, 98), (40, 67), (49, 101), (74, 76), (11, 62), (93, 104), (101, 104), (0, 50), (78, 86), (16, 81), (71, 109), (49, 108), (47, 111), (85, 111), (41, 78), (75, 114), (40, 64), (53, 66), (3, 117), (85, 86))
((13, 21), (10, 26), (7, 15), (23, 31), (5, 29), (2, 17), (22, 30), (15, 31), (4, 35), (20, 28), (13, 41), (6, 22), (14, 43), (2, 10), (19, 27), (12, 28), (30, 44), (4, 20), (27, 39), (11, 46), (5, 21), (18, 26), (14, 32), (45, 51), (41, 50), (35, 53), (0, 34), (9, 25), (49, 52), (48, 54), (9, 53), (17, 59), (3, 51), (3, 50), (1, 62), (34, 55), (19, 57), (33, 37), (8, 58), (38, 52), (25, 69), (36, 42), (36, 44), (40, 46), (37, 62), (10, 66), (12, 65), (54, 71), (11, 56), (33, 65), (23, 38), (34, 82), (47, 73), (35, 83), (16, 70), (67, 81), (32, 84), (47, 75), (63, 66), (60, 84), (75, 80), (39, 86), (42, 60), (34, 78), (71, 74), (49, 95), (39, 48), (1, 70), (43, 83), (58, 93), (82, 98), (69, 90), (63, 70), (57, 90), (68, 81), (64, 68), (24, 86), (98, 100), (35, 108), (0, 108), (80, 95), (16, 110), (34, 113), (59, 110), (101, 105), (101, 114), (99, 115), (115, 116))
((7, 15), (0, 32), (8, 33), (16, 34), (18, 26), (15, 31), (27, 37), (6, 22), (23, 31), (14, 39), (19, 27), (22, 30), (20, 28), (3, 38), (10, 26), (13, 21), (30, 41), (12, 28), (24, 35), (5, 29), (1, 34), (37, 48), (14, 47), (9, 36), (35, 37), (13, 44), (51, 57), (49, 58), (47, 59), (45, 46), (11, 42), (33, 56), (41, 51), (36, 40), (40, 50), (12, 32), (45, 67), (9, 25), (17, 69), (34, 70), (66, 69), (52, 72), (1, 55), (10, 74), (70, 74), (63, 76), (65, 77), (38, 44), (11, 79), (68, 80), (16, 66), (32, 82), (63, 83), (48, 54), (23, 43), (53, 86), (32, 86), (39, 88), (53, 89), (40, 88), (32, 62), (19, 65), (61, 93), (3, 62), (93, 95), (4, 42), (40, 97), (49, 98), (80, 98), (72, 78), (0, 50), (4, 20), (68, 103), (5, 21), (43, 105), (64, 106), (54, 106), (103, 105), (59, 109), (57, 109), (2, 17), (55, 112), (46, 112), (25, 114), (76, 114), (2, 92), (10, 117), (61, 118))
((0, 8), (7, 15), (9, 25), (3, 11), (7, 23), (1, 17), (11, 19), (24, 33), (4, 20), (16, 39), (32, 33), (1, 42), (6, 14), (17, 25), (16, 36), (23, 31), (4, 28), (2, 18), (34, 49), (13, 21), (5, 29), (0, 46), (34, 43), (18, 26), (19, 47), (39, 53), (22, 52), (14, 30), (36, 59), (8, 41), (28, 35), (26, 45), (6, 51), (38, 40), (44, 58), (33, 62), (32, 47), (24, 68), (46, 68), (41, 68), (54, 71), (15, 44), (35, 36), (65, 74), (67, 75), (13, 29), (59, 77), (58, 78), (64, 78), (27, 56), (12, 81), (2, 10), (63, 83), (37, 84), (50, 85), (22, 30), (31, 87), (33, 88), (64, 87), (12, 20), (67, 91), (75, 82), (37, 54), (55, 56), (50, 63), (5, 48), (60, 88), (21, 91), (52, 99), (27, 38), (83, 101), (33, 102), (3, 95), (101, 104), (51, 97), (60, 73), (55, 85), (48, 82), (47, 73), (40, 77), (99, 111), (97, 111), (49, 74), (95, 114), (103, 114), (45, 53), (72, 117), (43, 117))
((7, 15), (18, 26), (12, 28), (23, 31), (10, 26), (15, 31), (19, 27), (27, 37), (11, 38), (9, 33), (13, 21), (14, 42), (20, 28), (22, 30), (6, 22), (5, 29), (13, 44), (14, 46), (3, 39), (30, 49), (37, 51), (0, 32), (8, 53), (16, 54), (37, 55), (53, 56), (9, 25), (17, 58), (47, 48), (33, 35), (24, 55), (35, 62), (58, 63), (54, 64), (19, 61), (40, 66), (23, 45), (35, 38), (34, 60), (42, 70), (52, 68), (43, 51), (0, 62), (36, 50), (66, 75), (32, 68), (39, 44), (11, 78), (5, 21), (45, 80), (47, 49), (43, 81), (81, 82), (35, 77), (46, 77), (32, 50), (52, 86), (32, 63), (16, 89), (54, 59), (57, 90), (4, 69), (1, 41), (59, 94), (12, 87), (79, 96), (3, 67), (79, 93), (34, 93), (10, 94), (4, 20), (80, 102), (96, 102), (70, 103), (48, 103), (32, 40), (10, 107), (2, 108), (61, 95), (57, 110), (1, 65), (64, 111), (75, 109), (2, 17), (41, 115), (36, 115), (25, 117), (95, 117))
((7, 15), (0, 32), (8, 33), (16, 34), (18, 26), (15, 31), (27, 37), (6, 22), (23, 31), (14, 39), (19, 27), (22, 30), (20, 28), (3, 38), (10, 26), (13, 21), (30, 41), (12, 28), (24, 35), (5, 29), (1, 34), (37, 48), (14, 47), (9, 36), (35, 37), (13, 44), (51, 57), (49, 58), (47, 59), (45, 46), (11, 42), (33, 56), (41, 51), (36, 40), (40, 50), (12, 32), (45, 67), (9, 25), (17, 69), (34, 70), (66, 69), (52, 72), (1, 55), (10, 74), (70, 74), (63, 76), (65, 77), (38, 44), (11, 79), (68, 80), (16, 66), (32, 82), (63, 83), (48, 54), (23, 43), (53, 86), (32, 86), (39, 88), (53, 89), (40, 88), (32, 62), (19, 65), (61, 93), (3, 62), (93, 95), (4, 42), (40, 97), (49, 98), (80, 98), (72, 78), (0, 50), (4, 20), (68, 103), (5, 21), (43, 105), (54, 106), (64, 106), (103, 105), (57, 109), (59, 109), (2, 10), (92, 112), (61, 113), (2, 17), (55, 115), (46, 115), (76, 117), (25, 117))
((0, 24), (15, 31), (32, 33), (2, 10), (7, 31), (26, 35), (15, 23), (11, 27), (33, 39), (10, 18), (5, 13), (3, 39), (11, 19), (38, 44), (30, 42), (17, 25), (1, 8), (14, 22), (9, 25), (41, 50), (35, 40), (36, 52), (18, 37), (16, 38), (12, 28), (6, 22), (4, 12), (3, 36), (38, 54), (23, 49), (5, 21), (56, 62), (57, 62), (46, 64), (20, 28), (8, 34), (38, 67), (17, 36), (32, 69), (1, 9), (40, 56), (41, 45), (43, 73), (21, 29), (14, 75), (64, 76), (48, 55), (47, 78), (37, 47), (59, 60), (73, 81), (53, 81), (33, 57), (61, 84), (32, 55), (13, 58), (75, 87), (63, 87), (29, 66), (42, 90), (63, 90), (4, 45), (72, 93), (70, 71), (51, 80), (36, 61), (46, 49), (2, 71), (54, 99), (0, 67), (50, 101), (70, 102), (16, 101), (36, 104), (34, 105), (20, 27), (59, 107), (72, 108), (58, 108), (6, 30), (76, 111), (7, 111), (84, 113), (38, 113), (66, 93), (78, 102), (19, 53), (51, 99))
((7, 15), (0, 32), (8, 33), (16, 34), (18, 26), (15, 31), (27, 37), (6, 22), (23, 31), (14, 39), (19, 27), (22, 30), (20, 28), (3, 38), (10, 26), (13, 21), (30, 41), (12, 28), (24, 35), (0, 50), (5, 29), (1, 34), (37, 48), (14, 47), (48, 55), (9, 36), (35, 37), (13, 44), (52, 59), (49, 60), (47, 61), (45, 46), (11, 42), (33, 58), (41, 52), (36, 40), (40, 50), (12, 32), (45, 69), (9, 25), (17, 71), (34, 72), (68, 71), (53, 74), (1, 57), (10, 76), (72, 76), (65, 78), (67, 79), (74, 80), (38, 44), (11, 82), (70, 83), (16, 68), (32, 85), (65, 86), (23, 43), (54, 88), (32, 88), (40, 90), (39, 90), (54, 92), (32, 64), (19, 67), (63, 95), (3, 64), (95, 97), (4, 42), (40, 99), (83, 100), (49, 100), (4, 20), (70, 103), (5, 21), (43, 105), (55, 106), (66, 106), (103, 105), (59, 109), (61, 109), (2, 17), (57, 112), (46, 112), (78, 114), (25, 114), (2, 94), (10, 117), (63, 118))
((0, 24), (15, 31), (32, 33), (2, 10), (7, 31), (26, 35), (15, 23), (11, 27), (33, 39), (10, 18), (5, 13), (3, 39), (11, 19), (38, 44), (30, 42), (17, 25), (1, 8), (14, 22), (9, 25), (41, 50), (35, 40), (36, 52), (18, 37), (16, 38), (12, 28), (6, 22), (4, 12), (3, 36), (38, 54), (23, 49), (5, 21), (56, 62), (57, 62), (46, 64), (20, 28), (8, 34), (17, 36), (32, 68), (1, 9), (40, 56), (41, 45), (43, 72), (21, 29), (14, 74), (48, 55), (47, 76), (59, 60), (72, 78), (53, 78), (33, 57), (32, 55), (13, 58), (29, 66), (42, 84), (4, 45), (66, 86), (71, 86), (36, 61), (2, 70), (54, 90), (0, 67), (50, 92), (69, 93), (16, 92), (20, 27), (6, 30), (7, 97), (38, 98), (76, 93), (37, 47), (81, 98), (63, 83), (69, 70), (51, 101), (19, 53), (59, 96), (71, 107), (46, 49), (58, 107), (74, 83), (63, 84), (36, 95), (34, 113), (61, 81), (75, 97), (64, 75), (51, 90), (38, 67))
((7, 15), (0, 32), (8, 33), (16, 34), (18, 26), (15, 31), (27, 37), (6, 22), (23, 31), (14, 39), (19, 27), (22, 30), (20, 28), (3, 38), (10, 26), (13, 21), (30, 41), (12, 28), (24, 35), (5, 29), (1, 34), (37, 48), (14, 47), (9, 36), (35, 37), (13, 44), (51, 57), (49, 58), (45, 46), (11, 42), (33, 56), (41, 51), (36, 40), (40, 50), (12, 32), (45, 66), (9, 25), (17, 68), (65, 68), (1, 55), (69, 71), (62, 72), (64, 73), (38, 44), (11, 75), (16, 65), (32, 77), (23, 43), (32, 79), (39, 80), (32, 61), (19, 64), (3, 61), (4, 42), (40, 85), (4, 20), (5, 21), (43, 88), (63, 89), (87, 88), (2, 17), (57, 91), (70, 74), (34, 69), (10, 71), (60, 83), (49, 86), (46, 92), (48, 54), (83, 84), (53, 81), (25, 99), (62, 78), (53, 79), (76, 86), (52, 70), (67, 76), (2, 82), (10, 109), (67, 87), (72, 99), (0, 50), (47, 59), (60, 110), (40, 80), (59, 91), (55, 92), (54, 89))
((7, 15), (0, 32), (8, 33), (16, 34), (18, 26), (15, 31), (27, 37), (6, 22), (23, 31), (14, 39), (19, 27), (22, 30), (20, 28), (3, 38), (10, 26), (13, 21), (30, 41), (12, 28), (24, 35), (5, 29), (1, 34), (37, 48), (14, 47), (9, 36), (35, 37), (13, 44), (51, 57), (49, 58), (47, 59), (45, 46), (11, 42), (33, 56), (41, 51), (36, 40), (40, 50), (12, 32), (45, 67), (9, 25), (17, 69), (34, 70), (66, 69), (52, 72), (1, 55), (10, 74), (70, 74), (38, 44), (11, 77), (68, 78), (16, 66), (32, 80), (63, 81), (48, 54), (23, 43), (53, 84), (32, 84), (39, 86), (53, 87), (40, 86), (32, 62), (19, 65), (61, 91), (3, 62), (91, 93), (4, 42), (40, 95), (49, 96), (78, 96), (0, 50), (4, 20), (68, 100), (5, 21), (43, 102), (64, 103), (54, 103), (100, 102), (59, 106), (2, 17), (55, 108), (46, 108), (25, 110), (76, 110), (2, 90), (10, 113), (61, 114), (63, 65), (76, 116), (72, 117), (57, 106))
((7, 31), (4, 19), (15, 23), (12, 28), (9, 17), (19, 34), (3, 35), (12, 21), (7, 22), (6, 30), (14, 21), (32, 36), (0, 24), (1, 25), (15, 38), (16, 45), (20, 29), (23, 31), (5, 48), (18, 26), (2, 36), (1, 44), (11, 51), (7, 20), (14, 40), (7, 41), (51, 52), (13, 28), (50, 59), (41, 42), (39, 50), (3, 27), (49, 56), (49, 63), (34, 57), (8, 47), (46, 55), (43, 53), (54, 65), (11, 68), (34, 67), (29, 61), (17, 72), (10, 63), (33, 65), (18, 37), (38, 76), (75, 77))
((7, 15), (0, 32), (8, 33), (16, 34), (18, 26), (15, 31), (27, 37), (6, 22), (23, 31), (14, 39), (19, 27), (22, 30), (20, 28), (3, 38), (10, 26), (13, 21), (30, 41), (12, 28), (24, 35), (5, 29), (1, 34), (37, 48), (14, 47), (9, 36), (35, 37), (13, 44), (51, 57), (49, 58), (45, 46), (11, 42), (33, 56), (41, 51), (36, 40), (40, 50), (12, 32), (45, 66), (9, 25), (17, 68), (65, 68), (52, 70), (1, 55), (69, 72), (62, 73), (64, 74), (38, 44), (11, 76), (67, 77), (16, 65), (32, 79), (62, 80), (48, 54), (23, 43), (53, 83), (32, 83), (39, 85), (53, 86), (32, 61), (19, 64), (60, 89), (3, 61), (89, 91), (4, 42), (40, 93), (77, 94), (70, 75), (4, 20), (5, 21), (43, 98), (63, 99), (54, 99), (97, 98), (59, 102), (57, 102), (2, 17), (46, 105), (73, 106), (2, 88), (10, 108), (60, 109), (49, 94), (10, 72), (34, 69), (0, 50), (47, 59), (55, 105), (40, 85), (67, 97), (25, 106))
((4, 12), (15, 31), (27, 33), (2, 18), (21, 29), (14, 30), (7, 15), (9, 17), (28, 32), (10, 39), (11, 34), (3, 11), (6, 22), (5, 36), (20, 40), (6, 30), (35, 41), (16, 24), (23, 47), (8, 49), (38, 51), (22, 36), (38, 43), (0, 33), (5, 32), (7, 23), (9, 25), (23, 31), (13, 29), (46, 60), (13, 45), (25, 51), (56, 62), (56, 61), (4, 54), (35, 57), (49, 59), (55, 68), (10, 26), (48, 70), (38, 50), (37, 53), (44, 73), (2, 26), (19, 27), (59, 76), (40, 77), (44, 72), (59, 79), (24, 55), (52, 81), (57, 82), (49, 83), (39, 69), (83, 85), (63, 82), (86, 87), (12, 20), (45, 89), (61, 90), (42, 89), (66, 92), (78, 92), (46, 66), (1, 58), (17, 96), (48, 97), (62, 73), (68, 96), (86, 100), (47, 60), (53, 102), (99, 102), (58, 75), (98, 105), (41, 105), (34, 75), (54, 108), (76, 109), (67, 109), (70, 110), (33, 37), (79, 113), (50, 113), (42, 112), (43, 116), (67, 116), (87, 97))
((9, 25), (7, 15), (13, 21), (22, 30), (2, 17), (19, 27), (18, 26), (15, 31), (6, 22), (4, 20), (20, 28), (5, 29), (5, 21), (4, 37), (14, 34), (10, 26), (11, 37), (12, 28), (33, 48), (14, 40), (35, 44), (0, 33), (3, 48), (13, 42), (9, 38), (30, 51), (2, 50), (23, 31), (12, 33), (36, 56), (17, 32), (27, 39), (46, 52), (45, 59), (41, 44), (49, 65), (36, 47), (55, 66), (10, 58), (42, 63), (23, 35), (25, 68), (39, 57), (8, 53), (3, 63), (1, 56), (33, 72), (47, 76), (40, 78), (10, 77), (46, 57), (38, 59), (43, 51), (60, 76), (62, 77), (62, 75), (16, 75), (70, 79), (43, 55), (52, 84), (41, 85), (49, 90), (24, 88), (39, 88), (72, 74), (19, 83), (79, 97), (0, 94), (11, 71), (66, 93), (74, 80), (85, 100), (59, 78), (59, 94), (16, 105), (54, 97), (68, 86), (1, 75), (32, 105), (53, 95), (33, 106), (65, 100), (111, 112), (109, 110), (34, 93), (86, 111), (83, 117), (110, 118))
((7, 15), (0, 32), (8, 33), (16, 34), (18, 26), (15, 31), (27, 37), (6, 22), (23, 31), (14, 39), (19, 27), (22, 30), (20, 28), (3, 38), (10, 26), (13, 21), (30, 41), (12, 28), (24, 35), (5, 29), (1, 34), (37, 48), (14, 47), (9, 36), (35, 37), (13, 44), (51, 57), (49, 58), (47, 59), (45, 46), (11, 42), (33, 56), (41, 51), (36, 40), (40, 50), (12, 32), (45, 67), (9, 25), (17, 69), (34, 70), (66, 69), (52, 72), (1, 55), (10, 74), (70, 74), (63, 76), (65, 77), (38, 44), (11, 79), (68, 80), (16, 66), (32, 82), (63, 83), (48, 54), (23, 43), (53, 86), (32, 86), (39, 88), (53, 89), (40, 88), (32, 62), (19, 65), (61, 93), (3, 62), (93, 95), (4, 42), (40, 97), (49, 98), (80, 98), (72, 78), (0, 50), (4, 20), (68, 103), (5, 21), (43, 105), (64, 106), (54, 106), (103, 105), (59, 109), (57, 109), (2, 17), (55, 112), (46, 112), (25, 114), (76, 114), (2, 92), (10, 117), (61, 118))
((7, 15), (0, 32), (8, 33), (16, 34), (18, 26), (15, 31), (27, 37), (6, 22), (23, 31), (14, 39), (19, 27), (22, 30), (20, 28), (3, 38), (10, 26), (13, 21), (30, 41), (12, 28), (24, 35), (5, 29), (1, 34), (37, 48), (14, 47), (9, 36), (35, 37), (13, 44), (51, 57), (49, 58), (47, 59), (45, 46), (11, 42), (33, 56), (41, 51), (36, 40), (40, 50), (12, 32), (45, 67), (9, 25), (17, 69), (34, 70), (66, 69), (1, 55), (10, 73), (70, 73), (63, 75), (65, 76), (38, 44), (11, 78), (68, 79), (16, 66), (32, 81), (23, 43), (32, 83), (39, 84), (53, 85), (32, 62), (19, 65), (61, 88), (3, 62), (88, 90), (4, 42), (40, 92), (0, 50), (4, 20), (68, 95), (5, 21), (43, 97), (95, 97), (57, 99), (2, 17), (46, 101), (75, 102), (2, 87), (10, 104), (61, 105), (63, 82), (48, 54), (64, 98), (52, 72), (55, 101), (54, 98), (25, 102), (53, 83), (72, 77), (49, 93), (59, 99), (79, 93), (40, 84))
((15, 31), (6, 22), (22, 30), (20, 28), (10, 26), (11, 35), (13, 35), (23, 34), (14, 33), (27, 32), (18, 26), (9, 42), (9, 25), (19, 27), (7, 15), (1, 43), (39, 46), (12, 46), (13, 21), (30, 40), (37, 41), (12, 28), (14, 50), (4, 45), (5, 21), (34, 56), (2, 46), (54, 57), (23, 31), (51, 54), (42, 60), (33, 48), (17, 44), (55, 60), (47, 64), (0, 46), (8, 67), (4, 20), (11, 45), (16, 68), (56, 69), (64, 68), (3, 70), (38, 72), (19, 62), (2, 17), (3, 41), (36, 77), (25, 79), (48, 60), (32, 51), (52, 65), (1, 68), (24, 71), (0, 85), (32, 71), (74, 76), (53, 65), (66, 79), (39, 82), (58, 70), (60, 85), (5, 29), (49, 78), (40, 94), (36, 78), (69, 95), (63, 82), (43, 77), (67, 87), (10, 47), (57, 96), (16, 93), (10, 92), (97, 105), (66, 101), (44, 93), (84, 108), (52, 95), (46, 104), (38, 94), (62, 107), (108, 113), (101, 111), (76, 97), (53, 112), (50, 117), (72, 117))
((1, 25), (2, 10), (18, 33), (32, 34), (17, 25), (26, 33), (36, 37), (5, 13), (28, 39), (4, 21), (40, 41), (20, 40), (29, 43), (13, 29), (12, 45), (41, 46), (28, 46), (21, 48), (43, 49), (14, 30), (39, 51), (22, 52), (45, 53), (6, 30), (54, 55), (7, 23), (15, 57), (55, 58), (21, 29), (55, 60), (14, 61), (22, 61), (45, 63), (14, 22), (57, 65), (31, 66))
((7, 15), (8, 32), (24, 33), (23, 31), (21, 29), (34, 35), (0, 33), (2, 10), (5, 36), (17, 25), (18, 41), (4, 12), (22, 30), (9, 25), (1, 38), (45, 46), (39, 42), (23, 44), (3, 19), (32, 49), (7, 31), (0, 37), (16, 53), (52, 54), (5, 43), (18, 26), (50, 52), (19, 20), (14, 30), (13, 29), (44, 61), (13, 40), (35, 51), (1, 17), (48, 65), (35, 58), (43, 67), (6, 36), (60, 69), (47, 54), (62, 69), (34, 55), (6, 22), (56, 63), (2, 26), (45, 76), (42, 77), (58, 76), (11, 79), (51, 74), (12, 20), (41, 73), (46, 83), (71, 83), (47, 65), (27, 50), (3, 11), (32, 53), (66, 77), (63, 70), (74, 91), (62, 91), (16, 34), (28, 82), (4, 95), (61, 96), (56, 97), (32, 88), (95, 99), (68, 100), (39, 99), (87, 102), (27, 35), (59, 104), (96, 105), (68, 105), (57, 88), (104, 108), (102, 109), (79, 110), (8, 55), (37, 112), (52, 60), (49, 114), (40, 82), (97, 116), (81, 114), (48, 57))
((7, 15), (0, 32), (8, 33), (16, 34), (18, 26), (15, 31), (27, 37), (6, 22), (23, 31), (14, 39), (19, 27), (22, 30), (20, 28), (3, 38), (10, 26), (13, 21), (30, 41), (12, 28), (24, 35), (5, 29), (37, 48), (14, 47), (9, 36), (35, 37), (13, 44), (51, 56), (49, 57), (45, 46), (11, 42), (33, 55), (41, 51), (36, 40), (40, 50), (12, 32), (45, 65), (9, 25), (17, 67), (34, 68), (64, 67), (1, 54), (10, 71), (68, 71), (61, 73), (63, 74), (38, 44), (11, 76), (66, 77), (16, 64), (32, 79), (61, 80), (48, 53), (23, 43), (52, 83), (32, 83), (40, 85), (32, 60), (19, 63), (59, 88), (3, 60), (4, 42), (40, 91), (77, 92), (70, 75), (0, 50), (4, 20), (66, 96), (5, 21), (43, 98), (96, 98), (56, 100), (2, 17), (46, 102), (25, 103), (2, 87), (10, 105), (59, 106), (39, 85), (47, 58), (58, 100), (73, 103), (62, 99), (88, 90), (1, 34), (70, 114), (53, 99), (54, 102), (49, 92), (52, 108))
((7, 15), (0, 32), (8, 33), (16, 34), (18, 26), (15, 31), (27, 37), (6, 22), (23, 31), (14, 39), (19, 27), (22, 30), (20, 28), (3, 38), (10, 26), (13, 21), (30, 41), (12, 28), (24, 35), (5, 29), (1, 34), (37, 48), (14, 47), (9, 36), (35, 37), (13, 44), (51, 57), (49, 58), (47, 59), (45, 46), (11, 42), (33, 56), (41, 51), (36, 40), (40, 50), (12, 32), (45, 67), (9, 25), (17, 69), (34, 70), (66, 69), (52, 72), (1, 55), (10, 74), (70, 74), (63, 76), (65, 77), (38, 44), (11, 79), (68, 80), (16, 66), (32, 82), (63, 83), (48, 54), (23, 43), (53, 86), (32, 86), (39, 88), (53, 89), (40, 88), (32, 62), (19, 65), (61, 93), (3, 62), (93, 95), (4, 42), (40, 97), (49, 98), (80, 98), (72, 78), (0, 50), (4, 20), (68, 103), (5, 21), (43, 105), (64, 106), (54, 106), (103, 105), (59, 109), (57, 109), (2, 17), (55, 112), (46, 112), (25, 114), (76, 114), (2, 92), (10, 117), (61, 118))
((7, 15), (0, 32), (8, 33), (16, 34), (18, 26), (15, 31), (27, 37), (6, 22), (23, 31), (14, 39), (19, 27), (22, 30), (20, 28), (3, 38), (10, 26), (13, 21), (30, 41), (12, 28), (24, 35), (5, 29), (1, 34), (37, 48), (14, 47), (9, 36), (35, 37), (13, 44), (51, 57), (49, 58), (47, 59), (45, 46), (11, 42), (33, 56), (41, 51), (36, 40), (40, 50), (12, 32), (45, 67), (9, 25), (17, 69), (34, 70), (66, 69), (52, 72), (1, 55), (10, 74), (70, 74), (63, 76), (65, 77), (38, 44), (11, 79), (68, 80), (16, 66), (32, 82), (63, 83), (48, 54), (23, 43), (53, 86), (32, 86), (39, 88), (53, 89), (40, 88), (32, 62), (19, 65), (61, 93), (3, 62), (93, 95), (4, 42), (40, 97), (49, 98), (80, 98), (72, 78), (0, 50), (4, 20), (68, 103), (5, 21), (43, 105), (64, 106), (54, 106), (103, 105), (59, 109), (57, 109), (2, 17), (55, 112), (46, 112), (25, 114), (76, 114), (2, 92), (10, 117), (61, 118))
((7, 15), (0, 32), (8, 33), (16, 34), (18, 26), (15, 31), (27, 37), (6, 22), (23, 31), (14, 39), (19, 27), (22, 30), (20, 28), (3, 38), (10, 26), (13, 21), (30, 41), (12, 28), (24, 35), (5, 29), (1, 34), (37, 48), (14, 47), (9, 36), (35, 37), (13, 44), (51, 57), (49, 58), (47, 59), (45, 46), (11, 42), (33, 56), (41, 51), (36, 40), (40, 50), (12, 32), (45, 67), (9, 25), (17, 69), (34, 70), (66, 69), (52, 72), (1, 55), (10, 74), (70, 74), (63, 76), (65, 77), (38, 44), (11, 79), (68, 80), (16, 66), (32, 82), (63, 83), (48, 54), (23, 43), (53, 86), (32, 86), (39, 88), (53, 89), (40, 88), (32, 62), (19, 65), (61, 93), (3, 62), (93, 95), (4, 42), (40, 97), (49, 98), (80, 98), (72, 78), (0, 50), (4, 20), (68, 103), (5, 21), (43, 105), (64, 106), (54, 106), (103, 105), (59, 109), (57, 109), (2, 17), (55, 112), (46, 112), (25, 114), (76, 114), (2, 92), (10, 117), (61, 118))
((7, 15), (0, 32), (8, 33), (16, 34), (18, 26), (15, 31), (27, 37), (6, 22), (23, 31), (14, 39), (19, 27), (22, 30), (20, 28), (3, 38), (10, 26), (13, 21), (30, 41), (12, 28), (24, 35), (5, 29), (1, 34), (37, 48), (14, 47), (9, 36), (35, 37), (13, 44), (51, 57), (49, 58), (47, 59), (45, 46), (11, 42), (33, 56), (36, 40), (40, 50), (12, 32), (45, 66), (9, 25), (17, 68), (65, 68), (1, 55), (69, 71), (63, 72), (38, 44), (11, 74), (16, 65), (32, 76), (23, 43), (53, 78), (32, 78), (39, 80), (32, 62), (19, 64), (3, 62), (83, 84), (4, 42), (40, 86), (49, 87), (4, 20), (5, 21), (43, 90), (89, 90), (2, 17), (46, 93), (2, 82), (67, 75), (34, 69), (72, 94), (41, 51), (59, 92), (75, 87), (64, 73), (48, 54), (10, 71), (57, 92), (61, 83), (67, 89), (0, 50), (55, 93), (63, 77), (70, 102), (10, 95), (52, 70), (91, 99), (40, 80), (61, 112), (53, 81), (25, 94), (54, 91))
((7, 15), (7, 23), (16, 33), (0, 34), (32, 35), (0, 8), (3, 11), (2, 18), (24, 36), (4, 20), (23, 31), (37, 42), (17, 25), (32, 38), (28, 45), (13, 21), (22, 30), (1, 9), (10, 49), (18, 26), (5, 29), (12, 27), (13, 29), (41, 54), (12, 20), (50, 51), (4, 28), (46, 56), (19, 42), (36, 37), (5, 58), (33, 39), (3, 19), (34, 43), (2, 10), (33, 64), (27, 64), (38, 63), (51, 60), (69, 70), (9, 25), (39, 72), (50, 73), (21, 56), (52, 75), (55, 75), (33, 40), (37, 78), (65, 78), (72, 80), (41, 67), (6, 47), (48, 83), (66, 68), (45, 85), (69, 86), (26, 44), (73, 88), (66, 88), (31, 48), (32, 91), (6, 14), (15, 93), (55, 62), (24, 43), (47, 62), (46, 82), (11, 68), (70, 99), (22, 52), (93, 101), (14, 30), (33, 103), (94, 104), (1, 61), (44, 106), (35, 107), (81, 108), (49, 108), (81, 106), (42, 94), (91, 104), (54, 103), (83, 114), (101, 114), (53, 60), (58, 117), (82, 117))
((0, 8), (7, 15), (9, 25), (3, 11), (7, 23), (1, 17), (11, 19), (24, 33), (4, 20), (16, 39), (32, 33), (1, 42), (6, 14), (17, 25), (16, 36), (23, 31), (4, 28), (2, 18), (34, 49), (13, 21), (5, 29), (0, 46), (34, 43), (18, 26), (19, 47), (22, 52), (14, 30), (36, 58), (28, 35), (26, 45), (6, 51), (38, 40), (33, 60), (32, 47), (41, 65), (54, 66), (15, 44), (35, 36), (63, 69), (13, 29), (58, 71), (27, 56), (12, 73), (2, 10), (61, 75), (37, 76), (22, 30), (31, 78), (12, 20), (55, 56), (50, 61), (21, 80), (27, 38), (75, 84), (3, 81), (40, 71), (45, 53), (43, 88), (67, 88), (64, 80), (33, 79), (44, 57), (59, 79), (70, 74), (50, 77), (48, 74), (24, 65), (62, 72), (47, 68), (49, 69), (81, 101), (5, 48), (46, 65), (62, 78), (55, 77), (83, 87), (37, 54), (59, 68), (39, 53), (87, 103), (64, 70), (57, 72), (51, 103), (33, 85), (8, 41), (84, 86), (101, 115), (52, 83))
((7, 15), (0, 32), (8, 33), (16, 34), (18, 26), (15, 31), (27, 37), (6, 22), (23, 31), (14, 39), (19, 27), (22, 30), (20, 28), (3, 38), (30, 41), (35, 37), (10, 26), (13, 21), (12, 28), (24, 35), (5, 29), (1, 34), (37, 46), (14, 49), (9, 36), (13, 44), (52, 57), (50, 58), (49, 59), (45, 48), (11, 42), (33, 47), (41, 52), (36, 40), (40, 51), (12, 32), (45, 67), (9, 25), (17, 69), (34, 70), (66, 69), (53, 72), (1, 56), (10, 74), (70, 74), (63, 76), (65, 77), (38, 44), (11, 79), (3, 62), (68, 80), (16, 66), (32, 83), (63, 84), (46, 55), (23, 43), (54, 87), (32, 87), (39, 89), (54, 90), (19, 65), (32, 62), (40, 89), (61, 92), (81, 92), (4, 42), (40, 97), (50, 98), (80, 98), (72, 78), (0, 51), (4, 20), (68, 103), (5, 21), (43, 105), (64, 106), (55, 106), (103, 105), (59, 109), (57, 109), (2, 17), (56, 112), (48, 112), (25, 114), (76, 114), (2, 93), (10, 117), (61, 118))
((23, 31), (27, 32), (15, 23), (2, 18), (17, 35), (11, 33), (12, 28), (20, 38), (7, 31), (9, 36), (1, 41), (0, 24), (21, 29), (32, 43), (14, 44), (19, 33), (20, 47), (16, 34), (8, 49), (10, 19), (6, 30), (4, 28), (34, 37), (53, 54), (18, 54), (51, 56), (35, 40), (42, 58), (13, 53), (18, 26), (57, 58), (13, 29), (10, 36), (4, 39), (31, 52), (26, 41), (47, 58), (48, 55), (6, 22), (32, 70), (38, 44), (0, 50), (45, 73), (40, 74), (60, 72), (43, 59), (14, 22), (15, 78), (71, 79), (61, 64), (42, 81), (25, 81), (8, 45), (5, 21), (60, 85), (65, 86), (72, 87), (63, 87), (70, 85), (43, 49), (46, 90), (34, 40), (73, 93), (79, 93), (66, 93), (71, 96), (1, 25), (17, 98), (64, 99), (50, 99), (16, 98), (74, 102), (77, 103), (3, 37), (61, 105), (68, 106), (27, 105), (57, 108), (93, 108), (39, 110), (55, 111), (48, 65), (46, 52), (63, 114), (78, 115), (90, 115), (9, 103), (50, 118))
((7, 15), (0, 32), (8, 33), (16, 34), (18, 26), (15, 31), (27, 37), (6, 22), (23, 31), (14, 39), (19, 27), (22, 30), (20, 28), (3, 38), (10, 26), (13, 21), (30, 41), (12, 28), (24, 35), (5, 29), (1, 34), (37, 48), (14, 47), (9, 36), (35, 37), (13, 44), (51, 57), (49, 58), (47, 59), (45, 46), (11, 42), (33, 56), (41, 51), (36, 40), (40, 50), (12, 32), (45, 67), (9, 25), (17, 69), (34, 70), (66, 69), (52, 72), (1, 55), (10, 74), (70, 74), (63, 76), (65, 77), (38, 44), (11, 79), (68, 80), (16, 66), (32, 82), (63, 83), (48, 54), (23, 43), (53, 86), (32, 86), (39, 88), (53, 89), (40, 88), (32, 62), (19, 65), (61, 93), (3, 62), (93, 95), (4, 42), (40, 97), (49, 98), (80, 98), (72, 78), (0, 50), (4, 20), (68, 103), (10, 92), (2, 105), (61, 106), (2, 17), (55, 108), (46, 108), (76, 110), (25, 110), (5, 21), (103, 113), (59, 114), (57, 114), (43, 113), (64, 117), (54, 117))
((7, 15), (0, 32), (8, 33), (16, 34), (18, 26), (15, 31), (27, 37), (6, 22), (23, 31), (14, 39), (19, 27), (22, 30), (20, 28), (3, 38), (10, 26), (13, 21), (30, 41), (12, 28), (24, 35), (5, 29), (1, 34), (37, 48), (14, 47), (9, 36), (35, 37), (13, 44), (51, 57), (49, 58), (47, 59), (45, 46), (11, 42), (33, 56), (41, 51), (36, 40), (40, 50), (12, 32), (45, 67), (9, 25), (17, 69), (34, 70), (66, 69), (52, 72), (1, 55), (10, 74), (70, 74), (63, 76), (65, 77), (38, 44), (11, 79), (68, 80), (16, 66), (32, 82), (48, 54), (63, 83), (23, 43), (53, 86), (32, 86), (39, 88), (40, 88), (53, 89), (32, 62), (19, 65), (61, 93), (3, 62), (93, 95), (4, 42), (40, 97), (0, 50), (80, 98), (49, 98), (72, 78), (4, 20), (68, 103), (5, 21), (43, 105), (54, 106), (64, 106), (103, 105), (59, 109), (57, 109), (2, 17), (55, 112), (46, 112), (76, 114), (25, 114), (2, 92), (10, 117), (61, 118))
((7, 15), (0, 32), (8, 33), (16, 34), (18, 26), (15, 31), (27, 37), (6, 22), (23, 31), (14, 39), (19, 27), (22, 30), (20, 28), (3, 38), (10, 26), (13, 21), (30, 41), (12, 28), (24, 35), (5, 29), (1, 34), (37, 48), (14, 47), (9, 36), (35, 37), (13, 44), (51, 57), (49, 58), (47, 59), (45, 46), (11, 42), (33, 56), (41, 51), (36, 40), (40, 50), (12, 32), (45, 67), (9, 25), (17, 69), (34, 70), (66, 69), (52, 72), (1, 55), (10, 74), (70, 74), (63, 76), (65, 77), (38, 44), (11, 79), (68, 80), (16, 66), (32, 82), (63, 83), (48, 54), (23, 43), (53, 86), (32, 86), (39, 88), (53, 89), (40, 88), (32, 62), (19, 65), (61, 93), (3, 62), (93, 95), (4, 42), (40, 97), (49, 98), (80, 98), (72, 78), (0, 50), (4, 20), (68, 103), (5, 21), (43, 105), (64, 106), (54, 106), (103, 105), (59, 109), (57, 109), (2, 17), (55, 112), (46, 112), (25, 114), (76, 114), (2, 92), (10, 117), (61, 118))
((7, 15), (0, 32), (8, 33), (16, 34), (18, 26), (15, 31), (27, 37), (6, 22), (23, 31), (14, 39), (19, 27), (22, 30), (20, 28), (3, 38), (10, 26), (13, 21), (30, 41), (12, 28), (24, 35), (5, 29), (1, 34), (37, 48), (14, 47), (9, 36), (35, 37), (13, 44), (51, 57), (49, 58), (47, 59), (45, 46), (11, 42), (33, 56), (41, 51), (36, 40), (40, 50), (12, 32), (45, 67), (9, 25), (17, 69), (34, 70), (66, 69), (52, 72), (1, 55), (10, 74), (70, 74), (63, 76), (65, 77), (38, 44), (11, 79), (68, 80), (16, 66), (32, 82), (63, 83), (48, 54), (23, 43), (53, 86), (32, 86), (39, 88), (53, 89), (40, 88), (32, 62), (19, 65), (61, 93), (3, 62), (93, 95), (4, 42), (40, 97), (49, 98), (80, 98), (72, 78), (0, 50), (4, 20), (68, 103), (5, 21), (43, 105), (64, 106), (54, 106), (103, 105), (59, 109), (57, 109), (2, 17), (55, 112), (46, 112), (25, 114), (76, 114), (2, 92), (10, 117), (61, 118))
((10, 26), (13, 21), (12, 28), (5, 21), (19, 27), (18, 26), (7, 15), (23, 31), (20, 28), (9, 37), (1, 41), (4, 20), (22, 30), (13, 40), (4, 36), (2, 17), (11, 36), (6, 22), (15, 31), (32, 47), (35, 44), (23, 44), (14, 33), (5, 29), (14, 49), (9, 25), (27, 50), (3, 58), (37, 39), (45, 55), (0, 38), (30, 56), (40, 58), (41, 47), (52, 54), (17, 57), (55, 56), (50, 63), (12, 38), (35, 43), (3, 48), (38, 53), (39, 46), (34, 74), (32, 59), (39, 73), (10, 42), (59, 70), (38, 48), (2, 80), (52, 68), (49, 73), (45, 71), (43, 79), (19, 60), (34, 61), (72, 86), (54, 63), (8, 62), (25, 51), (16, 90), (1, 90), (11, 64), (42, 67), (74, 94), (24, 92), (50, 92), (62, 98), (67, 90), (33, 87), (39, 97), (76, 86), (16, 102), (57, 102), (69, 83), (93, 105), (10, 81), (0, 97), (95, 99), (60, 110), (79, 94), (38, 104), (51, 95), (53, 69), (99, 113), (105, 111), (71, 87), (76, 108))
((7, 15), (0, 32), (8, 33), (16, 34), (24, 35), (0, 36), (9, 25), (17, 38), (34, 39), (18, 26), (9, 41), (1, 42), (10, 43), (19, 27), (11, 45), (32, 46), (2, 47), (10, 48), (12, 32), (15, 31), (27, 51), (3, 52), (50, 53), (20, 28), (52, 55), (11, 56), (54, 57), (4, 20), (5, 21), (59, 60), (12, 28), (13, 55), (5, 29), (63, 64), (62, 65), (61, 66), (13, 21), (14, 68), (22, 30), (60, 70), (69, 71), (23, 70), (6, 22), (14, 74), (30, 75), (51, 76), (73, 77), (35, 51), (33, 79), (23, 31), (36, 81), (16, 82), (32, 83), (80, 84), (41, 81), (39, 43), (80, 87), (86, 88), (2, 17), (42, 90), (19, 86), (10, 26), (53, 93), (92, 94), (4, 45), (81, 96), (57, 97), (66, 68), (69, 76), (32, 73), (74, 101), (77, 102), (1, 34), (38, 82), (104, 105), (90, 93), (25, 107), (3, 46), (92, 109), (62, 97), (64, 75), (71, 112), (81, 101), (89, 105), (87, 107), (49, 94), (54, 59), (61, 63))
((5, 21), (15, 31), (7, 15), (9, 25), (3, 34), (9, 17), (11, 19), (0, 34), (12, 20), (13, 40), (32, 41), (28, 40), (33, 38), (8, 39), (1, 45), (6, 14), (35, 46), (18, 26), (22, 30), (23, 50), (10, 26), (23, 33), (7, 53), (49, 54), (4, 43), (1, 17), (21, 29), (8, 24), (33, 59), (13, 29), (42, 61), (42, 56), (6, 22), (61, 64), (4, 20), (16, 34), (59, 67), (54, 59), (39, 69), (58, 66), (41, 71), (35, 52), (63, 71), (28, 44), (51, 54), (2, 37), (49, 77), (48, 57), (47, 53), (73, 77), (34, 64), (80, 82), (44, 52), (57, 78), (73, 85), (2, 10), (85, 87), (36, 87), (84, 89), (30, 58), (47, 91), (32, 92), (50, 93), (65, 93), (11, 36), (43, 96), (27, 96), (19, 98), (75, 99), (56, 100), (34, 99), (89, 102), (54, 102), (66, 104), (97, 105), (100, 105), (51, 82), (37, 60), (46, 109), (16, 33), (45, 111), (69, 112), (65, 91), (55, 98), (84, 115), (67, 70), (48, 117), (109, 118))
((7, 15), (0, 32), (8, 33), (16, 34), (18, 26), (15, 31), (27, 37), (6, 22), (23, 31), (14, 39), (19, 27), (22, 30), (20, 28), (3, 38), (10, 26), (13, 21), (30, 41), (12, 28), (24, 35), (5, 29), (1, 34), (37, 48), (14, 47), (9, 36), (35, 37), (13, 44), (51, 57), (49, 58), (48, 54), (45, 46), (11, 42), (33, 56), (41, 51), (36, 40), (40, 50), (12, 32), (45, 67), (9, 25), (17, 69), (47, 59), (66, 69), (0, 50), (1, 55), (34, 70), (70, 74), (63, 76), (65, 77), (38, 44), (11, 79), (52, 72), (16, 66), (32, 82), (10, 74), (72, 78), (23, 43), (53, 86), (32, 86), (39, 88), (40, 88), (68, 80), (32, 62), (19, 65), (53, 89), (3, 62), (61, 93), (4, 42), (40, 97), (80, 98), (93, 95), (49, 98), (63, 83), (4, 20), (68, 103), (5, 21), (43, 105), (64, 106), (54, 106), (103, 105), (59, 109), (57, 109), (2, 17), (55, 112), (46, 112), (25, 114), (76, 114), (2, 92), (10, 117), (61, 118))
((7, 23), (6, 22), (32, 33), (22, 30), (15, 35), (34, 36), (15, 23), (6, 14), (31, 39), (38, 40), (34, 40), (7, 31), (0, 8), (32, 44), (24, 45), (43, 46), (16, 43), (0, 38), (47, 49), (48, 50), (45, 51), (13, 29), (33, 53), (5, 13), (14, 55), (54, 56), (4, 28), (11, 19), (20, 38), (59, 60), (58, 61), (3, 19), (32, 63), (12, 28), (64, 65), (3, 4), (27, 43), (67, 68), (66, 69), (10, 18), (27, 63), (38, 72), (71, 73), (21, 58), (55, 75), (1, 9), (26, 77), (71, 78), (21, 29), (30, 80), (39, 81), (17, 25), (10, 83), (2, 26), (84, 85), (53, 65), (75, 87), (1, 17), (50, 89), (44, 48), (25, 46), (91, 92), (90, 93), (54, 81), (12, 20), (5, 96), (80, 97), (11, 72), (68, 85), (99, 100), (9, 45), (38, 102), (83, 103), (36, 43), (2, 18), (89, 106), (78, 107), (77, 93), (64, 106), (59, 110), (100, 111), (61, 66), (90, 103), (35, 56), (84, 107), (87, 97), (69, 96), (74, 111))
((7, 15), (0, 32), (8, 33), (16, 34), (18, 26), (15, 31), (27, 37), (6, 22), (23, 31), (14, 39), (19, 27), (22, 30), (20, 28), (3, 38), (10, 26), (13, 21), (30, 41), (12, 28), (24, 35), (5, 29), (1, 34), (37, 48), (14, 47), (9, 36), (35, 37), (13, 44), (51, 57), (49, 58), (47, 59), (45, 46), (11, 42), (33, 56), (41, 51), (36, 40), (40, 50), (12, 32), (45, 67), (9, 25), (17, 69), (34, 70), (66, 69), (52, 72), (1, 55), (10, 74), (70, 74), (63, 76), (65, 77), (38, 44), (11, 79), (68, 80), (16, 66), (32, 82), (63, 83), (48, 54), (23, 43), (53, 86), (32, 86), (39, 88), (53, 89), (40, 88), (32, 62), (19, 65), (61, 93), (3, 62), (93, 95), (4, 42), (40, 97), (49, 98), (80, 98), (72, 78), (0, 50), (4, 20), (68, 103), (5, 21), (43, 105), (64, 106), (54, 106), (103, 105), (59, 109), (57, 109), (2, 17), (55, 112), (46, 112), (25, 114), (76, 114), (2, 92), (10, 117), (61, 118))
((7, 15), (0, 32), (8, 33), (16, 34), (18, 26), (15, 31), (27, 37), (6, 22), (23, 31), (14, 39), (19, 27), (22, 30), (20, 28), (3, 38), (10, 26), (13, 21), (30, 41), (12, 28), (24, 35), (5, 29), (1, 34), (37, 48), (14, 47), (9, 36), (35, 37), (13, 44), (51, 57), (49, 58), (47, 59), (45, 46), (11, 42), (33, 56), (41, 51), (36, 40), (40, 50), (12, 32), (45, 67), (9, 25), (17, 69), (34, 70), (66, 69), (52, 72), (1, 55), (10, 74), (70, 74), (63, 76), (65, 77), (38, 44), (11, 79), (68, 80), (16, 66), (32, 82), (63, 83), (48, 54), (23, 43), (53, 86), (32, 86), (39, 88), (53, 89), (40, 88), (32, 62), (19, 65), (61, 93), (3, 62), (93, 95), (4, 42), (40, 97), (49, 98), (80, 98), (72, 78), (0, 50), (4, 20), (68, 103), (5, 21), (43, 105), (64, 106), (54, 106), (103, 105), (59, 109), (57, 109), (2, 17), (55, 112), (46, 112), (25, 114), (76, 114), (2, 92), (10, 117), (61, 118))
((13, 21), (18, 26), (10, 26), (9, 33), (9, 25), (19, 27), (4, 20), (7, 15), (23, 31), (12, 39), (12, 28), (22, 30), (0, 39), (14, 32), (8, 44), (5, 21), (43, 47), (33, 40), (6, 22), (17, 36), (20, 28), (1, 46), (14, 50), (4, 37), (16, 46), (30, 54), (40, 55), (15, 31), (13, 52), (27, 59), (56, 59), (52, 61), (44, 62), (19, 49), (57, 59), (11, 63), (23, 43), (1, 35), (10, 69), (5, 29), (51, 69), (11, 37), (54, 71), (60, 71), (45, 48), (39, 68), (24, 56), (3, 73), (0, 78), (40, 78), (48, 74), (39, 73), (45, 57), (66, 68), (3, 61), (41, 86), (34, 86), (65, 88), (58, 67), (65, 79), (67, 87), (38, 87), (42, 75), (38, 47), (64, 72), (2, 83), (16, 81), (2, 17), (60, 95), (36, 81), (53, 101), (50, 77), (66, 103), (94, 95), (40, 77), (10, 97), (32, 94), (34, 99), (35, 99), (25, 109), (42, 58), (72, 109), (49, 96), (101, 114), (88, 107), (39, 98), (46, 51), (64, 117))
((7, 15), (0, 32), (8, 33), (16, 34), (18, 26), (15, 31), (27, 37), (6, 22), (23, 31), (14, 39), (19, 27), (22, 30), (20, 28), (3, 38), (10, 26), (13, 21), (30, 41), (12, 28), (24, 35), (5, 29), (1, 34), (37, 48), (14, 47), (9, 36), (35, 37), (13, 44), (51, 57), (49, 58), (45, 46), (11, 42), (33, 56), (41, 51), (36, 40), (40, 50), (12, 32), (45, 66), (9, 25), (17, 68), (65, 68), (1, 55), (69, 71), (62, 72), (64, 73), (38, 44), (11, 75), (16, 65), (32, 77), (23, 43), (53, 79), (32, 79), (39, 81), (53, 82), (40, 81), (32, 61), (19, 64), (3, 61), (4, 42), (40, 88), (4, 20), (5, 21), (43, 91), (90, 91), (57, 93), (2, 17), (46, 95), (25, 96), (2, 85), (10, 98), (60, 99), (52, 70), (72, 96), (49, 89), (55, 95), (34, 69), (67, 76), (70, 74), (48, 54), (10, 71), (76, 89), (59, 93), (54, 92), (60, 86), (62, 78), (0, 50), (47, 59), (67, 90), (86, 87), (63, 92))
((20, 28), (12, 28), (23, 31), (10, 26), (15, 31), (6, 22), (7, 15), (12, 38), (4, 20), (19, 27), (9, 25), (5, 29), (18, 26), (13, 21), (9, 44), (4, 41), (2, 17), (13, 32), (22, 30), (34, 47), (14, 37), (27, 36), (30, 52), (32, 53), (5, 21), (1, 46), (11, 41), (40, 56), (0, 38), (17, 42), (34, 44), (19, 62), (11, 55), (14, 45), (3, 58), (3, 53), (23, 50), (46, 48), (8, 60), (36, 54), (43, 52), (38, 68), (57, 61), (50, 56), (38, 58), (33, 51), (10, 57), (39, 67), (2, 76), (63, 66), (65, 75), (49, 59), (1, 70), (35, 67), (54, 65), (72, 75), (40, 79), (35, 48), (51, 64), (16, 70), (43, 49), (24, 91), (25, 89), (33, 92), (61, 70), (34, 73), (37, 73), (64, 79), (68, 71), (10, 80), (45, 95), (59, 95), (63, 85), (36, 91), (60, 105), (34, 93), (71, 98), (74, 89), (42, 107), (0, 93), (85, 101), (84, 110), (74, 106), (16, 107), (38, 115), (62, 114), (110, 117), (106, 116))
((7, 15), (0, 32), (8, 33), (16, 34), (18, 26), (15, 31), (27, 37), (6, 22), (23, 31), (14, 39), (19, 27), (22, 30), (20, 28), (3, 38), (10, 26), (13, 21), (30, 41), (12, 28), (24, 35), (5, 29), (1, 34), (37, 48), (14, 47), (9, 36), (35, 37), (13, 44), (51, 57), (49, 58), (47, 59), (45, 46), (11, 42), (33, 56), (41, 51), (36, 40), (40, 50), (12, 32), (45, 67), (9, 25), (17, 69), (34, 70), (66, 69), (52, 72), (1, 55), (10, 74), (70, 74), (63, 76), (65, 77), (38, 44), (11, 79), (68, 80), (16, 66), (32, 82), (63, 83), (48, 54), (23, 43), (53, 86), (32, 86), (39, 88), (53, 89), (40, 88), (32, 62), (19, 65), (61, 93), (3, 62), (93, 95), (4, 42), (40, 97), (49, 98), (80, 98), (72, 78), (0, 50), (4, 20), (68, 103), (5, 21), (43, 105), (64, 106), (54, 106), (103, 105), (59, 109), (57, 109), (2, 17), (55, 112), (46, 112), (25, 114), (76, 114), (2, 92), (10, 117), (61, 118))
((7, 15), (0, 32), (8, 33), (16, 34), (18, 26), (15, 31), (27, 37), (6, 22), (23, 31), (14, 39), (19, 27), (22, 30), (20, 28), (3, 38), (10, 26), (13, 21), (30, 41), (12, 28), (24, 35), (5, 29), (1, 34), (37, 48), (14, 47), (9, 36), (35, 37), (13, 44), (51, 57), (49, 58), (47, 59), (45, 46), (11, 42), (33, 56), (41, 51), (36, 40), (40, 50), (12, 32), (45, 67), (9, 25), (17, 69), (34, 70), (66, 69), (52, 72), (1, 55), (10, 74), (70, 74), (63, 76), (65, 77), (38, 44), (11, 79), (68, 80), (16, 66), (32, 82), (63, 83), (48, 54), (23, 43), (53, 86), (32, 86), (39, 88), (53, 89), (40, 88), (32, 62), (19, 65), (61, 93), (3, 62), (93, 95), (4, 42), (40, 97), (49, 98), (80, 98), (72, 78), (0, 50), (4, 20), (68, 103), (5, 21), (43, 105), (64, 106), (54, 106), (103, 105), (59, 109), (57, 109), (2, 17), (55, 112), (46, 112), (25, 114), (76, 114), (2, 92), (10, 117), (61, 118))
((7, 15), (0, 32), (8, 33), (16, 34), (18, 26), (15, 31), (27, 37), (6, 22), (23, 31), (14, 39), (19, 27), (22, 30), (20, 28), (3, 38), (10, 26), (13, 21), (30, 41), (12, 28), (24, 35), (5, 29), (1, 34), (37, 48), (14, 47), (9, 36), (35, 37), (13, 44), (51, 57), (49, 58), (47, 59), (45, 46), (11, 42), (33, 56), (41, 51), (36, 40), (40, 50), (12, 32), (45, 67), (9, 25), (17, 69), (34, 70), (66, 69), (52, 72), (1, 55), (10, 74), (70, 74), (63, 76), (65, 77), (38, 44), (11, 79), (68, 80), (16, 66), (32, 82), (63, 83), (48, 54), (23, 43), (53, 86), (32, 86), (39, 88), (53, 89), (40, 88), (32, 62), (19, 65), (61, 93), (3, 62), (93, 95), (4, 42), (40, 97), (49, 98), (80, 98), (72, 78), (0, 50), (4, 20), (68, 103), (5, 21), (43, 105), (64, 106), (54, 106), (103, 105), (59, 109), (57, 109), (2, 17), (55, 112), (46, 112), (25, 114), (76, 114), (2, 92), (10, 117), (61, 118))
((7, 15), (0, 32), (8, 33), (16, 34), (18, 26), (15, 31), (27, 37), (6, 22), (23, 31), (14, 39), (19, 27), (22, 30), (20, 28), (3, 38), (10, 26), (13, 21), (30, 41), (12, 28), (24, 35), (5, 29), (1, 34), (37, 48), (14, 47), (9, 36), (35, 37), (13, 44), (51, 57), (49, 58), (47, 59), (45, 46), (11, 42), (33, 56), (41, 51), (36, 40), (40, 50), (12, 32), (45, 67), (9, 25), (17, 69), (34, 70), (66, 69), (52, 72), (1, 55), (10, 74), (70, 74), (63, 76), (65, 77), (38, 44), (11, 79), (68, 80), (16, 66), (32, 82), (63, 83), (48, 54), (23, 43), (53, 86), (32, 86), (39, 88), (53, 89), (40, 88), (32, 62), (19, 65), (61, 93), (3, 62), (93, 95), (4, 42), (40, 97), (49, 98), (80, 98), (72, 78), (0, 50), (4, 20), (68, 103), (5, 21), (43, 105), (64, 106), (54, 106), (103, 105), (59, 109), (57, 109), (2, 17), (55, 112), (46, 112), (25, 114), (76, 114), (2, 92), (10, 117), (61, 118))
((7, 15), (0, 32), (8, 33), (16, 34), (18, 26), (15, 31), (27, 37), (6, 22), (23, 31), (14, 39), (19, 27), (22, 30), (20, 28), (3, 38), (10, 26), (13, 21), (30, 41), (12, 28), (24, 35), (5, 29), (1, 34), (37, 48), (14, 47), (9, 36), (35, 37), (13, 44), (51, 57), (49, 58), (47, 59), (45, 46), (11, 42), (33, 56), (41, 51), (36, 40), (40, 50), (12, 32), (45, 67), (9, 25), (17, 69), (34, 70), (66, 69), (52, 72), (1, 55), (10, 74), (70, 74), (63, 76), (65, 77), (38, 44), (11, 79), (68, 80), (16, 66), (32, 82), (63, 83), (48, 54), (23, 43), (53, 86), (32, 86), (39, 88), (53, 89), (40, 88), (32, 62), (19, 65), (61, 93), (3, 62), (93, 95), (4, 42), (40, 97), (49, 98), (80, 98), (72, 78), (0, 50), (4, 20), (68, 103), (5, 21), (43, 105), (64, 106), (54, 106), (103, 105), (59, 109), (57, 109), (2, 17), (55, 112), (46, 112), (25, 114), (76, 114), (2, 92), (10, 117), (61, 118))
((7, 15), (0, 32), (8, 33), (16, 34), (18, 26), (15, 31), (27, 37), (6, 22), (23, 31), (14, 39), (19, 27), (22, 30), (20, 28), (3, 38), (10, 26), (13, 21), (30, 41), (12, 28), (24, 35), (5, 29), (1, 34), (37, 48), (14, 47), (9, 36), (35, 37), (13, 44), (51, 57), (49, 58), (47, 59), (45, 46), (11, 42), (33, 56), (41, 51), (36, 40), (40, 50), (12, 32), (45, 67), (9, 25), (17, 69), (34, 70), (66, 69), (52, 72), (1, 55), (10, 74), (70, 74), (63, 76), (65, 77), (38, 44), (11, 79), (68, 80), (16, 66), (32, 82), (63, 83), (48, 54), (23, 43), (53, 86), (32, 86), (39, 88), (53, 89), (40, 88), (32, 62), (19, 65), (61, 93), (3, 62), (93, 95), (4, 42), (40, 97), (49, 98), (80, 98), (72, 78), (0, 50), (4, 20), (68, 103), (5, 21), (43, 105), (64, 106), (54, 106), (103, 105), (59, 109), (57, 109), (2, 17), (55, 112), (46, 112), (25, 114), (76, 114), (2, 92), (10, 117), (61, 118))
((7, 15), (0, 32), (8, 33), (16, 34), (24, 35), (0, 36), (9, 25), (17, 38), (34, 39), (18, 26), (9, 41), (1, 42), (10, 43), (19, 27), (11, 45), (32, 46), (2, 47), (10, 48), (15, 31), (27, 50), (3, 51), (12, 32), (52, 53), (20, 28), (51, 55), (11, 56), (54, 57), (12, 28), (5, 29), (13, 55), (60, 61), (59, 62), (4, 20), (5, 21), (64, 65), (63, 66), (13, 21), (14, 68), (22, 30), (65, 70), (69, 71), (6, 22), (14, 73), (30, 74), (50, 75), (23, 70), (76, 77), (35, 50), (33, 79), (23, 31), (36, 81), (16, 82), (32, 83), (80, 84), (41, 81), (39, 43), (80, 87), (86, 88), (2, 17), (42, 90), (10, 26), (52, 92), (19, 86), (93, 94), (4, 45), (81, 96), (57, 97), (63, 68), (69, 75), (32, 77), (73, 101), (76, 102), (1, 34), (38, 82), (104, 105), (90, 92), (25, 107), (3, 46), (94, 109), (59, 97), (60, 74), (71, 112), (81, 101), (89, 105), (87, 107), (49, 93), (54, 64), (61, 66))
((7, 15), (0, 32), (8, 33), (16, 34), (18, 26), (15, 31), (27, 37), (6, 22), (23, 31), (14, 39), (19, 27), (22, 30), (20, 28), (3, 38), (10, 26), (13, 21), (30, 41), (12, 28), (24, 35), (5, 29), (1, 34), (37, 48), (14, 47), (9, 36), (35, 37), (13, 44), (51, 57), (49, 58), (47, 59), (45, 46), (11, 42), (33, 56), (41, 51), (36, 40), (40, 50), (12, 32), (45, 67), (9, 25), (17, 69), (34, 70), (66, 69), (52, 72), (1, 55), (10, 74), (70, 74), (63, 76), (65, 77), (38, 44), (11, 79), (68, 80), (16, 66), (32, 82), (63, 83), (48, 54), (23, 43), (53, 86), (32, 86), (39, 88), (53, 89), (40, 88), (32, 62), (19, 65), (61, 93), (3, 62), (93, 95), (4, 42), (40, 97), (49, 98), (80, 98), (72, 78), (0, 50), (4, 20), (68, 103), (5, 21), (43, 105), (64, 106), (54, 106), (103, 105), (59, 109), (57, 109), (2, 17), (55, 112), (2, 92), (10, 114), (61, 115), (46, 112), (25, 117), (76, 117))
((7, 15), (0, 32), (8, 33), (16, 34), (18, 26), (15, 31), (27, 37), (6, 22), (23, 31), (14, 39), (19, 27), (22, 30), (20, 28), (3, 38), (10, 26), (13, 21), (30, 41), (12, 28), (24, 35), (5, 29), (1, 34), (37, 48), (14, 47), (9, 36), (35, 37), (13, 44), (51, 57), (49, 58), (47, 59), (45, 46), (11, 42), (33, 56), (41, 51), (36, 40), (40, 50), (12, 32), (45, 67), (9, 25), (17, 69), (34, 70), (66, 69), (52, 72), (1, 55), (10, 74), (70, 74), (63, 76), (65, 77), (38, 44), (11, 79), (68, 80), (16, 66), (32, 82), (63, 83), (48, 54), (23, 43), (53, 86), (32, 86), (39, 88), (40, 88), (53, 89), (32, 62), (19, 65), (61, 93), (3, 62), (93, 95), (4, 42), (40, 97), (72, 78), (0, 50), (49, 98), (80, 98), (4, 20), (68, 103), (5, 21), (43, 105), (54, 106), (64, 106), (103, 105), (59, 109), (57, 109), (2, 17), (55, 112), (46, 112), (76, 114), (25, 114), (2, 92), (10, 117), (61, 118))
((7, 15), (0, 32), (8, 33), (16, 34), (18, 26), (15, 31), (27, 37), (6, 22), (23, 31), (14, 39), (19, 27), (22, 30), (20, 28), (3, 38), (10, 26), (13, 21), (30, 41), (12, 28), (24, 35), (5, 29), (1, 34), (37, 48), (14, 47), (9, 36), (35, 37), (13, 44), (51, 57), (49, 58), (45, 46), (11, 42), (33, 56), (41, 51), (36, 40), (40, 50), (12, 32), (45, 66), (9, 25), (17, 68), (65, 68), (1, 55), (10, 71), (69, 71), (62, 73), (64, 74), (38, 44), (11, 76), (32, 65), (16, 78), (62, 79), (48, 54), (23, 43), (32, 82), (39, 83), (53, 84), (32, 61), (19, 64), (3, 61), (4, 42), (40, 89), (49, 90), (77, 90), (4, 20), (67, 93), (5, 21), (43, 95), (63, 96), (54, 96), (93, 95), (57, 99), (2, 17), (55, 101), (46, 101), (2, 86), (10, 104), (67, 77), (73, 103), (52, 70), (59, 99), (40, 83), (60, 105), (34, 69), (47, 59), (60, 87), (25, 103), (0, 50), (70, 75), (87, 88), (53, 82))
((7, 15), (0, 32), (8, 33), (16, 34), (18, 26), (15, 31), (27, 37), (6, 22), (23, 31), (14, 39), (19, 27), (22, 30), (20, 28), (3, 38), (10, 26), (13, 21), (30, 41), (12, 28), (24, 35), (5, 29), (1, 34), (37, 48), (14, 47), (9, 36), (35, 37), (13, 44), (51, 57), (49, 58), (47, 59), (45, 46), (11, 42), (33, 56), (41, 51), (36, 40), (40, 50), (12, 32), (45, 67), (9, 25), (17, 69), (48, 54), (66, 69), (52, 72), (1, 55), (10, 74), (70, 74), (63, 76), (65, 77), (38, 44), (11, 79), (68, 80), (16, 66), (32, 82), (63, 83), (34, 70), (23, 43), (53, 86), (32, 86), (39, 88), (53, 89), (40, 88), (32, 62), (19, 65), (61, 93), (3, 62), (93, 95), (4, 42), (40, 97), (49, 98), (80, 98), (72, 78), (0, 50), (4, 20), (68, 103), (5, 21), (43, 105), (64, 106), (54, 106), (103, 105), (59, 109), (57, 109), (2, 17), (55, 112), (46, 112), (25, 114), (76, 114), (2, 92), (10, 117), (61, 118))
((7, 15), (0, 32), (8, 33), (16, 34), (18, 26), (15, 31), (27, 37), (6, 22), (23, 31), (14, 39), (19, 27), (22, 30), (20, 28), (3, 38), (10, 26), (13, 21), (30, 41), (12, 28), (24, 35), (5, 29), (1, 34), (37, 48), (14, 47), (9, 36), (35, 37), (13, 44), (51, 57), (49, 58), (47, 59), (45, 46), (11, 42), (33, 56), (41, 51), (36, 40), (40, 50), (12, 32), (45, 67), (9, 25), (17, 69), (34, 70), (66, 69), (52, 72), (1, 55), (10, 74), (70, 74), (63, 76), (65, 77), (38, 44), (11, 79), (68, 80), (16, 66), (32, 82), (63, 83), (48, 54), (23, 43), (53, 86), (32, 86), (39, 88), (53, 89), (40, 88), (32, 62), (19, 65), (61, 93), (3, 62), (93, 95), (4, 42), (40, 97), (49, 98), (80, 98), (72, 78), (0, 50), (4, 20), (68, 103), (5, 21), (43, 105), (64, 106), (54, 106), (103, 105), (59, 109), (57, 109), (2, 17), (55, 112), (46, 112), (25, 114), (76, 114), (2, 92), (10, 117), (61, 118))
((0, 0), (0, 32), (0, 33), (0, 34), (0, 0), (0, 0), (0, 37), (0, 0), (0, 0), (0, 39), (0, 0), (0, 0), (0, 0), (0, 38), (0, 0), (0, 0), (0, 41), (0, 0), (0, 35), (0, 0), (0, 34), (37, 48), (0, 47), (0, 36), (35, 37), (0, 44), (51, 57), (49, 58), (47, 59), (45, 46), (0, 42), (33, 56), (41, 51), (36, 40), (40, 50), (0, 32), (45, 67), (0, 0), (0, 69), (34, 70), (66, 69), (52, 72), (0, 55), (0, 74), (70, 74), (63, 76), (65, 77), (38, 44), (0, 79), (68, 80), (0, 66), (32, 82), (63, 83), (48, 54), (0, 43), (53, 86), (32, 86), (39, 88), (53, 89), (40, 88), (32, 62), (0, 65), (61, 93), (0, 62), (93, 95), (0, 42), (40, 97), (49, 98), (80, 98), (72, 78), (0, 50), (0, 0), (68, 103), (0, 0), (43, 105), (64, 106), (54, 106), (103, 105), (59, 109), (57, 109), (0, 0), (55, 112), (46, 112), (0, 114), (76, 114), (0, 92), (0, 117), (61, 118))
((7, 15), (0, 32), (8, 33), (16, 34), (18, 26), (15, 31), (27, 37), (6, 22), (23, 31), (14, 39), (19, 27), (22, 30), (20, 28), (3, 38), (10, 26), (13, 21), (30, 41), (12, 28), (24, 35), (5, 29), (1, 34), (37, 48), (14, 47), (9, 36), (35, 37), (13, 44), (51, 57), (49, 58), (47, 59), (45, 46), (11, 42), (33, 56), (41, 51), (36, 40), (40, 50), (12, 32), (45, 67), (9, 25), (17, 69), (34, 70), (66, 69), (52, 72), (1, 55), (10, 74), (70, 74), (63, 76), (65, 77), (38, 44), (11, 79), (68, 80), (16, 66), (32, 82), (63, 83), (48, 54), (23, 43), (53, 86), (32, 86), (39, 88), (53, 89), (40, 88), (32, 62), (19, 65), (61, 93), (3, 62), (93, 95), (4, 42), (40, 97), (49, 98), (80, 98), (72, 78), (0, 50), (4, 20), (68, 103), (5, 21), (43, 105), (64, 106), (54, 106), (103, 105), (59, 109), (57, 109), (2, 17), (55, 112), (46, 112), (25, 114), (76, 114), (2, 92), (10, 117), (61, 118))
((7, 15), (0, 32), (8, 33), (16, 34), (18, 26), (15, 31), (27, 37), (6, 22), (23, 31), (14, 39), (19, 27), (22, 30), (20, 28), (3, 38), (10, 26), (13, 21), (30, 41), (12, 28), (24, 35), (5, 29), (1, 34), (37, 48), (14, 47), (9, 36), (35, 37), (13, 44), (51, 57), (49, 58), (47, 59), (45, 46), (11, 42), (33, 56), (41, 51), (36, 40), (40, 50), (12, 32), (45, 67), (9, 25), (17, 69), (34, 70), (66, 69), (52, 72), (1, 55), (10, 74), (70, 74), (63, 76), (65, 77), (38, 44), (11, 79), (68, 80), (16, 66), (32, 82), (63, 83), (48, 54), (23, 43), (53, 86), (32, 86), (39, 88), (53, 89), (40, 88), (32, 62), (19, 65), (61, 93), (3, 62), (93, 95), (4, 42), (40, 97), (49, 98), (80, 98), (72, 78), (0, 50), (4, 20), (68, 103), (5, 21), (43, 105), (64, 106), (54, 106), (103, 105), (59, 109), (57, 109), (2, 17), (55, 112), (46, 112), (25, 114), (76, 114), (2, 92), (10, 117), (61, 118))
((7, 15), (0, 32), (8, 33), (16, 34), (18, 26), (15, 31), (27, 37), (6, 22), (23, 31), (14, 39), (19, 27), (22, 30), (20, 28), (3, 38), (10, 26), (24, 35), (9, 36), (40, 47), (12, 32), (9, 25), (17, 51), (38, 44), (23, 43), (4, 42), (5, 21), (5, 29), (1, 48), (13, 44), (30, 41), (4, 20), (35, 37), (36, 40), (33, 62), (45, 50), (57, 59), (13, 21), (14, 67), (32, 54), (39, 69), (11, 42), (32, 71), (2, 17), (0, 47), (37, 60), (70, 75), (19, 63), (40, 55), (56, 61), (59, 79), (49, 51), (34, 52), (46, 73), (25, 83), (3, 77), (71, 85), (2, 10), (72, 87), (60, 68), (52, 58), (63, 90), (41, 57), (64, 91), (83, 90), (81, 93), (11, 53), (65, 96), (78, 96), (32, 49), (16, 99), (64, 100), (61, 65), (12, 28), (78, 103), (43, 56), (92, 105), (54, 75), (10, 58), (66, 103), (79, 109), (67, 109), (1, 81), (34, 112), (48, 73), (40, 69), (68, 105), (45, 46), (77, 117), (88, 117))
((7, 15), (2, 32), (15, 31), (10, 26), (22, 30), (2, 17), (5, 21), (18, 26), (12, 28), (9, 25), (13, 21), (6, 22), (14, 42), (9, 39), (20, 28), (1, 45), (17, 41), (37, 45), (19, 27), (35, 37), (12, 32), (47, 48), (11, 50), (16, 32), (11, 46), (3, 54), (23, 36), (0, 32), (27, 34), (23, 31), (33, 54), (4, 20), (13, 46), (14, 43), (8, 59), (10, 62), (5, 29), (64, 68), (1, 66), (39, 61), (65, 68), (16, 66), (36, 38), (19, 71), (34, 73), (24, 73), (38, 63), (48, 66), (64, 78), (30, 65), (44, 81), (4, 61), (32, 58), (43, 84), (34, 81), (50, 83), (25, 51), (61, 77), (3, 60), (44, 74), (72, 74), (40, 87), (56, 60), (57, 75), (87, 94), (52, 90), (10, 47), (94, 97), (51, 53), (58, 86), (40, 69), (59, 76), (61, 84), (35, 90), (78, 102), (42, 102), (53, 71), (75, 105), (0, 77), (41, 89), (103, 108), (63, 97), (111, 112), (85, 86), (55, 89), (103, 116), (67, 105), (70, 111))
((7, 15), (0, 32), (8, 33), (16, 34), (18, 26), (15, 31), (27, 37), (6, 22), (23, 31), (14, 39), (19, 27), (22, 30), (20, 28), (3, 38), (10, 26), (13, 21), (30, 41), (12, 28), (24, 35), (5, 29), (1, 34), (37, 48), (14, 47), (9, 36), (35, 37), (13, 44), (51, 57), (49, 58), (47, 59), (45, 46), (11, 42), (33, 56), (41, 51), (36, 40), (40, 50), (12, 32), (45, 67), (9, 25), (17, 69), (34, 70), (66, 69), (52, 72), (1, 55), (10, 74), (70, 74), (63, 76), (65, 77), (38, 44), (11, 79), (68, 80), (16, 66), (32, 82), (63, 83), (48, 54), (23, 43), (53, 86), (32, 86), (39, 88), (53, 89), (40, 88), (32, 62), (19, 65), (61, 93), (3, 62), (93, 95), (4, 42), (40, 97), (49, 98), (80, 98), (72, 78), (0, 50), (4, 20), (68, 103), (5, 21), (43, 105), (64, 106), (54, 106), (103, 105), (59, 109), (57, 109), (2, 17), (55, 112), (46, 112), (25, 114), (76, 114), (2, 92), (10, 117), (61, 118))
((7, 15), (0, 32), (8, 33), (16, 34), (18, 26), (15, 31), (27, 37), (6, 22), (23, 31), (14, 39), (19, 27), (22, 30), (20, 28), (3, 38), (10, 26), (13, 21), (30, 41), (12, 28), (24, 35), (5, 29), (1, 34), (37, 48), (14, 47), (9, 36), (35, 37), (13, 44), (51, 57), (49, 58), (47, 59), (45, 46), (11, 42), (33, 56), (41, 51), (36, 40), (40, 50), (12, 32), (45, 67), (9, 25), (17, 69), (34, 70), (66, 69), (52, 72), (1, 55), (10, 74), (70, 74), (63, 76), (65, 77), (38, 44), (11, 79), (68, 80), (16, 66), (32, 82), (63, 83), (48, 54), (23, 43), (53, 86), (32, 86), (39, 88), (53, 89), (40, 88), (32, 62), (19, 65), (61, 93), (3, 62), (93, 95), (4, 42), (40, 97), (49, 98), (80, 98), (72, 78), (0, 50), (4, 20), (68, 103), (5, 21), (43, 105), (64, 106), (54, 106), (103, 105), (59, 109), (57, 109), (2, 17), (55, 112), (46, 112), (25, 114), (76, 114), (2, 92), (10, 117), (61, 118))
((7, 15), (0, 32), (8, 33), (16, 34), (18, 26), (15, 31), (27, 37), (6, 22), (23, 31), (14, 39), (19, 27), (22, 30), (20, 28), (3, 38), (10, 26), (13, 21), (30, 41), (12, 28), (24, 35), (5, 29), (1, 34), (37, 48), (14, 47), (9, 36), (35, 37), (13, 44), (51, 57), (49, 58), (47, 59), (45, 46), (11, 42), (33, 56), (41, 51), (36, 40), (40, 50), (12, 32), (45, 67), (9, 25), (17, 69), (34, 70), (66, 69), (52, 72), (1, 55), (10, 74), (70, 74), (63, 76), (65, 77), (38, 44), (11, 79), (68, 80), (16, 66), (32, 82), (63, 83), (48, 54), (23, 43), (53, 86), (32, 86), (39, 88), (53, 89), (40, 88), (32, 62), (19, 65), (61, 93), (3, 62), (93, 95), (4, 42), (40, 97), (49, 98), (80, 98), (72, 78), (0, 50), (4, 20), (68, 103), (5, 21), (43, 105), (64, 106), (54, 106), (103, 105), (59, 109), (57, 109), (2, 17), (55, 112), (46, 112), (25, 114), (76, 114), (2, 92), (10, 117), (61, 118))
((15, 31), (0, 8), (11, 32), (24, 33), (1, 17), (25, 36), (14, 30), (23, 31), (35, 39), (9, 37), (4, 20), (4, 12), (7, 15), (9, 17), (19, 27), (10, 18), (26, 45), (6, 30), (2, 18), (48, 50), (36, 47), (29, 43), (23, 49), (3, 11), (44, 55), (5, 29), (6, 57), (41, 51), (32, 38), (54, 60), (16, 40), (37, 62), (10, 26), (25, 44), (27, 34), (64, 66), (42, 66), (12, 56), (33, 45), (63, 70), (65, 70), (7, 23), (50, 73), (48, 52), (52, 59), (68, 69), (20, 28), (13, 78), (39, 46), (28, 80), (43, 81), (68, 81), (47, 80), (34, 84), (74, 85), (13, 21), (53, 87), (22, 87), (49, 89), (41, 65), (69, 78), (55, 85), (67, 93), (74, 94), (46, 94), (8, 32), (62, 97), (35, 97), (63, 99), (91, 99), (14, 22), (58, 102), (7, 102), (39, 104), (60, 104), (57, 79), (59, 64), (62, 73), (24, 109), (99, 110), (5, 21), (38, 112), (89, 113), (42, 112), (79, 115), (53, 115), (58, 113), (44, 54))
((7, 15), (0, 32), (8, 33), (16, 34), (18, 26), (15, 31), (27, 37), (6, 22), (23, 31), (14, 39), (19, 27), (22, 30), (20, 28), (3, 38), (10, 26), (13, 21), (30, 41), (12, 28), (24, 35), (5, 29), (1, 34), (37, 48), (14, 47), (9, 36), (35, 37), (13, 44), (51, 57), (49, 58), (47, 59), (45, 46), (11, 42), (33, 56), (41, 51), (36, 40), (40, 50), (12, 32), (45, 67), (9, 25), (17, 69), (34, 70), (66, 69), (52, 72), (1, 55), (10, 74), (70, 74), (63, 76), (65, 77), (38, 44), (11, 79), (68, 80), (16, 66), (32, 82), (63, 83), (48, 54), (23, 43), (53, 86), (32, 86), (39, 88), (53, 89), (40, 88), (32, 62), (19, 65), (61, 93), (3, 62), (93, 95), (4, 42), (40, 97), (49, 98), (80, 98), (72, 78), (0, 50), (4, 20), (68, 103), (5, 21), (43, 105), (64, 106), (54, 106), (103, 105), (59, 109), (57, 109), (2, 17), (55, 112), (46, 112), (25, 114), (76, 114), (2, 92), (10, 117), (61, 118))
((7, 15), (0, 32), (8, 33), (16, 34), (18, 26), (15, 31), (27, 37), (6, 22), (23, 31), (14, 39), (19, 27), (22, 30), (20, 28), (3, 38), (10, 26), (13, 21), (30, 41), (12, 28), (24, 35), (5, 29), (37, 48), (14, 47), (9, 36), (35, 37), (13, 44), (51, 56), (49, 57), (47, 58), (45, 46), (11, 42), (33, 55), (41, 51), (36, 40), (40, 50), (12, 32), (45, 66), (9, 25), (17, 68), (34, 69), (65, 68), (34, 71), (1, 72), (1, 54), (10, 74), (69, 74), (62, 76), (64, 77), (11, 38), (44, 79), (67, 80), (16, 65), (32, 82), (62, 83), (48, 53), (23, 43), (52, 86), (32, 86), (39, 88), (52, 89), (40, 88), (19, 64), (60, 92), (3, 92), (61, 94), (40, 42), (4, 96), (49, 97), (80, 97), (71, 78), (0, 50), (4, 20), (67, 102), (5, 21), (43, 104), (63, 105), (53, 105), (102, 104), (58, 108), (56, 108), (2, 17), (54, 111), (46, 111), (25, 113), (76, 113), (32, 61), (2, 10), (116, 117), (60, 118))
((5, 29), (9, 25), (2, 10), (20, 28), (7, 15), (12, 28), (19, 27), (2, 17), (18, 26), (6, 22), (4, 20), (13, 21), (22, 30), (23, 44), (14, 43), (23, 31), (15, 31), (4, 38), (9, 40), (10, 26), (13, 35), (0, 36), (39, 51), (27, 48), (8, 53), (36, 45), (32, 52), (40, 47), (17, 33), (19, 59), (14, 41), (11, 38), (5, 21), (12, 36), (41, 57), (35, 55), (3, 55), (30, 62), (1, 50), (42, 64), (44, 64), (48, 69), (47, 49), (34, 36), (37, 58), (60, 70), (65, 68), (16, 56), (24, 79), (47, 80), (32, 62), (33, 81), (51, 68), (48, 79), (53, 85), (16, 81), (36, 87), (11, 67), (3, 61), (59, 77), (1, 83), (52, 71), (39, 50), (46, 72), (37, 74), (56, 92), (0, 80), (63, 90), (46, 69), (86, 91), (83, 101), (74, 89), (78, 89), (66, 73), (54, 77), (25, 54), (42, 78), (56, 60), (72, 82), (61, 84), (10, 70), (43, 76), (86, 88), (47, 57), (63, 75), (84, 116), (71, 76), (45, 73))
((7, 15), (0, 32), (8, 33), (16, 34), (18, 26), (15, 31), (27, 37), (6, 22), (23, 31), (14, 39), (19, 27), (22, 30), (20, 28), (3, 38), (10, 26), (13, 21), (30, 41), (12, 28), (24, 35), (5, 29), (1, 34), (37, 48), (14, 47), (9, 36), (35, 37), (13, 44), (51, 57), (49, 58), (47, 59), (45, 46), (11, 42), (33, 56), (41, 51), (36, 40), (40, 50), (12, 32), (45, 67), (9, 25), (17, 69), (34, 70), (66, 69), (52, 72), (1, 55), (10, 74), (70, 74), (63, 76), (65, 77), (38, 44), (11, 79), (68, 80), (16, 66), (32, 82), (63, 83), (48, 54), (23, 43), (53, 86), (32, 86), (39, 88), (53, 89), (40, 88), (32, 62), (19, 65), (61, 93), (3, 62), (93, 95), (4, 42), (40, 97), (49, 98), (80, 98), (72, 78), (0, 50), (4, 20), (68, 103), (5, 21), (43, 105), (64, 106), (54, 106), (103, 105), (59, 109), (57, 109), (2, 17), (55, 112), (46, 112), (25, 114), (76, 114), (2, 92), (10, 117), (61, 118))
((7, 15), (0, 32), (8, 33), (16, 34), (18, 26), (15, 31), (27, 37), (6, 22), (23, 31), (14, 39), (19, 27), (22, 30), (20, 28), (3, 38), (10, 26), (13, 21), (30, 41), (12, 28), (24, 35), (5, 29), (1, 34), (37, 48), (14, 47), (9, 36), (35, 37), (13, 44), (51, 57), (49, 58), (47, 59), (45, 46), (11, 42), (33, 56), (41, 51), (36, 40), (40, 50), (12, 32), (45, 67), (9, 25), (17, 69), (34, 70), (66, 69), (52, 72), (1, 55), (10, 74), (70, 74), (63, 76), (65, 77), (38, 44), (11, 79), (68, 80), (16, 66), (32, 82), (63, 83), (48, 54), (23, 43), (53, 86), (32, 86), (39, 88), (53, 89), (40, 88), (32, 62), (19, 65), (61, 93), (3, 62), (93, 95), (4, 42), (40, 97), (49, 98), (80, 98), (72, 78), (0, 50), (4, 20), (68, 103), (5, 21), (43, 105), (64, 106), (54, 106), (103, 105), (59, 109), (57, 109), (2, 17), (55, 112), (46, 112), (25, 114), (76, 114), (2, 92), (10, 117), (61, 118))
((7, 15), (0, 32), (8, 33), (16, 34), (18, 26), (15, 31), (27, 37), (6, 22), (23, 31), (14, 39), (19, 27), (22, 30), (20, 28), (3, 38), (10, 26), (13, 21), (30, 41), (12, 28), (24, 35), (5, 29), (1, 34), (37, 48), (14, 47), (9, 36), (35, 37), (13, 44), (51, 57), (49, 58), (47, 59), (45, 46), (11, 42), (33, 56), (41, 51), (36, 40), (40, 50), (12, 32), (45, 67), (9, 25), (17, 69), (34, 70), (66, 69), (52, 72), (1, 55), (10, 74), (70, 74), (63, 76), (65, 77), (38, 44), (11, 79), (68, 80), (16, 66), (32, 82), (63, 83), (48, 54), (23, 43), (53, 86), (32, 86), (39, 88), (53, 89), (40, 88), (32, 62), (19, 65), (61, 93), (3, 62), (93, 95), (4, 42), (40, 97), (49, 98), (80, 98), (72, 78), (0, 50), (4, 20), (68, 103), (5, 21), (43, 105), (64, 106), (54, 106), (103, 105), (59, 109), (57, 109), (2, 17), (55, 112), (46, 112), (25, 114), (76, 114), (2, 92), (10, 117), (61, 118))
((7, 15), (0, 32), (8, 33), (16, 34), (18, 26), (15, 31), (27, 37), (6, 22), (23, 31), (14, 39), (19, 27), (22, 30), (20, 28), (3, 38), (10, 26), (13, 21), (30, 41), (12, 28), (24, 35), (5, 29), (1, 34), (37, 48), (14, 47), (9, 36), (35, 37), (13, 44), (51, 57), (49, 58), (47, 59), (45, 46), (11, 42), (33, 56), (41, 51), (36, 40), (40, 50), (12, 32), (45, 67), (9, 25), (17, 69), (34, 70), (66, 69), (52, 72), (1, 55), (10, 74), (70, 74), (63, 76), (65, 77), (38, 44), (11, 79), (68, 80), (16, 66), (32, 82), (63, 83), (48, 54), (23, 43), (53, 86), (32, 86), (39, 88), (53, 89), (40, 88), (32, 62), (19, 65), (61, 93), (3, 62), (93, 95), (4, 42), (40, 97), (49, 98), (80, 98), (72, 78), (0, 50), (4, 20), (68, 103), (5, 21), (43, 105), (64, 106), (54, 106), (103, 105), (59, 109), (57, 109), (2, 17), (55, 112), (46, 112), (25, 114), (76, 114), (2, 92), (10, 117), (61, 118))
((4, 20), (10, 26), (5, 21), (7, 15), (23, 31), (22, 30), (0, 35), (13, 21), (2, 17), (18, 26), (6, 22), (14, 42), (23, 37), (9, 41), (19, 27), (12, 28), (8, 38), (16, 48), (40, 45), (20, 28), (15, 31), (14, 39), (27, 52), (35, 44), (5, 29), (12, 35), (3, 54), (30, 43), (13, 51), (24, 49), (0, 61), (1, 48), (11, 46), (52, 59), (49, 52), (33, 58), (56, 60), (9, 25), (47, 68), (33, 40), (39, 70), (43, 56), (38, 66), (36, 41), (36, 61), (57, 58), (17, 69), (48, 78), (69, 76), (1, 45), (51, 54), (10, 81), (78, 81), (74, 84), (19, 75), (42, 55), (75, 85), (44, 65), (11, 82), (77, 90), (16, 76), (35, 92), (74, 93), (53, 59), (65, 87), (36, 55), (35, 64), (67, 86), (3, 64), (63, 80), (86, 100), (80, 88), (4, 46), (36, 104), (90, 105), (32, 77), (34, 37), (53, 108), (32, 34), (70, 110), (60, 110), (25, 71), (71, 84), (47, 105), (2, 98), (73, 108), (10, 116), (67, 118))
((7, 15), (0, 32), (8, 33), (16, 34), (18, 26), (15, 31), (27, 37), (6, 22), (23, 31), (14, 39), (19, 27), (22, 30), (20, 28), (3, 38), (10, 26), (13, 21), (30, 41), (12, 28), (24, 35), (5, 29), (1, 34), (37, 48), (14, 47), (9, 36), (35, 37), (13, 44), (51, 57), (49, 58), (47, 59), (45, 46), (11, 42), (33, 56), (41, 51), (36, 40), (40, 50), (12, 32), (45, 67), (9, 25), (17, 69), (34, 70), (66, 69), (52, 72), (1, 55), (10, 74), (70, 74), (63, 76), (65, 77), (38, 44), (11, 79), (68, 80), (16, 66), (32, 82), (63, 83), (48, 54), (23, 43), (53, 86), (32, 86), (39, 88), (53, 89), (40, 88), (32, 62), (19, 65), (61, 93), (3, 62), (93, 95), (4, 42), (40, 97), (49, 98), (80, 98), (72, 78), (0, 50), (4, 20), (68, 103), (5, 21), (43, 105), (64, 106), (54, 106), (103, 105), (59, 109), (57, 109), (2, 17), (55, 112), (46, 112), (25, 114), (76, 114), (2, 92), (10, 117), (61, 118))
((7, 15), (0, 32), (8, 33), (16, 34), (18, 26), (15, 31), (27, 37), (6, 22), (23, 31), (14, 39), (19, 27), (22, 30), (20, 28), (3, 38), (10, 26), (13, 21), (30, 41), (12, 28), (24, 35), (5, 29), (1, 34), (37, 48), (14, 47), (9, 36), (35, 37), (13, 44), (51, 57), (49, 58), (47, 59), (45, 46), (11, 42), (33, 56), (41, 51), (36, 40), (40, 50), (12, 32), (45, 67), (9, 25), (17, 69), (34, 70), (66, 69), (52, 72), (1, 55), (10, 74), (70, 74), (63, 76), (65, 77), (38, 44), (11, 79), (68, 80), (16, 66), (32, 82), (63, 83), (48, 54), (23, 43), (53, 86), (32, 86), (39, 88), (53, 89), (40, 88), (32, 62), (19, 65), (61, 93), (3, 62), (93, 95), (4, 42), (40, 97), (49, 98), (80, 98), (72, 78), (0, 50), (4, 20), (68, 103), (5, 21), (43, 105), (64, 106), (54, 106), (103, 105), (59, 109), (57, 109), (2, 17), (55, 112), (46, 112), (25, 114), (76, 114), (2, 92), (10, 117), (61, 118))
((7, 15), (0, 32), (8, 33), (16, 34), (18, 26), (15, 31), (27, 37), (6, 22), (23, 31), (14, 39), (19, 27), (22, 30), (20, 28), (3, 38), (10, 26), (13, 21), (30, 41), (12, 28), (24, 35), (5, 29), (1, 34), (37, 48), (14, 47), (9, 36), (35, 37), (13, 44), (51, 57), (49, 58), (47, 59), (45, 46), (11, 42), (33, 56), (41, 51), (36, 40), (40, 50), (12, 32), (45, 67), (9, 25), (17, 69), (34, 70), (66, 69), (52, 72), (1, 55), (10, 74), (70, 74), (63, 76), (65, 77), (38, 44), (11, 79), (68, 80), (16, 66), (32, 82), (63, 83), (48, 54), (23, 43), (53, 86), (32, 86), (39, 88), (53, 89), (40, 88), (32, 62), (19, 65), (61, 93), (3, 62), (93, 95), (4, 42), (40, 97), (49, 98), (80, 98), (72, 78), (0, 50), (4, 20), (68, 103), (5, 21), (43, 105), (64, 106), (54, 106), (103, 105), (59, 109), (57, 109), (2, 17), (55, 112), (46, 112), (25, 114), (76, 114), (2, 92), (10, 117), (61, 118))
((7, 15), (0, 32), (8, 33), (16, 34), (18, 26), (15, 31), (27, 37), (6, 22), (23, 31), (14, 39), (19, 27), (22, 30), (20, 28), (3, 38), (10, 26), (13, 21), (30, 41), (12, 28), (24, 35), (5, 29), (37, 48), (14, 47), (9, 36), (35, 37), (13, 44), (45, 46), (11, 42), (33, 55), (36, 40), (40, 50), (12, 32), (45, 62), (9, 25), (17, 64), (1, 54), (65, 66), (38, 44), (11, 68), (23, 43), (32, 70), (19, 60), (4, 42), (40, 73), (4, 20), (5, 21), (43, 76), (2, 17), (61, 64), (75, 76), (51, 56), (49, 81), (2, 10), (34, 79), (58, 83), (57, 72), (1, 84), (49, 74), (63, 69), (46, 78), (52, 70), (54, 78), (0, 50), (47, 82), (48, 53), (58, 72), (32, 85), (34, 65), (57, 97), (10, 66), (53, 77), (41, 51), (77, 102), (60, 67), (67, 90), (40, 71), (59, 104), (79, 107), (39, 71), (52, 109), (56, 80), (25, 90), (80, 82), (63, 75), (32, 61), (16, 115), (59, 116), (3, 96), (69, 74))
((5, 13), (7, 23), (19, 33), (3, 27), (9, 25), (15, 23), (8, 37), (16, 38), (33, 39), (7, 31), (6, 32), (18, 26), (15, 31), (0, 44), (1, 36), (40, 45), (14, 30), (42, 48), (17, 46), (4, 28), (20, 51), (12, 52), (4, 12), (17, 25), (38, 47), (2, 18), (21, 32), (6, 22), (34, 43), (55, 56), (13, 29), (14, 22), (51, 58), (10, 26), (29, 58), (49, 66), (24, 40), (11, 19), (35, 41), (60, 70), (62, 63), (67, 72), (42, 72), (53, 62), (69, 71), (28, 70), (53, 77), (56, 68), (23, 63), (41, 80), (44, 65), (71, 82), (52, 69), (64, 75), (49, 59), (5, 54), (66, 87), (75, 87), (37, 84), (44, 59), (80, 91), (24, 41), (56, 93), (45, 46), (94, 95), (3, 34), (54, 97), (90, 98), (77, 98), (57, 97), (76, 101), (35, 102), (82, 102), (36, 43), (9, 39), (50, 106), (2, 55), (65, 108), (48, 81), (37, 110), (91, 110), (105, 108), (50, 109), (57, 114), (105, 114), (44, 61), (96, 117), (106, 117))
((7, 15), (0, 32), (8, 33), (16, 34), (18, 26), (15, 31), (27, 37), (6, 22), (23, 31), (14, 39), (19, 27), (22, 30), (20, 28), (3, 38), (10, 26), (13, 21), (30, 41), (12, 28), (24, 35), (5, 29), (1, 34), (37, 48), (14, 47), (9, 36), (35, 37), (13, 44), (51, 57), (49, 58), (47, 59), (45, 46), (11, 42), (33, 56), (41, 51), (36, 40), (40, 50), (12, 32), (45, 67), (9, 25), (17, 69), (34, 70), (66, 69), (52, 72), (1, 55), (10, 74), (70, 74), (63, 76), (65, 77), (38, 44), (11, 79), (68, 80), (16, 66), (32, 82), (63, 83), (48, 54), (23, 43), (53, 86), (32, 86), (39, 88), (53, 89), (40, 88), (32, 62), (19, 65), (61, 93), (3, 62), (93, 95), (4, 42), (40, 97), (49, 98), (80, 98), (72, 78), (0, 50), (4, 20), (68, 103), (5, 21), (43, 105), (64, 106), (54, 106), (103, 105), (59, 109), (57, 109), (2, 17), (55, 112), (46, 112), (25, 114), (76, 114), (2, 92), (10, 117), (61, 118))
((10, 18), (7, 23), (19, 33), (15, 23), (0, 35), (7, 31), (16, 37), (9, 25), (12, 28), (16, 36), (1, 25), (26, 42), (4, 20), (13, 29), (12, 20), (2, 18), (0, 8), (33, 48), (41, 48), (9, 50), (32, 43), (35, 49), (2, 26), (38, 48), (6, 22), (45, 56), (5, 46), (5, 13), (3, 34), (11, 19), (3, 61), (27, 34), (4, 63), (37, 64), (40, 65), (24, 41), (39, 52), (21, 29), (58, 69), (44, 70), (59, 71), (47, 63), (40, 45), (71, 74), (14, 59), (57, 76), (6, 14), (31, 78), (35, 79), (30, 69), (33, 56), (79, 82), (58, 74), (22, 30), (76, 85), (15, 85), (82, 87), (37, 87), (52, 54), (78, 81), (46, 60), (17, 39), (53, 93), (37, 54), (62, 95), (73, 96), (49, 67), (38, 98), (36, 99), (42, 99), (51, 101), (94, 101), (1, 93), (51, 104), (47, 104), (68, 106), (43, 106), (11, 35), (32, 109), (73, 110), (27, 110), (62, 112), (65, 92), (28, 61), (35, 115), (92, 116), (44, 116), (57, 81))
((7, 15), (0, 32), (8, 33), (16, 34), (18, 26), (15, 31), (27, 37), (6, 22), (23, 31), (14, 39), (19, 27), (22, 30), (20, 28), (3, 38), (10, 26), (13, 21), (30, 41), (12, 28), (24, 35), (5, 29), (1, 34), (37, 48), (14, 47), (9, 36), (35, 37), (13, 44), (51, 57), (49, 58), (47, 59), (45, 46), (11, 42), (33, 56), (41, 51), (36, 40), (40, 50), (12, 32), (45, 67), (9, 25), (17, 69), (34, 70), (66, 69), (52, 72), (1, 55), (10, 74), (70, 74), (63, 76), (65, 77), (38, 44), (11, 79), (68, 80), (16, 66), (32, 82), (63, 83), (48, 54), (23, 43), (53, 86), (32, 86), (39, 88), (53, 89), (40, 88), (32, 62), (19, 65), (61, 93), (3, 62), (93, 95), (4, 42), (40, 97), (49, 98), (80, 98), (72, 78), (0, 50), (4, 20), (68, 103), (5, 21), (43, 105), (64, 106), (54, 106), (103, 105), (59, 109), (57, 109), (2, 17), (55, 112), (46, 112), (25, 114), (76, 114), (2, 92), (10, 117), (61, 118))
((7, 15), (0, 32), (8, 33), (16, 34), (18, 26), (15, 31), (27, 37), (6, 22), (23, 31), (14, 39), (19, 27), (22, 30), (20, 28), (3, 38), (10, 26), (13, 21), (30, 41), (12, 28), (24, 35), (5, 29), (1, 34), (37, 48), (14, 47), (9, 36), (35, 37), (13, 44), (51, 57), (49, 58), (47, 59), (45, 46), (11, 42), (33, 56), (41, 51), (36, 40), (40, 50), (12, 32), (45, 67), (9, 25), (17, 69), (34, 70), (66, 69), (52, 72), (1, 55), (10, 74), (70, 74), (63, 76), (65, 77), (38, 44), (11, 79), (68, 80), (16, 66), (32, 82), (48, 54), (63, 83), (23, 43), (53, 86), (32, 86), (39, 88), (53, 89), (40, 88), (32, 62), (19, 65), (61, 93), (3, 62), (93, 95), (4, 42), (40, 97), (49, 98), (0, 50), (72, 78), (80, 98), (4, 20), (68, 103), (5, 21), (43, 105), (54, 106), (64, 106), (103, 105), (59, 109), (57, 109), (2, 17), (55, 112), (46, 112), (25, 114), (76, 114), (2, 92), (10, 117), (61, 118))
((17, 25), (22, 30), (23, 31), (19, 34), (13, 21), (9, 34), (6, 36), (26, 35), (18, 39), (3, 27), (7, 14), (22, 42), (33, 38), (4, 20), (2, 10), (34, 43), (27, 35), (15, 31), (41, 49), (10, 26), (50, 51), (2, 51), (4, 12), (40, 52), (32, 53), (29, 36), (48, 54), (28, 58), (12, 50), (11, 48), (0, 24), (7, 49), (3, 61), (49, 62), (54, 57), (33, 63), (34, 64), (60, 64), (23, 63), (40, 68), (1, 37), (17, 65), (72, 73), (45, 68), (70, 75), (69, 76), (46, 70), (52, 78), (70, 74), (59, 76), (61, 79))
((2, 17), (13, 21), (10, 26), (5, 29), (5, 21), (23, 31), (14, 33), (4, 20), (36, 39), (18, 26), (9, 41), (32, 42), (1, 42), (37, 41), (12, 28), (19, 45), (19, 27), (11, 48), (10, 44), (32, 34), (25, 51), (6, 22), (14, 53), (30, 54), (38, 55), (35, 54), (7, 15), (12, 58), (49, 58), (2, 60), (10, 61), (9, 25), (17, 63), (3, 49), (47, 65), (44, 64), (51, 67), (20, 28), (13, 69), (40, 70), (35, 70), (46, 72), (40, 73), (33, 73), (0, 58), (8, 76), (16, 77), (24, 78), (37, 79), (0, 79), (63, 80), (1, 77), (82, 83), (16, 80), (58, 85), (64, 77), (4, 48), (37, 88), (46, 89), (15, 31), (78, 91), (76, 92), (55, 91), (67, 93), (45, 95), (82, 96), (27, 91), (3, 98), (34, 99), (47, 100), (69, 98), (11, 102), (89, 103), (59, 99), (39, 105), (103, 105), (86, 93), (62, 100), (22, 30), (23, 110), (36, 110), (57, 112), (38, 112), (94, 111), (58, 111), (37, 116), (53, 116), (94, 118))
((7, 15), (0, 32), (8, 33), (16, 34), (18, 26), (15, 31), (27, 37), (6, 22), (23, 31), (14, 39), (19, 27), (22, 30), (20, 28), (3, 38), (10, 26), (13, 21), (30, 41), (12, 28), (24, 35), (5, 29), (1, 34), (37, 48), (14, 47), (9, 36), (35, 37), (13, 44), (51, 57), (49, 58), (47, 59), (45, 46), (11, 42), (33, 56), (41, 51), (36, 40), (40, 50), (12, 32), (45, 67), (9, 25), (17, 69), (34, 70), (66, 69), (52, 72), (1, 55), (10, 74), (70, 74), (63, 76), (65, 77), (38, 44), (11, 79), (68, 80), (16, 66), (32, 82), (63, 83), (48, 54), (23, 43), (53, 86), (32, 86), (39, 88), (53, 89), (40, 88), (32, 62), (19, 65), (61, 93), (3, 62), (93, 95), (4, 42), (40, 97), (49, 98), (80, 98), (72, 78), (0, 50), (4, 20), (68, 103), (5, 21), (43, 105), (64, 106), (54, 106), (103, 105), (59, 109), (57, 109), (2, 17), (55, 112), (46, 112), (25, 114), (76, 114), (2, 92), (10, 117), (61, 118))
((7, 15), (0, 32), (8, 33), (16, 34), (18, 26), (15, 31), (27, 37), (6, 22), (23, 31), (14, 39), (19, 27), (22, 30), (20, 28), (3, 38), (10, 26), (13, 21), (30, 41), (12, 28), (24, 35), (5, 29), (1, 34), (37, 48), (14, 47), (9, 36), (35, 37), (13, 44), (51, 57), (49, 58), (47, 59), (45, 46), (11, 42), (33, 56), (41, 51), (36, 40), (40, 50), (12, 32), (45, 67), (9, 25), (17, 69), (34, 70), (66, 69), (52, 72), (1, 55), (10, 74), (70, 74), (63, 76), (65, 77), (38, 44), (11, 79), (68, 80), (16, 66), (32, 82), (63, 83), (48, 54), (23, 43), (53, 86), (32, 86), (39, 88), (53, 89), (40, 88), (32, 62), (19, 65), (61, 93), (3, 62), (93, 95), (4, 42), (40, 97), (49, 98), (80, 98), (72, 78), (0, 50), (4, 20), (68, 103), (5, 21), (43, 105), (64, 106), (54, 106), (103, 105), (59, 109), (57, 109), (2, 17), (55, 112), (46, 112), (25, 114), (76, 114), (2, 92), (10, 117), (61, 118))
((7, 15), (0, 32), (8, 33), (16, 34), (18, 26), (15, 31), (27, 37), (6, 22), (23, 31), (14, 39), (19, 27), (22, 30), (20, 28), (3, 38), (10, 26), (13, 21), (30, 41), (12, 28), (24, 35), (5, 29), (1, 34), (37, 48), (14, 47), (9, 36), (35, 37), (13, 44), (51, 57), (49, 58), (47, 59), (45, 46), (11, 42), (33, 56), (41, 51), (36, 40), (40, 50), (12, 32), (45, 67), (9, 25), (17, 69), (34, 70), (66, 69), (52, 72), (1, 55), (10, 74), (70, 74), (63, 76), (65, 77), (38, 44), (11, 79), (68, 80), (16, 66), (32, 82), (63, 83), (48, 54), (23, 43), (53, 86), (32, 86), (39, 88), (53, 89), (40, 88), (32, 62), (19, 65), (61, 93), (3, 62), (93, 95), (4, 42), (40, 97), (49, 98), (80, 98), (72, 78), (0, 50), (4, 20), (68, 103), (5, 21), (43, 105), (64, 106), (54, 106), (103, 105), (59, 109), (57, 109), (2, 17), (55, 112), (46, 112), (25, 114), (76, 114), (2, 92), (10, 117), (61, 118))
((19, 27), (7, 15), (0, 33), (6, 22), (4, 20), (23, 31), (20, 28), (8, 34), (5, 29), (5, 21), (16, 39), (15, 31), (4, 32), (24, 42), (18, 26), (13, 38), (27, 43), (2, 17), (14, 35), (10, 26), (22, 30), (3, 48), (13, 21), (37, 46), (30, 50), (37, 45), (51, 53), (12, 28), (12, 33), (14, 54), (1, 39), (0, 45), (56, 61), (36, 41), (43, 56), (9, 46), (42, 43), (40, 47), (1, 67), (59, 69), (54, 71), (11, 32), (34, 68), (40, 50), (33, 73), (53, 60), (65, 71), (9, 25), (17, 79), (39, 80), (57, 79), (37, 44), (62, 82), (10, 70), (70, 80), (74, 86), (55, 87), (38, 48), (11, 89), (77, 90), (16, 57), (33, 92), (74, 93), (49, 51), (23, 52), (66, 96), (82, 88), (33, 96), (35, 99), (66, 100), (37, 99), (19, 55), (58, 103), (3, 73), (103, 105), (59, 83), (83, 90), (36, 77), (41, 52), (75, 110), (61, 110), (47, 65), (49, 67), (25, 95), (86, 95), (2, 76), (10, 117), (58, 118))
((15, 23), (8, 32), (9, 17), (0, 8), (7, 15), (10, 18), (1, 17), (3, 11), (35, 36), (6, 22), (5, 29), (20, 28), (4, 43), (27, 39), (19, 45), (25, 38), (16, 33), (36, 46), (13, 21), (30, 41), (14, 51), (12, 44), (2, 10), (24, 35), (36, 39), (4, 56), (49, 54), (30, 42), (11, 32), (14, 22), (7, 61), (18, 26), (21, 43), (42, 64), (50, 65), (1, 40), (13, 29), (53, 68), (64, 69), (23, 31), (2, 34), (63, 72), (38, 73), (63, 71), (45, 75), (55, 71), (32, 52), (62, 78), (19, 44), (60, 80), (52, 59), (48, 55), (50, 51), (47, 48), (3, 58), (53, 57), (37, 60), (46, 88), (12, 28), (9, 47), (34, 35), (40, 83), (32, 93), (71, 90), (49, 95), (81, 96), (57, 96), (54, 74), (62, 71), (41, 100), (36, 101), (78, 101), (65, 90), (69, 104), (67, 91), (37, 91), (74, 107), (72, 107), (61, 68), (84, 110), (59, 110), (33, 77), (94, 113), (92, 113), (85, 115), (67, 115), (76, 86), (88, 118))
((12, 28), (20, 28), (23, 31), (6, 22), (19, 34), (13, 33), (4, 36), (4, 20), (27, 38), (32, 40), (5, 29), (37, 42), (5, 21), (8, 24), (0, 45), (34, 46), (39, 44), (37, 48), (11, 33), (14, 35), (42, 51), (32, 48), (43, 53), (1, 2), (29, 53), (33, 39), (56, 57), (38, 50), (31, 59), (15, 60), (7, 52), (29, 62), (30, 35), (13, 64), (21, 65), (15, 45), (7, 16), (67, 68), (10, 18), (55, 70), (25, 71), (34, 63), (5, 73), (6, 74))
((7, 31), (14, 30), (7, 23), (6, 33), (3, 19), (34, 36), (1, 9), (11, 34), (3, 39), (15, 23), (27, 32), (14, 22), (15, 43), (2, 42), (32, 44), (41, 46), (10, 18), (12, 28), (9, 26), (0, 32), (24, 51), (34, 52), (27, 36), (8, 53), (0, 55), (4, 20), (26, 45), (54, 58), (8, 16), (22, 35), (21, 29), (35, 62), (11, 59), (3, 12), (42, 65), (57, 66), (1, 48), (50, 68), (25, 68), (2, 70), (41, 48), (54, 72), (52, 56), (13, 29), (49, 75), (5, 13), (6, 77), (61, 78), (17, 38), (52, 80), (70, 80), (51, 60), (41, 53), (83, 84), (4, 28), (21, 86), (77, 87), (37, 86), (66, 89), (57, 88), (76, 91), (33, 46), (34, 61), (93, 94), (44, 94), (43, 75), (78, 97), (38, 60), (25, 56), (99, 100), (72, 82), (74, 102), (99, 102), (63, 97), (2, 18), (50, 106), (82, 107), (17, 107), (40, 41), (20, 110), (89, 111), (49, 111), (40, 106), (73, 114), (58, 114), (74, 85), (76, 87), (62, 91))
((7, 15), (0, 32), (8, 33), (16, 34), (18, 26), (15, 31), (27, 37), (6, 22), (23, 31), (14, 39), (19, 27), (22, 30), (20, 28), (3, 38), (10, 26), (13, 21), (30, 41), (12, 28), (24, 35), (5, 29), (1, 34), (37, 48), (14, 47), (9, 36), (35, 37), (13, 44), (51, 57), (49, 58), (47, 59), (45, 46), (11, 42), (33, 56), (41, 51), (36, 40), (40, 50), (12, 32), (45, 67), (9, 25), (17, 69), (34, 70), (66, 69), (52, 72), (1, 55), (10, 74), (70, 74), (63, 76), (65, 77), (38, 44), (11, 79), (68, 80), (16, 66), (32, 82), (63, 83), (48, 54), (23, 43), (53, 86), (32, 86), (39, 88), (40, 88), (53, 89), (32, 62), (19, 65), (61, 93), (3, 62), (93, 95), (4, 42), (40, 97), (80, 98), (72, 78), (49, 98), (0, 50), (4, 20), (68, 103), (5, 21), (43, 105), (64, 106), (54, 106), (103, 105), (59, 109), (57, 109), (2, 17), (55, 112), (46, 112), (25, 114), (76, 114), (2, 92), (10, 117), (61, 118))
((7, 15), (0, 32), (8, 33), (16, 34), (18, 26), (15, 31), (27, 37), (6, 22), (23, 31), (14, 39), (19, 27), (22, 30), (20, 28), (3, 38), (10, 26), (13, 21), (30, 41), (12, 28), (24, 35), (5, 29), (1, 34), (37, 48), (14, 47), (9, 36), (35, 37), (13, 44), (51, 57), (49, 58), (47, 59), (45, 46), (11, 42), (33, 56), (41, 51), (36, 40), (40, 50), (12, 32), (45, 67), (9, 25), (17, 69), (34, 70), (66, 69), (52, 72), (1, 55), (10, 74), (70, 74), (63, 76), (65, 77), (38, 44), (11, 79), (68, 80), (16, 66), (32, 82), (63, 83), (48, 54), (23, 43), (53, 86), (32, 86), (39, 88), (53, 89), (40, 88), (32, 62), (19, 65), (61, 93), (3, 62), (93, 95), (4, 42), (40, 97), (49, 98), (80, 98), (72, 78), (0, 50), (4, 20), (68, 103), (5, 21), (43, 105), (64, 106), (54, 106), (103, 105), (59, 109), (57, 109), (2, 17), (55, 112), (46, 112), (25, 114), (76, 114), (2, 10), (92, 117), (61, 118))
((7, 15), (0, 32), (8, 33), (16, 34), (18, 26), (15, 31), (27, 37), (6, 22), (23, 31), (14, 39), (19, 27), (22, 30), (20, 28), (3, 38), (10, 26), (13, 21), (30, 41), (12, 28), (24, 35), (5, 29), (1, 34), (37, 48), (14, 47), (9, 36), (35, 37), (13, 44), (51, 57), (49, 58), (47, 59), (45, 46), (11, 42), (33, 56), (41, 51), (36, 40), (40, 50), (12, 32), (45, 67), (9, 25), (17, 69), (34, 70), (66, 69), (52, 72), (1, 55), (10, 74), (70, 74), (63, 76), (65, 77), (38, 44), (11, 79), (68, 80), (16, 66), (32, 82), (63, 83), (48, 54), (23, 43), (53, 86), (32, 86), (39, 88), (53, 89), (40, 88), (32, 62), (19, 65), (61, 93), (3, 62), (93, 95), (4, 42), (40, 97), (49, 98), (80, 98), (72, 78), (0, 50), (4, 20), (68, 103), (5, 21), (43, 105), (64, 106), (54, 106), (103, 105), (59, 109), (57, 109), (2, 17), (55, 112), (46, 112), (25, 114), (76, 114), (2, 92), (10, 117), (61, 118))
((7, 15), (0, 32), (8, 33), (16, 34), (18, 26), (15, 31), (27, 37), (6, 22), (23, 31), (14, 39), (19, 27), (22, 30), (20, 28), (3, 38), (10, 26), (13, 21), (30, 41), (12, 28), (24, 35), (5, 29), (1, 34), (37, 48), (14, 47), (9, 36), (35, 37), (13, 44), (51, 57), (49, 58), (47, 59), (45, 46), (11, 42), (33, 56), (41, 51), (36, 40), (40, 50), (12, 32), (45, 67), (9, 25), (17, 69), (34, 70), (66, 69), (52, 72), (1, 55), (10, 74), (70, 74), (63, 76), (65, 77), (38, 44), (11, 79), (68, 80), (16, 66), (32, 82), (63, 83), (48, 54), (23, 43), (53, 86), (32, 86), (39, 88), (53, 89), (40, 88), (32, 62), (19, 65), (61, 93), (3, 62), (93, 95), (4, 42), (40, 97), (49, 98), (80, 98), (0, 50), (72, 78), (4, 20), (68, 103), (5, 21), (43, 105), (64, 106), (54, 106), (103, 105), (57, 109), (59, 109), (2, 17), (55, 112), (46, 112), (76, 114), (25, 114), (2, 92), (10, 117), (61, 118))
((5, 13), (7, 23), (19, 33), (3, 27), (9, 25), (15, 23), (8, 37), (16, 38), (33, 39), (7, 31), (6, 32), (18, 26), (15, 31), (0, 44), (1, 36), (40, 45), (14, 30), (42, 48), (17, 46), (4, 28), (20, 51), (12, 52), (4, 12), (17, 25), (38, 47), (2, 18), (21, 32), (6, 22), (34, 43), (55, 56), (13, 29), (14, 22), (51, 58), (10, 26), (29, 58), (49, 66), (24, 40), (11, 19), (35, 41), (60, 70), (62, 63), (67, 72), (42, 72), (53, 62), (69, 71), (28, 70), (56, 68), (23, 63), (41, 79), (44, 65), (71, 81), (52, 69), (64, 75), (49, 59), (5, 54), (66, 86), (75, 86), (37, 83), (44, 59), (24, 41), (56, 91), (45, 46), (92, 93), (3, 34), (54, 95), (57, 95), (76, 97), (36, 43), (9, 39), (2, 55), (65, 101), (50, 102), (44, 61), (48, 80), (37, 105), (89, 96), (50, 100), (94, 104), (100, 104), (57, 103), (99, 103), (77, 96), (35, 98), (81, 98), (53, 77), (79, 90), (99, 101), (90, 105))
((7, 15), (0, 32), (8, 33), (16, 34), (18, 26), (15, 31), (27, 37), (6, 22), (23, 31), (14, 39), (19, 27), (22, 30), (20, 28), (3, 38), (10, 26), (13, 21), (30, 41), (12, 28), (24, 35), (5, 29), (1, 34), (37, 48), (14, 47), (9, 36), (35, 37), (13, 44), (51, 57), (49, 58), (47, 59), (45, 46), (11, 42), (33, 56), (41, 51), (36, 40), (40, 50), (12, 32), (45, 67), (9, 25), (17, 69), (34, 70), (66, 69), (52, 72), (1, 55), (10, 74), (70, 74), (63, 76), (65, 77), (38, 44), (11, 79), (68, 80), (16, 66), (32, 82), (63, 83), (48, 54), (23, 43), (53, 86), (32, 86), (39, 88), (53, 89), (40, 88), (32, 62), (19, 65), (61, 93), (3, 62), (93, 95), (4, 42), (40, 97), (49, 98), (80, 98), (72, 78), (0, 50), (4, 20), (68, 103), (5, 21), (43, 105), (64, 106), (54, 106), (103, 105), (59, 109), (57, 109), (2, 17), (55, 112), (46, 112), (25, 114), (76, 114), (2, 92), (10, 117), (61, 118))
((7, 15), (0, 32), (8, 33), (16, 34), (18, 26), (15, 31), (27, 37), (6, 22), (23, 31), (14, 39), (19, 27), (22, 30), (20, 28), (3, 38), (10, 26), (13, 21), (30, 41), (12, 28), (24, 35), (5, 29), (1, 34), (37, 48), (14, 47), (9, 36), (35, 37), (13, 44), (51, 57), (49, 58), (47, 59), (45, 46), (11, 42), (33, 56), (41, 51), (36, 40), (40, 50), (12, 32), (45, 67), (9, 25), (17, 69), (34, 70), (66, 69), (52, 72), (1, 55), (10, 74), (70, 74), (63, 76), (65, 77), (38, 44), (11, 79), (68, 80), (16, 66), (32, 82), (63, 83), (48, 54), (23, 43), (53, 86), (32, 86), (39, 88), (53, 89), (40, 88), (32, 62), (19, 65), (61, 93), (3, 62), (93, 95), (4, 42), (40, 97), (49, 98), (80, 98), (72, 78), (0, 50), (4, 20), (68, 103), (5, 21), (43, 105), (64, 106), (54, 106), (103, 105), (59, 109), (57, 109), (2, 17), (55, 112), (46, 112), (25, 114), (76, 114), (2, 92), (10, 117), (61, 118))
((7, 15), (0, 32), (8, 33), (16, 34), (18, 26), (15, 31), (27, 37), (6, 22), (23, 31), (14, 39), (19, 27), (22, 30), (20, 28), (3, 38), (10, 26), (13, 21), (30, 41), (12, 28), (24, 35), (5, 29), (1, 34), (37, 48), (14, 47), (9, 36), (35, 37), (13, 44), (51, 57), (49, 58), (47, 59), (45, 46), (11, 42), (33, 56), (41, 51), (36, 40), (40, 50), (12, 32), (45, 67), (9, 25), (17, 69), (34, 70), (66, 69), (52, 72), (1, 55), (10, 74), (70, 74), (63, 76), (65, 77), (38, 44), (11, 79), (68, 80), (16, 66), (32, 82), (63, 83), (48, 54), (23, 43), (53, 86), (32, 86), (39, 88), (53, 89), (40, 88), (32, 62), (19, 65), (61, 93), (3, 62), (93, 95), (4, 42), (40, 97), (49, 98), (80, 98), (72, 78), (0, 50), (4, 20), (68, 103), (5, 21), (43, 105), (64, 106), (54, 106), (103, 105), (59, 109), (57, 109), (2, 17), (55, 112), (46, 112), (25, 114), (76, 114), (2, 92), (10, 117), (61, 118))
((7, 15), (0, 32), (8, 33), (16, 34), (18, 26), (15, 31), (27, 37), (6, 22), (23, 31), (19, 27), (22, 30), (20, 28), (3, 38), (10, 26), (24, 35), (9, 36), (13, 43), (36, 40), (9, 25), (2, 17), (45, 51), (4, 20), (23, 42), (40, 46), (12, 28), (35, 37), (19, 49), (11, 38), (32, 55), (16, 60), (2, 10), (33, 57), (61, 63), (50, 55), (34, 65), (1, 66), (12, 32), (49, 63), (44, 68), (53, 70), (5, 21), (53, 72), (32, 54), (40, 74), (32, 62), (42, 72), (40, 41), (4, 78), (56, 79), (5, 29), (48, 73), (1, 47), (10, 83), (14, 39), (81, 85), (77, 86), (30, 85), (37, 88), (54, 89), (48, 81), (44, 45), (58, 92), (56, 91), (73, 94), (25, 52), (39, 74), (89, 97), (11, 41), (76, 99), (92, 100), (13, 21), (14, 102), (77, 103), (88, 103), (3, 58), (99, 106), (0, 46), (43, 59), (70, 109), (79, 109), (17, 50), (34, 112), (83, 112), (94, 102), (69, 114), (65, 116), (47, 51), (52, 114))
((13, 21), (9, 25), (2, 17), (22, 30), (23, 31), (4, 20), (17, 33), (5, 29), (5, 21), (15, 31), (27, 41), (10, 26), (19, 27), (37, 40), (34, 43), (20, 28), (6, 22), (11, 44), (3, 49), (12, 28), (7, 15), (12, 52), (49, 52), (0, 52), (2, 54), (10, 56), (14, 32), (18, 26), (36, 59), (8, 55), (13, 47), (25, 46), (23, 35), (3, 42), (4, 44), (9, 59), (1, 67), (39, 62), (35, 40), (51, 69), (42, 47), (45, 62), (14, 48), (30, 74), (41, 75), (11, 72), (43, 65), (39, 74), (52, 64), (53, 65), (77, 81), (57, 78), (37, 81), (48, 80), (19, 60), (38, 61), (1, 61), (16, 61), (10, 68), (34, 67), (78, 86), (50, 86), (45, 71), (38, 68), (36, 66), (58, 70), (32, 71), (64, 76), (58, 75), (70, 79), (76, 85), (36, 80), (41, 89), (24, 89), (46, 95), (77, 96), (51, 96), (55, 104), (95, 109), (0, 105), (36, 105), (33, 112), (16, 112), (88, 113), (60, 110), (52, 114), (109, 117), (113, 116))
((7, 15), (0, 32), (8, 33), (16, 34), (12, 32), (18, 26), (15, 31), (27, 38), (6, 22), (23, 31), (14, 40), (19, 27), (22, 30), (20, 28), (3, 39), (10, 26), (13, 21), (30, 42), (12, 28), (24, 35), (5, 29), (1, 34), (38, 49), (14, 48), (9, 37), (35, 38), (13, 45), (52, 58), (50, 59), (48, 60), (46, 47), (11, 43), (33, 57), (42, 52), (3, 63), (37, 41), (41, 51), (36, 46), (9, 25), (17, 70), (34, 71), (68, 70), (53, 73), (1, 56), (10, 75), (71, 75), (64, 77), (67, 78), (39, 45), (11, 80), (69, 81), (16, 68), (32, 83), (64, 84), (49, 55), (23, 44), (54, 87), (32, 87), (40, 89), (54, 90), (41, 89), (32, 63), (19, 67), (62, 94), (66, 94), (4, 43), (41, 97), (50, 98), (81, 98), (73, 79), (0, 51), (4, 20), (69, 103), (5, 21), (44, 105), (65, 106), (55, 106), (103, 105), (60, 109), (58, 109), (2, 17), (56, 112), (47, 112), (25, 114), (77, 114), (2, 93), (10, 117), (62, 118))
((7, 15), (15, 31), (5, 21), (5, 29), (18, 26), (6, 22), (9, 25), (19, 27), (13, 21), (22, 30), (4, 20), (0, 32), (20, 28), (23, 41), (27, 33), (23, 31), (2, 17), (36, 47), (14, 37), (17, 38), (9, 36), (19, 49), (8, 43), (32, 45), (1, 54), (10, 26), (16, 54), (3, 46), (12, 32), (11, 39), (59, 60), (24, 58), (48, 57), (47, 63), (57, 59), (1, 52), (14, 40), (34, 41), (44, 46), (11, 70), (13, 44), (38, 65), (16, 65), (32, 61), (34, 42), (30, 50), (2, 75), (62, 71), (51, 67), (35, 72), (33, 58), (10, 78), (4, 39), (32, 74), (43, 82), (47, 84), (71, 87), (68, 69), (56, 73), (64, 80), (48, 52), (85, 86), (53, 66), (80, 86), (49, 95), (72, 76), (73, 96), (12, 28), (87, 99), (3, 61), (81, 99), (10, 67), (0, 63), (47, 55), (68, 77), (51, 54), (76, 102), (33, 77), (37, 55), (35, 50), (53, 101), (40, 102), (25, 64), (45, 109), (109, 110), (66, 83), (69, 111), (42, 62))
((7, 15), (0, 32), (8, 33), (16, 34), (18, 26), (15, 31), (27, 37), (6, 22), (23, 31), (14, 39), (19, 27), (22, 30), (20, 28), (3, 38), (10, 26), (13, 21), (30, 41), (12, 28), (24, 35), (5, 29), (1, 34), (37, 48), (14, 47), (9, 36), (35, 37), (13, 44), (51, 57), (49, 58), (47, 59), (45, 46), (11, 42), (33, 56), (41, 51), (36, 40), (40, 50), (12, 32), (45, 67), (9, 25), (17, 69), (34, 70), (66, 69), (52, 72), (1, 55), (10, 74), (70, 74), (63, 76), (65, 77), (38, 44), (11, 79), (68, 80), (16, 66), (32, 82), (63, 83), (48, 54), (23, 43), (53, 86), (32, 86), (39, 88), (53, 89), (40, 88), (32, 62), (19, 65), (61, 93), (3, 62), (93, 95), (4, 42), (40, 97), (49, 98), (80, 98), (72, 78), (0, 50), (4, 20), (68, 103), (5, 21), (43, 105), (64, 106), (54, 106), (103, 105), (59, 109), (57, 109), (2, 17), (55, 112), (46, 112), (25, 114), (76, 114), (2, 92), (10, 117), (61, 118))
((7, 15), (0, 32), (8, 33), (16, 34), (18, 26), (15, 31), (27, 37), (6, 22), (23, 31), (14, 39), (19, 27), (22, 30), (20, 28), (3, 38), (10, 26), (13, 21), (30, 41), (12, 28), (24, 35), (5, 29), (37, 48), (14, 47), (9, 36), (35, 37), (13, 44), (51, 56), (49, 57), (47, 58), (45, 46), (11, 42), (33, 55), (41, 51), (36, 40), (40, 50), (12, 32), (45, 66), (9, 25), (17, 68), (34, 69), (65, 68), (1, 71), (34, 72), (1, 54), (10, 74), (69, 74), (62, 76), (64, 77), (11, 38), (44, 79), (67, 80), (16, 65), (32, 82), (62, 83), (48, 53), (23, 43), (52, 86), (32, 86), (39, 88), (52, 89), (40, 88), (19, 64), (60, 92), (61, 92), (3, 94), (4, 40), (42, 96), (49, 97), (80, 97), (71, 78), (0, 50), (4, 20), (67, 102), (5, 21), (43, 104), (63, 105), (53, 105), (102, 104), (58, 108), (56, 108), (2, 17), (54, 111), (46, 111), (25, 113), (76, 113), (10, 32), (61, 116), (2, 117), (60, 118))
((7, 15), (0, 32), (8, 33), (16, 34), (18, 26), (15, 31), (35, 37), (27, 37), (6, 22), (23, 31), (14, 40), (19, 27), (22, 30), (20, 28), (3, 39), (10, 26), (13, 21), (30, 42), (12, 28), (24, 35), (0, 51), (5, 29), (42, 53), (1, 34), (37, 49), (14, 48), (49, 57), (9, 36), (13, 45), (53, 60), (50, 61), (48, 62), (46, 47), (11, 43), (33, 38), (36, 41), (41, 51), (12, 32), (46, 69), (9, 25), (17, 71), (34, 72), (68, 71), (55, 74), (1, 59), (10, 76), (72, 76), (66, 78), (67, 79), (39, 45), (11, 81), (70, 82), (16, 68), (32, 84), (66, 85), (23, 44), (56, 87), (32, 87), (40, 89), (41, 89), (56, 90), (32, 65), (19, 67), (64, 94), (3, 65), (94, 96), (4, 43), (41, 98), (50, 99), (82, 99), (74, 80), (4, 20), (70, 103), (5, 21), (44, 105), (54, 106), (57, 106), (103, 105), (60, 109), (62, 109), (2, 17), (59, 112), (47, 112), (25, 114), (78, 114), (2, 93), (10, 117), (64, 118))
((10, 26), (20, 28), (7, 15), (15, 31), (4, 20), (22, 30), (5, 29), (23, 37), (5, 21), (18, 26), (36, 40), (13, 21), (12, 34), (34, 39), (13, 33), (23, 31), (0, 34), (19, 27), (37, 40), (6, 22), (9, 25), (27, 35), (2, 17), (14, 43), (38, 46), (33, 53), (11, 49), (41, 47), (17, 52), (14, 51), (12, 28), (30, 61), (38, 61), (50, 64), (50, 55), (4, 49), (34, 58), (3, 58), (32, 54), (9, 41), (54, 71), (11, 57), (45, 47), (55, 63), (1, 71), (19, 59), (47, 67), (69, 77), (45, 51), (3, 53), (35, 63), (10, 76), (39, 82), (73, 78), (32, 81), (77, 86), (25, 70), (44, 81), (2, 68), (42, 46), (8, 48), (60, 76), (73, 89), (56, 62), (10, 90), (86, 96), (1, 92), (62, 78), (16, 92), (24, 100), (0, 101), (47, 101), (36, 89), (35, 100), (70, 93), (48, 105), (80, 82), (60, 92), (52, 103), (42, 95), (43, 95), (16, 103), (34, 113), (98, 110), (93, 107), (59, 116), (107, 114), (110, 117))
((7, 15), (0, 32), (8, 33), (16, 34), (18, 26), (15, 31), (35, 37), (27, 37), (6, 22), (23, 31), (14, 40), (19, 27), (22, 30), (20, 28), (3, 39), (10, 26), (13, 21), (30, 42), (12, 28), (24, 35), (0, 51), (5, 29), (42, 53), (1, 34), (37, 49), (14, 48), (49, 57), (9, 36), (13, 45), (53, 60), (50, 61), (48, 62), (46, 47), (11, 43), (33, 38), (36, 41), (41, 51), (12, 32), (46, 69), (9, 25), (17, 71), (34, 72), (68, 71), (55, 74), (1, 59), (10, 76), (72, 76), (66, 78), (67, 79), (74, 80), (39, 45), (11, 82), (70, 83), (16, 68), (32, 85), (66, 86), (23, 44), (56, 88), (32, 88), (41, 90), (40, 90), (56, 92), (32, 65), (19, 67), (64, 95), (3, 65), (95, 97), (4, 43), (41, 99), (83, 100), (50, 100), (4, 20), (70, 103), (5, 21), (44, 105), (57, 106), (54, 106), (103, 105), (62, 109), (60, 109), (2, 17), (59, 112), (47, 112), (25, 114), (78, 114), (2, 94), (10, 117), (64, 118))
((5, 21), (15, 31), (23, 31), (9, 25), (19, 34), (1, 25), (3, 27), (16, 34), (4, 28), (29, 40), (12, 40), (33, 38), (24, 39), (17, 44), (22, 30), (2, 10), (6, 14), (10, 26), (7, 33), (23, 50), (1, 17), (5, 13), (8, 24), (33, 54), (13, 29), (6, 22), (4, 20), (0, 34), (51, 54), (39, 60), (12, 43), (18, 37), (47, 63), (18, 26), (14, 53), (46, 66), (27, 36), (11, 68), (3, 69), (34, 70), (51, 71), (7, 48), (32, 67), (48, 74), (52, 64), (51, 69), (37, 55), (59, 61), (35, 45), (56, 57), (36, 65), (65, 76), (32, 41), (33, 44), (0, 85), (62, 70), (79, 80), (54, 59), (66, 81), (78, 88), (47, 77), (56, 84), (42, 68), (71, 82), (51, 73), (74, 81), (45, 78), (58, 72), (87, 99), (94, 99), (35, 49), (63, 102), (76, 102), (20, 42), (87, 105), (84, 105), (43, 49), (92, 108), (82, 108), (53, 58), (41, 111), (107, 111), (46, 50), (60, 86), (52, 80), (34, 57), (73, 117), (114, 117))
((7, 15), (7, 23), (16, 33), (0, 34), (32, 35), (0, 8), (3, 11), (2, 18), (24, 36), (4, 20), (23, 31), (37, 42), (17, 25), (32, 38), (28, 45), (13, 21), (22, 30), (1, 9), (10, 49), (18, 26), (5, 29), (12, 27), (13, 29), (41, 54), (12, 20), (50, 51), (4, 28), (46, 56), (19, 42), (36, 37), (5, 58), (33, 39), (3, 19), (34, 43), (2, 10), (33, 64), (27, 64), (38, 63), (51, 60), (69, 70), (9, 25), (39, 72), (50, 73), (21, 56), (52, 75), (55, 75), (33, 40), (37, 78), (65, 78), (72, 80), (41, 67), (6, 47), (48, 83), (66, 68), (45, 85), (69, 86), (26, 44), (73, 88), (66, 88), (31, 48), (32, 91), (6, 14), (15, 93), (55, 62), (24, 43), (47, 62), (46, 82), (11, 68), (70, 99), (22, 52), (93, 101), (14, 30), (33, 103), (94, 104), (1, 61), (44, 106), (35, 107), (81, 108), (49, 108), (81, 106), (42, 94), (91, 104), (54, 103), (83, 114), (101, 114), (53, 60), (58, 117), (82, 117))
((0, 24), (15, 31), (32, 33), (2, 10), (26, 35), (18, 36), (7, 31), (15, 23), (11, 27), (33, 40), (35, 41), (10, 18), (5, 13), (3, 40), (11, 19), (39, 46), (30, 44), (17, 25), (14, 22), (9, 25), (43, 51), (38, 42), (16, 39), (8, 54), (1, 55), (12, 28), (6, 22), (4, 12), (3, 38), (37, 39), (23, 50), (5, 21), (57, 63), (58, 63), (48, 65), (20, 28), (8, 34), (39, 68), (17, 38), (32, 70), (1, 9), (2, 72), (52, 73), (41, 57), (43, 47), (45, 76), (21, 29), (14, 78), (65, 79), (49, 56), (36, 49), (60, 61), (76, 83), (53, 83), (33, 58), (62, 86), (32, 54), (13, 59), (78, 89), (64, 89), (19, 53), (29, 67), (44, 93), (64, 93), (4, 47), (67, 96), (75, 96), (71, 72), (52, 82), (38, 62), (48, 50), (37, 73), (0, 68), (51, 104), (56, 105), (71, 105), (16, 104), (38, 108), (34, 109), (20, 27), (60, 111), (75, 112), (59, 112), (6, 30), (79, 115), (7, 115), (86, 117), (39, 117))
((15, 31), (4, 20), (12, 28), (18, 26), (19, 27), (5, 29), (2, 17), (9, 35), (9, 25), (22, 30), (1, 39), (6, 22), (7, 15), (0, 44), (27, 32), (23, 31), (13, 21), (10, 26), (23, 41), (5, 21), (38, 49), (33, 51), (11, 36), (12, 44), (17, 40), (25, 52), (35, 47), (19, 58), (3, 46), (42, 56), (10, 42), (20, 28), (46, 63), (13, 63), (14, 43), (38, 39), (14, 48), (3, 54), (30, 66), (4, 36), (44, 54), (11, 64), (68, 70), (44, 50), (41, 51), (32, 70), (47, 75), (43, 75), (47, 71), (2, 72), (37, 65), (59, 69), (37, 66), (68, 76), (34, 82), (48, 86), (8, 45), (50, 77), (56, 88), (16, 88), (10, 81), (49, 60), (53, 65), (34, 80), (1, 88), (24, 91), (52, 61), (53, 86), (76, 84), (32, 91), (47, 97), (0, 97), (16, 102), (55, 60), (44, 104), (59, 93), (73, 80), (45, 101), (92, 93), (40, 102), (73, 105), (96, 111), (77, 79), (61, 109), (33, 105), (58, 115), (106, 109), (111, 117))
((7, 15), (10, 32), (2, 33), (0, 32), (8, 35), (16, 36), (18, 26), (15, 31), (27, 39), (11, 40), (6, 22), (23, 31), (4, 43), (14, 42), (19, 27), (22, 30), (20, 28), (3, 40), (32, 49), (10, 26), (13, 21), (30, 45), (12, 28), (24, 37), (5, 29), (39, 53), (14, 52), (9, 38), (37, 39), (13, 48), (56, 61), (54, 62), (52, 63), (49, 51), (11, 46), (35, 60), (45, 56), (38, 43), (43, 55), (16, 70), (12, 50), (9, 25), (17, 73), (36, 74), (70, 73), (1, 76), (36, 77), (1, 59), (10, 79), (74, 79), (69, 81), (67, 82), (41, 48), (72, 84), (32, 71), (67, 86), (53, 58), (23, 47), (57, 89), (32, 89), (42, 91), (57, 92), (43, 91), (19, 69), (66, 95), (65, 95), (3, 96), (44, 46), (54, 99), (84, 99), (76, 83), (0, 55), (4, 20), (72, 104), (5, 21), (47, 106), (68, 107), (58, 107), (104, 106), (63, 110), (61, 110), (2, 17), (59, 113), (51, 113), (25, 115), (81, 115), (34, 66), (65, 118))
((7, 15), (0, 32), (8, 33), (16, 34), (18, 26), (15, 31), (27, 37), (6, 22), (23, 31), (14, 39), (19, 27), (22, 30), (20, 28), (3, 38), (10, 26), (13, 21), (30, 41), (12, 28), (24, 35), (5, 29), (1, 34), (37, 48), (14, 47), (9, 36), (35, 37), (13, 44), (51, 57), (49, 58), (45, 46), (11, 42), (33, 56), (36, 40), (40, 50), (12, 32), (45, 65), (9, 25), (17, 67), (1, 55), (68, 69), (38, 44), (16, 64), (48, 54), (23, 43), (32, 74), (39, 75), (53, 76), (32, 61), (4, 42), (40, 79), (4, 20), (66, 81), (5, 21), (81, 83), (57, 84), (2, 17), (55, 86), (46, 86), (2, 78), (32, 72), (64, 67), (52, 91), (43, 83), (54, 93), (59, 84), (62, 90), (11, 71), (53, 74), (25, 88), (0, 50), (49, 80), (10, 69), (63, 70), (62, 103), (91, 104), (19, 63), (60, 106), (61, 106), (66, 97), (41, 51), (93, 110), (10, 89), (60, 112), (47, 59), (34, 68), (70, 88), (80, 97), (40, 75), (3, 108))
((7, 15), (0, 32), (8, 33), (16, 34), (18, 26), (15, 31), (27, 37), (6, 22), (23, 31), (14, 39), (19, 27), (22, 30), (20, 28), (3, 38), (10, 26), (13, 21), (30, 41), (12, 28), (24, 35), (5, 29), (1, 34), (37, 48), (14, 47), (9, 36), (35, 37), (13, 44), (51, 57), (49, 58), (47, 59), (45, 46), (11, 42), (33, 56), (41, 51), (36, 40), (40, 50), (12, 32), (45, 67), (9, 25), (17, 69), (34, 70), (66, 69), (52, 72), (1, 55), (10, 74), (70, 74), (63, 76), (65, 77), (38, 44), (11, 79), (68, 80), (16, 66), (32, 82), (63, 83), (48, 54), (23, 43), (53, 86), (32, 86), (39, 88), (53, 89), (40, 88), (32, 62), (19, 65), (61, 93), (3, 62), (93, 95), (4, 42), (40, 97), (49, 98), (80, 98), (72, 78), (0, 50), (4, 20), (68, 103), (5, 21), (43, 105), (64, 106), (54, 106), (103, 105), (59, 109), (57, 109), (2, 17), (55, 112), (46, 112), (25, 114), (76, 114), (2, 92), (10, 117), (61, 118))
((7, 15), (2, 17), (4, 20), (15, 31), (23, 31), (9, 25), (10, 26), (18, 26), (19, 27), (20, 28), (12, 28), (5, 29), (22, 30), (6, 22), (5, 21), (13, 21), (0, 32), (12, 32), (27, 35), (17, 37), (33, 38), (9, 39), (36, 39), (4, 40), (11, 40), (13, 41), (23, 44), (14, 45), (44, 46), (34, 46), (14, 47), (8, 48), (41, 50), (3, 50), (25, 52), (33, 53), (1, 53), (19, 54), (36, 55), (3, 56), (32, 56), (43, 57), (32, 58), (30, 59), (43, 59), (57, 61), (60, 62), (51, 63), (1, 63), (16, 63), (11, 64), (38, 65), (49, 65), (10, 68), (51, 68), (42, 70), (69, 71), (2, 72), (42, 73), (36, 74), (45, 74), (62, 75), (35, 75), (60, 76), (35, 81), (24, 81), (70, 82), (69, 83), (82, 84), (34, 84), (52, 86), (10, 89), (61, 90), (47, 90), (58, 94), (92, 94), (48, 96), (0, 97), (36, 97), (83, 103), (86, 108), (37, 110), (16, 110), (54, 112), (80, 113), (32, 114), (113, 115), (108, 117))
((7, 15), (18, 26), (15, 31), (6, 22), (23, 31), (19, 27), (22, 30), (20, 28), (10, 26), (13, 21), (12, 28), (5, 29), (9, 25), (4, 20), (5, 21), (2, 17), (0, 32), (27, 34), (14, 35), (14, 41), (9, 33), (13, 39), (11, 37), (33, 36), (12, 32), (17, 44), (23, 38), (4, 37), (38, 46), (45, 46), (40, 47), (8, 48), (3, 49), (30, 50), (43, 53), (43, 50), (1, 52), (39, 49), (32, 58), (32, 54), (19, 55), (3, 54), (36, 59), (51, 60), (53, 61), (47, 52), (25, 62), (16, 63), (1, 63), (34, 65), (42, 66), (40, 64), (56, 64), (57, 63), (10, 68), (57, 68), (11, 69), (51, 65), (35, 70), (36, 70), (72, 73), (42, 74), (60, 67), (2, 71), (24, 79), (34, 79), (41, 82), (84, 88), (58, 81), (81, 90), (72, 83), (74, 88), (45, 84), (61, 82), (62, 87), (10, 95), (48, 97), (36, 96), (0, 96), (83, 107), (44, 109), (87, 108), (16, 109), (80, 112), (55, 113), (32, 114), (108, 117), (112, 116))
((7, 15), (0, 32), (8, 33), (16, 34), (18, 26), (15, 31), (27, 37), (6, 22), (23, 31), (14, 39), (19, 27), (22, 30), (20, 28), (3, 38), (10, 26), (13, 21), (30, 41), (12, 28), (24, 35), (5, 29), (9, 36), (35, 37), (13, 44), (51, 54), (11, 42), (33, 53), (36, 40), (40, 50), (12, 32), (9, 25), (17, 61), (59, 61), (1, 52), (62, 64), (38, 44), (11, 66), (23, 43), (32, 68), (19, 58), (4, 42), (40, 71), (4, 20), (5, 21), (43, 74), (2, 17), (46, 76), (45, 46), (2, 32), (49, 55), (58, 65), (14, 47), (73, 74), (45, 60), (10, 79), (3, 56), (37, 48), (16, 32), (34, 63), (41, 51), (56, 85), (57, 81), (40, 69), (34, 62), (39, 69), (87, 95), (0, 50), (68, 87), (10, 64), (70, 86), (67, 72), (54, 83), (52, 76), (59, 88), (57, 104), (47, 80), (1, 89), (65, 77), (48, 82), (63, 92), (75, 90), (70, 78), (49, 72), (80, 83), (25, 77), (78, 91), (67, 84), (75, 82), (73, 84))
((7, 15), (0, 32), (8, 33), (18, 26), (9, 25), (16, 34), (20, 28), (15, 31), (9, 35), (23, 31), (17, 36), (35, 41), (13, 38), (37, 39), (19, 27), (5, 21), (27, 39), (11, 46), (12, 28), (5, 29), (12, 32), (1, 40), (4, 46), (44, 51), (22, 30), (33, 45), (32, 49), (42, 53), (6, 22), (14, 60), (3, 48), (2, 58), (10, 26), (52, 62), (47, 56), (30, 61), (19, 43), (39, 67), (24, 37), (2, 17), (23, 56), (41, 70), (50, 55), (1, 34), (10, 53), (13, 21), (32, 72), (38, 48), (4, 20), (16, 73), (3, 49), (10, 63), (36, 73), (60, 78), (47, 80), (69, 72), (11, 79), (62, 64), (74, 86), (34, 42), (57, 59), (44, 86), (14, 77), (43, 92), (75, 84), (32, 81), (64, 71), (66, 94), (41, 54), (40, 71), (67, 94), (65, 88), (0, 70), (51, 61), (74, 77), (68, 89), (88, 100), (57, 97), (69, 85), (83, 89), (25, 98), (50, 100), (68, 82), (66, 105), (41, 78), (59, 98), (84, 95), (65, 80))
((7, 15), (0, 32), (8, 33), (16, 34), (18, 26), (15, 31), (27, 37), (6, 22), (23, 31), (14, 39), (19, 27), (22, 30), (20, 28), (3, 38), (10, 26), (13, 21), (30, 41), (12, 28), (24, 35), (5, 29), (37, 48), (14, 47), (9, 36), (35, 37), (13, 44), (45, 46), (11, 42), (33, 55), (36, 40), (40, 50), (12, 32), (45, 62), (9, 25), (17, 64), (1, 54), (65, 66), (38, 44), (11, 68), (23, 43), (32, 70), (19, 60), (4, 42), (40, 73), (4, 20), (5, 21), (43, 76), (2, 17), (75, 76), (61, 64), (69, 74), (57, 72), (34, 65), (46, 78), (41, 51), (2, 10), (48, 53), (54, 78), (25, 84), (58, 72), (3, 90), (32, 61), (58, 86), (39, 71), (52, 94), (51, 56), (49, 96), (79, 97), (63, 75), (63, 69), (49, 74), (56, 79), (16, 92), (59, 103), (60, 67), (52, 70), (40, 71), (10, 66), (53, 77), (67, 84), (47, 97), (0, 50), (32, 93), (57, 113), (77, 85), (59, 105), (80, 116), (34, 80), (1, 118))
((7, 15), (0, 32), (8, 33), (16, 34), (18, 26), (15, 31), (27, 37), (6, 22), (23, 31), (14, 39), (19, 27), (22, 30), (20, 28), (3, 38), (10, 26), (13, 21), (30, 41), (12, 28), (24, 35), (5, 29), (1, 34), (37, 48), (14, 47), (9, 36), (35, 37), (13, 44), (51, 57), (49, 58), (47, 59), (45, 46), (11, 42), (33, 56), (41, 51), (36, 40), (40, 50), (12, 32), (45, 67), (9, 25), (17, 69), (34, 70), (66, 69), (52, 72), (1, 55), (10, 74), (70, 74), (63, 76), (65, 77), (38, 44), (11, 79), (68, 80), (16, 66), (32, 82), (63, 83), (48, 54), (23, 43), (53, 86), (32, 86), (39, 88), (53, 89), (40, 88), (32, 62), (19, 65), (61, 93), (3, 62), (93, 95), (4, 42), (40, 97), (49, 98), (80, 98), (72, 78), (0, 50), (4, 20), (68, 103), (5, 21), (43, 105), (64, 106), (54, 106), (103, 105), (59, 109), (57, 109), (2, 17), (55, 112), (46, 112), (25, 114), (76, 114), (2, 92), (10, 117), (61, 118))
((20, 27), (1, 9), (14, 22), (17, 25), (10, 18), (11, 27), (3, 37), (2, 33), (5, 21), (11, 19), (15, 23), (16, 42), (4, 12), (0, 24), (43, 45), (21, 29), (13, 44), (47, 48), (7, 31), (23, 34), (50, 51), (9, 25), (36, 53), (39, 54), (1, 8), (3, 50), (43, 56), (35, 58), (32, 57), (44, 60), (6, 22), (20, 28), (5, 13), (29, 63), (64, 65), (30, 64), (34, 67), (6, 30), (40, 62), (67, 70), (14, 47), (69, 72), (70, 72), (7, 69), (42, 75), (2, 10), (17, 50), (45, 78), (33, 79), (26, 77), (35, 81), (54, 82), (18, 81), (39, 84), (12, 28), (40, 86), (65, 87), (48, 87), (42, 84), (57, 90), (41, 42), (36, 92), (38, 93), (91, 93), (4, 92), (63, 96), (15, 31), (62, 98), (75, 99), (51, 99), (37, 98), (77, 102), (86, 102), (60, 104), (96, 104), (50, 103), (19, 107), (91, 107), (45, 98), (8, 110), (42, 111), (0, 111), (53, 113), (79, 114), (58, 114), (16, 113), (50, 117), (110, 118))
((7, 15), (0, 32), (7, 31), (3, 34), (4, 12), (13, 21), (0, 24), (15, 23), (6, 30), (31, 40), (27, 35), (5, 37), (9, 25), (14, 37), (1, 25), (3, 11), (32, 42), (27, 47), (11, 19), (39, 50), (20, 36), (16, 38), (5, 36), (29, 43), (39, 53), (14, 30), (6, 22), (45, 58), (55, 59), (8, 33), (33, 56), (17, 61), (2, 26), (34, 38), (9, 65), (28, 52), (10, 26), (2, 46), (10, 18), (69, 70), (51, 70), (44, 71), (64, 73), (44, 63), (42, 52), (53, 61), (39, 41), (38, 62), (46, 79), (63, 80), (57, 59), (34, 78), (49, 72), (1, 17), (66, 85), (68, 85), (69, 87), (32, 58), (41, 89), (13, 29), (67, 91), (48, 68), (19, 93), (72, 94), (47, 48), (54, 55), (66, 80), (12, 51), (67, 99), (4, 28), (43, 101), (92, 102), (96, 101), (99, 104), (76, 104), (35, 50), (64, 107), (93, 108), (57, 78), (89, 110), (54, 92), (73, 87), (40, 91), (45, 114), (60, 114), (32, 65), (77, 117), (62, 118))
((7, 15), (0, 32), (8, 33), (10, 26), (1, 34), (6, 22), (16, 34), (14, 37), (24, 38), (0, 40), (20, 28), (13, 42), (2, 17), (35, 44), (25, 45), (22, 30), (23, 47), (32, 48), (37, 49), (15, 31), (38, 51), (33, 52), (5, 21), (47, 54), (19, 27), (4, 56), (27, 51), (42, 58), (12, 32), (23, 31), (49, 61), (5, 29), (39, 63), (43, 63), (55, 64), (57, 61), (12, 28), (67, 68), (65, 68), (13, 21), (70, 71), (14, 71), (55, 73), (30, 39), (73, 75), (51, 75), (48, 77), (50, 77), (9, 25), (17, 80), (34, 81), (18, 26), (9, 83), (44, 84), (40, 61), (80, 86), (36, 87), (16, 86), (11, 59), (67, 90), (4, 20), (54, 92), (43, 93), (70, 93), (11, 56), (3, 96), (32, 96), (2, 98), (10, 99), (1, 84), (10, 101), (81, 101), (45, 103), (61, 83), (19, 105), (97, 106), (53, 103), (105, 108), (87, 109), (32, 89), (53, 111), (3, 58), (35, 113), (100, 114), (106, 114), (60, 113), (90, 117), (92, 117))
((7, 15), (0, 32), (8, 33), (16, 34), (18, 26), (15, 31), (27, 37), (6, 22), (23, 31), (14, 39), (19, 27), (22, 30), (20, 28), (3, 38), (10, 26), (13, 21), (30, 41), (12, 28), (24, 35), (5, 29), (1, 34), (37, 48), (14, 47), (9, 36), (35, 37), (13, 44), (51, 57), (49, 58), (45, 46), (11, 42), (33, 56), (41, 51), (36, 40), (40, 50), (12, 32), (45, 66), (9, 25), (17, 68), (34, 69), (65, 68), (52, 71), (1, 55), (10, 73), (69, 73), (62, 75), (64, 76), (38, 44), (11, 78), (67, 79), (16, 65), (32, 81), (62, 82), (48, 54), (23, 43), (53, 85), (32, 85), (39, 87), (53, 88), (40, 87), (32, 61), (19, 64), (60, 92), (3, 61), (92, 94), (4, 42), (40, 96), (49, 97), (79, 97), (71, 77), (0, 50), (4, 20), (67, 102), (5, 21), (43, 104), (63, 105), (54, 105), (102, 104), (59, 108), (57, 108), (2, 17), (55, 111), (46, 111), (25, 113), (75, 113), (2, 91), (10, 116), (47, 59), (60, 117))
((7, 15), (0, 32), (8, 33), (16, 34), (18, 26), (15, 31), (27, 37), (6, 22), (23, 31), (14, 39), (19, 27), (22, 30), (20, 28), (3, 38), (10, 26), (13, 21), (30, 41), (12, 28), (24, 35), (5, 29), (1, 34), (37, 48), (14, 47), (9, 36), (35, 37), (13, 44), (51, 57), (49, 58), (47, 59), (45, 46), (11, 42), (33, 56), (41, 51), (36, 40), (40, 50), (12, 32), (45, 67), (9, 25), (17, 69), (34, 70), (66, 69), (52, 72), (1, 55), (10, 74), (70, 74), (63, 76), (65, 77), (38, 44), (11, 79), (68, 80), (16, 66), (32, 82), (63, 83), (48, 54), (23, 43), (53, 86), (32, 86), (39, 88), (53, 89), (40, 88), (32, 62), (19, 65), (61, 93), (3, 62), (93, 95), (4, 42), (40, 97), (49, 98), (80, 98), (72, 78), (0, 50), (4, 20), (68, 103), (5, 21), (43, 105), (64, 106), (54, 106), (103, 105), (59, 109), (57, 109), (2, 17), (55, 112), (46, 112), (25, 114), (76, 114), (2, 92), (10, 117), (61, 118))
((23, 31), (27, 32), (15, 23), (2, 18), (17, 35), (11, 33), (12, 28), (20, 38), (7, 31), (9, 36), (1, 41), (0, 24), (21, 29), (32, 43), (14, 44), (19, 33), (20, 47), (16, 34), (8, 49), (10, 19), (6, 30), (4, 28), (34, 37), (53, 54), (18, 54), (51, 56), (35, 40), (42, 58), (13, 53), (18, 26), (57, 58), (13, 29), (10, 36), (4, 39), (31, 52), (26, 41), (47, 58), (48, 55), (6, 22), (32, 70), (38, 44), (0, 50), (45, 73), (40, 74), (60, 72), (43, 59), (14, 22), (15, 78), (71, 79), (61, 64), (42, 81), (25, 81), (8, 45), (5, 21), (60, 85), (65, 86), (72, 87), (63, 87), (70, 85), (43, 49), (46, 90), (34, 40), (73, 93), (79, 93), (66, 93), (71, 96), (1, 25), (17, 98), (64, 99), (50, 99), (16, 98), (74, 102), (77, 103), (3, 37), (61, 105), (68, 106), (27, 105), (57, 108), (93, 108), (39, 110), (55, 111), (48, 65), (46, 52), (63, 114), (78, 115), (90, 115), (9, 103), (50, 118))
((7, 15), (0, 32), (8, 33), (16, 34), (18, 26), (15, 31), (27, 37), (6, 22), (23, 31), (14, 39), (19, 27), (22, 30), (20, 28), (3, 38), (10, 26), (13, 21), (30, 41), (12, 28), (24, 35), (5, 29), (1, 34), (37, 48), (14, 47), (9, 36), (35, 37), (13, 44), (51, 57), (49, 58), (47, 59), (45, 46), (11, 42), (33, 56), (41, 51), (36, 40), (40, 50), (12, 32), (45, 67), (9, 25), (17, 69), (34, 70), (66, 69), (52, 72), (1, 55), (10, 74), (70, 74), (63, 76), (65, 77), (38, 44), (11, 79), (68, 80), (16, 66), (32, 82), (63, 83), (48, 54), (23, 43), (53, 86), (32, 86), (39, 88), (53, 89), (40, 88), (32, 62), (19, 65), (61, 93), (3, 62), (93, 95), (4, 42), (40, 97), (49, 98), (80, 98), (72, 78), (0, 50), (4, 20), (68, 103), (5, 21), (2, 92), (10, 106), (61, 107), (103, 105), (59, 109), (57, 109), (2, 17), (55, 112), (46, 112), (25, 114), (76, 114), (43, 105), (54, 117), (64, 117))
((7, 31), (14, 30), (3, 19), (7, 23), (3, 11), (0, 8), (35, 37), (24, 38), (15, 23), (0, 40), (14, 22), (1, 25), (10, 18), (15, 42), (4, 28), (26, 43), (44, 47), (32, 39), (41, 49), (5, 13), (6, 33), (6, 51), (4, 20), (16, 32), (43, 50), (12, 28), (21, 29), (37, 55), (35, 36), (32, 45), (33, 61), (13, 29), (42, 63), (52, 58), (53, 64), (2, 26), (48, 67), (20, 40), (60, 69), (64, 65), (22, 52), (27, 32), (34, 46), (35, 74), (70, 75), (21, 46), (51, 77), (38, 40), (17, 39), (59, 80), (57, 70), (9, 25), (48, 83), (17, 83), (79, 85), (67, 73), (57, 63), (77, 88), (27, 34), (11, 87), (90, 91), (40, 61), (56, 81), (54, 78), (88, 95), (58, 95), (3, 12), (73, 98), (75, 99), (54, 99), (56, 86), (35, 72), (62, 103), (45, 103), (53, 72), (1, 85), (81, 107), (2, 18), (107, 109), (84, 110), (47, 110), (60, 109), (87, 113), (50, 55), (38, 115), (40, 44), (90, 117), (113, 118))
((15, 31), (5, 13), (1, 17), (27, 32), (9, 34), (23, 31), (16, 37), (24, 38), (25, 36), (6, 30), (29, 33), (21, 42), (4, 28), (19, 27), (17, 39), (2, 18), (7, 23), (8, 48), (23, 41), (32, 39), (49, 51), (0, 51), (38, 52), (36, 49), (3, 11), (53, 54), (40, 46), (6, 22), (5, 21), (22, 33), (2, 26), (41, 60), (34, 62), (1, 25), (10, 65), (47, 66), (40, 67), (64, 68), (64, 66), (14, 30), (61, 71), (32, 71), (50, 73), (43, 72), (63, 75), (59, 75), (54, 65), (48, 78), (46, 79), (61, 63), (47, 48), (20, 37), (45, 83), (20, 28), (42, 85), (12, 85), (4, 87), (84, 88), (60, 88), (7, 15), (50, 91), (56, 91), (87, 93), (51, 91), (57, 95), (55, 96), (11, 35), (44, 98), (84, 99), (94, 99), (35, 93), (62, 102), (45, 103), (82, 103), (98, 104), (79, 97), (29, 44), (43, 108), (90, 108), (10, 26), (68, 111), (106, 111), (82, 113), (56, 113), (86, 90), (59, 92), (37, 117), (73, 117))
((18, 26), (15, 31), (19, 27), (27, 33), (23, 31), (22, 30), (20, 28), (12, 28), (3, 35), (23, 37), (9, 32), (1, 42), (9, 25), (17, 44), (43, 45), (4, 34), (36, 47), (39, 48), (4, 20), (2, 17), (5, 29), (10, 26), (40, 53), (5, 21), (35, 38), (37, 55), (42, 51), (50, 55), (51, 53), (25, 60), (10, 43), (46, 60), (6, 22), (14, 64), (30, 65), (33, 66), (11, 34), (3, 68), (11, 56), (48, 70), (41, 67), (52, 65), (57, 73), (7, 15), (41, 75), (36, 76), (12, 75), (68, 75), (0, 75), (40, 78), (2, 79), (70, 81), (10, 82), (54, 84), (50, 81), (64, 76), (67, 87), (13, 21), (14, 89), (57, 90), (66, 90), (32, 36), (19, 93), (54, 94), (69, 94), (13, 38), (52, 97), (39, 98), (59, 99), (89, 99), (59, 97), (8, 80), (16, 103), (24, 104), (0, 105), (33, 104), (80, 107), (46, 108), (93, 109), (36, 105), (16, 111), (75, 112), (108, 113), (1, 103), (45, 103), (44, 111), (115, 117), (110, 117))
((7, 15), (0, 32), (8, 33), (16, 34), (18, 26), (15, 31), (27, 37), (6, 22), (23, 31), (14, 39), (19, 27), (22, 30), (20, 28), (3, 38), (10, 26), (13, 21), (30, 41), (12, 28), (24, 35), (5, 29), (1, 34), (37, 48), (14, 47), (9, 36), (35, 37), (13, 44), (51, 57), (49, 58), (47, 59), (45, 46), (11, 42), (33, 56), (41, 51), (36, 40), (40, 50), (12, 32), (45, 67), (9, 25), (17, 69), (34, 70), (66, 69), (52, 72), (1, 55), (10, 74), (70, 74), (63, 76), (65, 77), (38, 44), (11, 79), (68, 80), (16, 66), (32, 82), (63, 83), (0, 50), (72, 78), (48, 54), (5, 21), (3, 62), (4, 20), (68, 90), (32, 62), (2, 10), (92, 93), (61, 94), (23, 43), (53, 96), (4, 42), (88, 90), (59, 99), (57, 99), (32, 96), (40, 102), (39, 102), (53, 104), (2, 17), (55, 106), (46, 106), (25, 108), (76, 108), (40, 98), (80, 111), (49, 111), (19, 65), (61, 114), (89, 114), (43, 88), (54, 117), (64, 117))
((7, 15), (0, 32), (8, 33), (16, 34), (18, 26), (15, 31), (27, 37), (6, 22), (23, 31), (14, 39), (19, 27), (22, 30), (20, 28), (3, 38), (10, 26), (13, 21), (30, 41), (12, 28), (24, 35), (5, 29), (1, 34), (37, 48), (14, 47), (9, 36), (35, 37), (13, 44), (51, 57), (49, 58), (47, 59), (45, 46), (11, 42), (33, 56), (41, 51), (36, 40), (40, 50), (12, 32), (45, 67), (9, 25), (17, 69), (34, 70), (66, 69), (52, 72), (1, 55), (10, 74), (70, 74), (63, 76), (65, 77), (38, 44), (11, 79), (68, 80), (16, 66), (32, 82), (63, 83), (48, 54), (23, 43), (53, 86), (32, 86), (39, 88), (53, 89), (40, 88), (32, 62), (19, 65), (61, 93), (3, 62), (93, 95), (4, 42), (40, 97), (49, 98), (80, 98), (72, 78), (0, 50), (4, 20), (68, 103), (5, 21), (43, 105), (64, 106), (54, 106), (103, 105), (59, 109), (57, 109), (2, 17), (55, 112), (46, 112), (25, 114), (76, 114), (2, 92), (10, 117), (61, 118))
((7, 15), (0, 32), (8, 33), (16, 34), (18, 26), (15, 31), (27, 37), (6, 22), (23, 31), (14, 39), (19, 27), (22, 30), (20, 28), (3, 38), (10, 26), (13, 21), (30, 41), (12, 28), (24, 35), (5, 29), (1, 34), (37, 48), (14, 47), (9, 36), (35, 37), (13, 44), (51, 57), (49, 58), (47, 59), (45, 46), (11, 42), (33, 56), (41, 51), (36, 40), (40, 50), (12, 32), (45, 67), (9, 25), (17, 69), (34, 70), (66, 69), (52, 72), (1, 55), (10, 74), (70, 74), (63, 76), (65, 77), (11, 44), (38, 79), (68, 80), (16, 66), (32, 82), (63, 83), (48, 54), (23, 43), (53, 86), (32, 86), (39, 88), (53, 89), (40, 88), (32, 62), (19, 65), (61, 93), (3, 62), (93, 95), (4, 42), (40, 97), (49, 98), (80, 98), (72, 78), (0, 50), (4, 20), (68, 103), (5, 21), (43, 105), (64, 106), (54, 106), (103, 105), (59, 109), (57, 109), (2, 17), (55, 112), (46, 112), (25, 114), (76, 114), (2, 92), (10, 117), (61, 118))
((7, 15), (0, 32), (8, 33), (16, 34), (18, 26), (15, 31), (35, 37), (27, 37), (6, 22), (23, 31), (14, 40), (19, 27), (22, 30), (20, 28), (3, 39), (10, 26), (13, 21), (30, 42), (12, 28), (24, 35), (0, 51), (5, 29), (42, 53), (1, 34), (37, 49), (14, 48), (49, 57), (9, 36), (13, 45), (53, 60), (50, 61), (48, 62), (46, 47), (11, 43), (33, 38), (36, 41), (41, 51), (12, 32), (46, 69), (9, 25), (17, 71), (34, 72), (68, 71), (55, 74), (1, 59), (10, 76), (72, 76), (66, 78), (67, 79), (74, 80), (39, 45), (11, 82), (70, 83), (16, 68), (32, 85), (66, 86), (23, 44), (56, 88), (32, 88), (41, 90), (40, 90), (56, 92), (32, 65), (19, 67), (64, 95), (3, 65), (95, 97), (4, 43), (41, 99), (83, 100), (50, 100), (4, 20), (70, 103), (5, 21), (44, 105), (57, 106), (54, 106), (103, 105), (62, 109), (60, 109), (2, 17), (59, 112), (47, 112), (25, 114), (78, 114), (2, 94), (10, 117), (64, 118))
((7, 15), (18, 26), (15, 31), (6, 22), (23, 31), (19, 27), (22, 30), (20, 28), (10, 26), (13, 21), (12, 28), (5, 29), (9, 25), (4, 20), (5, 21), (2, 17), (0, 32), (27, 34), (14, 35), (14, 41), (9, 33), (13, 39), (11, 37), (33, 36), (12, 32), (17, 44), (23, 38), (4, 37), (38, 46), (45, 46), (40, 47), (8, 48), (3, 49), (30, 50), (43, 53), (43, 50), (1, 52), (39, 49), (32, 58), (32, 54), (19, 55), (3, 54), (36, 59), (51, 60), (53, 61), (47, 52), (25, 62), (16, 63), (1, 63), (34, 65), (42, 66), (40, 64), (56, 64), (57, 63), (10, 68), (57, 68), (11, 69), (51, 65), (35, 70), (36, 70), (72, 73), (42, 74), (60, 67), (2, 71), (24, 79), (34, 79), (41, 82), (84, 88), (58, 81), (81, 90), (72, 83), (74, 88), (45, 84), (61, 82), (62, 87), (10, 95), (48, 97), (36, 96), (0, 96), (83, 107), (44, 109), (87, 108), (16, 109), (80, 112), (55, 113), (32, 114), (108, 117), (112, 116))
((3, 19), (7, 31), (0, 8), (7, 23), (34, 35), (24, 36), (15, 23), (33, 37), (2, 18), (1, 17), (27, 32), (32, 35), (11, 42), (6, 22), (11, 19), (16, 33), (12, 20), (13, 29), (45, 49), (40, 43), (4, 28), (22, 30), (9, 36), (38, 54), (34, 47), (1, 9), (26, 57), (35, 45), (10, 18), (58, 60), (40, 41), (58, 62), (15, 53), (46, 51), (17, 25), (6, 14), (10, 66), (62, 68), (2, 26), (68, 70), (21, 52), (12, 28), (43, 73), (49, 73), (72, 75), (55, 66), (5, 48), (75, 78), (33, 64), (31, 67), (38, 81), (59, 81), (5, 13), (72, 84), (14, 84), (50, 86), (53, 86), (0, 38), (39, 89), (41, 90), (55, 91), (3, 4), (20, 38), (46, 94), (52, 95), (74, 95), (25, 37), (56, 98), (57, 99), (91, 99), (59, 64), (21, 29), (78, 103), (30, 103), (67, 105), (50, 105), (27, 33), (93, 108), (74, 109), (48, 109), (70, 108), (44, 112), (47, 90), (36, 114), (65, 112), (38, 60), (42, 117), (65, 118))
((23, 31), (5, 21), (15, 31), (2, 17), (10, 26), (27, 34), (19, 27), (12, 28), (4, 38), (3, 37), (20, 28), (13, 21), (35, 36), (25, 44), (32, 40), (39, 46), (7, 15), (0, 48), (36, 41), (8, 49), (37, 42), (11, 52), (46, 53), (12, 48), (6, 22), (41, 55), (53, 57), (18, 26), (13, 42), (22, 30), (14, 56), (1, 51), (32, 59), (16, 51), (34, 65), (23, 61), (24, 65), (0, 68), (19, 64), (50, 70), (5, 29), (60, 72), (62, 72), (39, 73), (43, 75), (30, 62), (34, 77), (67, 78), (32, 68), (33, 61), (74, 81), (9, 59), (35, 83), (49, 66), (11, 38), (16, 80), (48, 87), (85, 88), (48, 67), (32, 90), (56, 90), (78, 92), (3, 86), (70, 94), (48, 86), (2, 96), (10, 97), (50, 98), (9, 25), (80, 100), (63, 101), (14, 43), (81, 103), (77, 103), (1, 83), (10, 106), (17, 100), (51, 108), (106, 108), (44, 110), (85, 110), (64, 112), (101, 113), (4, 20), (57, 115), (33, 115), (75, 117), (60, 117))
((23, 31), (7, 23), (0, 33), (16, 34), (32, 35), (16, 24), (19, 27), (2, 18), (8, 36), (4, 20), (7, 15), (37, 42), (1, 9), (32, 38), (12, 45), (5, 29), (6, 14), (17, 25), (26, 49), (2, 10), (13, 21), (11, 28), (13, 29), (41, 54), (4, 28), (50, 51), (12, 20), (46, 56), (3, 42), (36, 37), (21, 58), (33, 39), (3, 19), (34, 43), (18, 26), (33, 64), (11, 64), (38, 63), (51, 60), (69, 70), (9, 25), (39, 72), (50, 73), (5, 56), (52, 75), (55, 75), (33, 40), (37, 78), (65, 78), (72, 80), (41, 67), (22, 47), (48, 83), (66, 68), (45, 85), (69, 86), (10, 44), (73, 88), (66, 88), (15, 48), (32, 91), (22, 30), (31, 93), (55, 62), (8, 43), (47, 62), (46, 82), (27, 68), (70, 99), (6, 52), (93, 101), (14, 30), (33, 103), (94, 104), (17, 61), (44, 106), (35, 107), (81, 108), (49, 108), (81, 106), (42, 94), (91, 104), (54, 103), (83, 114), (101, 114), (53, 60), (58, 117), (82, 117))
((7, 15), (0, 32), (8, 33), (16, 34), (18, 26), (15, 31), (27, 37), (6, 22), (23, 31), (14, 39), (19, 27), (22, 30), (20, 28), (3, 38), (10, 26), (13, 21), (30, 41), (12, 28), (24, 35), (5, 29), (1, 34), (37, 48), (14, 47), (9, 36), (35, 37), (13, 44), (51, 57), (49, 58), (47, 59), (45, 46), (11, 42), (33, 56), (41, 51), (36, 40), (40, 50), (12, 32), (45, 67), (9, 25), (17, 69), (34, 70), (66, 69), (52, 72), (1, 55), (10, 74), (70, 74), (63, 76), (65, 77), (38, 44), (11, 79), (68, 80), (16, 66), (32, 82), (63, 83), (48, 54), (23, 43), (53, 86), (32, 86), (39, 88), (53, 89), (40, 88), (32, 62), (19, 65), (61, 93), (3, 62), (93, 95), (4, 42), (40, 97), (49, 98), (80, 98), (72, 78), (0, 50), (4, 20), (68, 103), (5, 21), (43, 105), (54, 106), (64, 106), (103, 105), (57, 109), (59, 109), (2, 10), (92, 112), (61, 113), (2, 17), (55, 115), (46, 115), (25, 117), (76, 117))
((7, 15), (0, 32), (8, 33), (16, 34), (18, 26), (15, 31), (27, 37), (6, 22), (23, 31), (14, 39), (19, 27), (22, 30), (20, 28), (3, 38), (10, 26), (13, 21), (30, 41), (12, 28), (24, 35), (5, 29), (1, 34), (37, 48), (14, 47), (9, 36), (35, 37), (13, 44), (51, 57), (49, 58), (47, 59), (45, 46), (11, 42), (33, 56), (41, 51), (36, 40), (40, 50), (12, 32), (45, 67), (9, 25), (17, 69), (34, 70), (66, 69), (52, 72), (1, 55), (10, 74), (70, 74), (63, 76), (65, 77), (38, 44), (11, 79), (68, 80), (16, 66), (32, 82), (63, 83), (48, 54), (23, 43), (53, 86), (32, 86), (39, 88), (53, 89), (40, 88), (32, 62), (19, 65), (61, 93), (3, 62), (93, 95), (4, 42), (40, 97), (49, 98), (80, 98), (72, 78), (0, 50), (4, 20), (68, 103), (5, 21), (43, 105), (64, 106), (54, 106), (103, 105), (59, 109), (57, 109), (2, 17), (55, 112), (46, 112), (25, 114), (76, 114), (2, 92), (10, 117), (61, 118))
((9, 25), (17, 32), (2, 17), (15, 31), (27, 35), (3, 36), (19, 27), (20, 28), (4, 38), (4, 20), (10, 26), (5, 29), (5, 21), (41, 44), (6, 22), (14, 46), (30, 47), (35, 48), (11, 38), (37, 42), (43, 47), (3, 50), (12, 28), (7, 15), (12, 55), (50, 55), (37, 56), (0, 55), (2, 57), (10, 60), (41, 58), (22, 30), (13, 21), (14, 64), (18, 26), (13, 39), (23, 31), (8, 59), (16, 69), (24, 70), (35, 70), (68, 71), (1, 69), (32, 73), (33, 69), (16, 73), (23, 63), (9, 66), (74, 75), (1, 79), (36, 39), (34, 79), (34, 42), (40, 68), (54, 85), (44, 63), (43, 67), (65, 87), (45, 67), (25, 84), (10, 81), (11, 82), (48, 65), (49, 78), (52, 87), (55, 78), (68, 97), (58, 93), (51, 61), (46, 97), (59, 72), (55, 77), (66, 68), (19, 104), (0, 71), (33, 81), (84, 107), (85, 93), (54, 88), (64, 110), (51, 105), (53, 105), (102, 103), (49, 101), (102, 107), (104, 116), (45, 110), (75, 117))
((7, 15), (0, 32), (8, 33), (1, 34), (12, 32), (16, 34), (2, 17), (4, 20), (5, 21), (13, 21), (14, 41), (39, 40), (6, 22), (14, 44), (24, 37), (0, 46), (9, 25), (17, 48), (34, 49), (10, 26), (38, 51), (18, 26), (9, 53), (1, 54), (10, 55), (38, 54), (25, 52), (49, 55), (52, 59), (19, 27), (4, 61), (11, 61), (3, 63), (32, 63), (2, 65), (10, 66), (12, 28), (20, 28), (13, 69), (43, 70), (5, 29), (45, 72), (70, 72), (68, 74), (43, 75), (41, 75), (22, 30), (30, 45), (40, 78), (42, 80), (42, 79), (23, 78), (32, 83), (44, 84), (73, 80), (15, 31), (37, 87), (33, 88), (23, 31), (46, 90), (16, 91), (32, 92), (89, 93), (48, 91), (35, 95), (53, 90), (19, 97), (59, 89), (97, 99), (95, 100), (27, 87), (3, 102), (36, 103), (39, 104), (62, 90), (51, 103), (98, 107), (67, 107), (64, 98), (69, 102), (11, 111), (104, 112), (106, 112), (68, 106), (84, 90), (79, 87), (83, 117), (85, 117))
((7, 15), (0, 32), (8, 33), (16, 34), (24, 35), (0, 36), (9, 25), (17, 38), (34, 39), (18, 26), (9, 41), (1, 42), (10, 43), (19, 27), (11, 45), (32, 46), (2, 47), (10, 48), (15, 31), (27, 50), (3, 51), (12, 32), (52, 53), (20, 28), (51, 55), (11, 56), (54, 57), (5, 29), (13, 55), (59, 60), (12, 28), (61, 62), (4, 20), (5, 21), (64, 65), (63, 66), (22, 30), (65, 68), (13, 21), (14, 70), (69, 71), (23, 68), (6, 22), (14, 74), (30, 75), (50, 76), (73, 77), (23, 31), (36, 79), (16, 80), (32, 81), (35, 50), (33, 83), (82, 84), (41, 79), (39, 43), (84, 87), (86, 88), (2, 17), (42, 90), (19, 86), (10, 26), (52, 93), (92, 94), (4, 45), (79, 96), (57, 97), (63, 70), (71, 76), (32, 73), (74, 101), (77, 102), (1, 34), (38, 80), (104, 105), (90, 93), (25, 107), (3, 46), (92, 109), (62, 97), (59, 75), (69, 112), (79, 101), (89, 105), (87, 107), (49, 94), (54, 64), (60, 66))
((7, 15), (0, 32), (8, 33), (16, 34), (15, 31), (6, 22), (18, 26), (14, 37), (19, 27), (23, 31), (27, 36), (20, 28), (13, 21), (22, 30), (10, 26), (3, 42), (12, 28), (5, 29), (30, 39), (24, 35), (1, 34), (14, 44), (36, 50), (13, 43), (35, 36), (49, 55), (48, 57), (44, 58), (9, 38), (11, 40), (46, 47), (41, 51), (33, 56), (39, 49), (38, 41), (12, 32), (47, 67), (1, 60), (9, 25), (63, 70), (17, 70), (34, 72), (69, 72), (10, 69), (64, 74), (16, 63), (52, 71), (66, 76), (42, 43), (11, 80), (32, 77), (64, 82), (68, 81), (23, 45), (54, 85), (50, 53), (32, 85), (32, 61), (19, 66), (37, 88), (54, 91), (41, 88), (62, 90), (3, 61), (4, 40), (41, 96), (4, 20), (90, 95), (71, 79), (68, 98), (48, 97), (81, 97), (5, 21), (0, 51), (45, 104), (98, 104), (65, 106), (2, 17), (58, 107), (46, 109), (2, 89), (53, 106), (60, 109), (25, 111), (55, 107), (10, 112), (62, 117), (74, 111))
((7, 15), (0, 32), (8, 33), (16, 34), (18, 26), (15, 31), (27, 37), (6, 22), (23, 31), (14, 39), (19, 27), (22, 30), (20, 28), (3, 38), (10, 26), (30, 41), (24, 35), (5, 29), (9, 36), (35, 37), (13, 44), (11, 42), (40, 48), (9, 25), (17, 55), (1, 50), (23, 43), (5, 21), (2, 17), (13, 21), (36, 40), (38, 44), (4, 20), (12, 45), (40, 42), (32, 53), (33, 51), (56, 57), (46, 60), (3, 53), (12, 28), (59, 64), (14, 61), (54, 55), (45, 46), (1, 34), (37, 47), (32, 58), (49, 52), (72, 80), (19, 62), (16, 54), (25, 70), (43, 59), (74, 85), (75, 77), (34, 56), (52, 73), (32, 65), (64, 90), (58, 78), (50, 60), (47, 74), (40, 79), (32, 83), (68, 96), (41, 49), (85, 98), (11, 63), (90, 100), (71, 82), (68, 69), (62, 103), (75, 104), (76, 82), (0, 48), (4, 66), (72, 108), (100, 108), (10, 57), (2, 67), (10, 112), (76, 113), (69, 70), (73, 81), (39, 79), (78, 117), (61, 81))
((7, 15), (0, 32), (8, 33), (16, 34), (18, 26), (15, 31), (27, 37), (6, 22), (23, 31), (19, 27), (22, 30), (20, 28), (24, 35), (5, 29), (9, 36), (11, 41), (36, 40), (40, 44), (9, 25), (17, 50), (16, 49), (23, 42), (2, 17), (35, 37), (14, 39), (30, 56), (13, 43), (12, 32), (10, 26), (49, 50), (12, 28), (5, 21), (33, 55), (54, 60), (1, 46), (51, 66), (4, 20), (42, 63), (32, 47), (1, 34), (37, 57), (34, 51), (32, 53), (39, 74), (53, 72), (45, 58), (61, 71), (45, 56), (38, 43), (11, 80), (69, 79), (46, 54), (62, 77), (4, 41), (13, 21), (84, 86), (14, 86), (69, 88), (57, 88), (25, 65), (40, 74), (63, 68), (3, 38), (59, 94), (68, 95), (60, 94), (19, 48), (40, 85), (81, 99), (62, 99), (32, 52), (64, 102), (84, 93), (3, 98), (47, 105), (10, 66), (72, 75), (97, 98), (58, 93), (0, 44), (81, 95), (65, 67), (64, 67), (48, 114), (61, 115), (2, 10), (70, 117), (97, 118))
((7, 15), (0, 32), (8, 33), (16, 34), (18, 26), (15, 31), (27, 37), (6, 22), (23, 31), (14, 39), (19, 27), (22, 30), (20, 28), (3, 38), (10, 26), (13, 21), (30, 41), (12, 28), (24, 35), (5, 29), (1, 34), (37, 48), (14, 47), (9, 36), (35, 37), (13, 44), (51, 57), (49, 58), (47, 59), (45, 46), (11, 42), (33, 56), (41, 51), (36, 40), (40, 50), (12, 32), (45, 67), (9, 25), (17, 69), (34, 70), (66, 69), (52, 72), (1, 55), (10, 74), (70, 74), (63, 76), (65, 77), (38, 44), (11, 79), (68, 80), (16, 66), (32, 82), (63, 83), (48, 54), (23, 43), (53, 86), (32, 86), (39, 88), (53, 89), (40, 88), (32, 62), (19, 65), (61, 93), (3, 62), (93, 95), (4, 42), (40, 97), (49, 98), (80, 98), (72, 78), (0, 50), (4, 20), (68, 103), (5, 21), (43, 105), (64, 106), (54, 106), (103, 105), (59, 109), (57, 109), (2, 17), (55, 112), (46, 112), (25, 114), (76, 114), (2, 92), (10, 117), (61, 118))
((7, 15), (0, 32), (18, 26), (15, 31), (23, 31), (19, 27), (22, 30), (20, 28), (9, 25), (23, 38), (32, 41), (8, 33), (34, 36), (27, 35), (3, 45), (5, 29), (10, 26), (17, 40), (5, 21), (12, 32), (36, 42), (39, 45), (11, 53), (43, 49), (19, 44), (11, 37), (3, 57), (32, 57), (9, 34), (46, 51), (54, 61), (13, 39), (47, 63), (12, 28), (64, 65), (2, 59), (10, 67), (16, 43), (35, 69), (46, 48), (56, 71), (68, 71), (6, 22), (24, 69), (0, 75), (14, 74), (47, 77), (33, 70), (4, 37), (56, 58), (2, 17), (60, 82), (30, 77), (48, 82), (25, 85), (36, 75), (40, 87), (16, 87), (32, 89), (79, 90), (42, 74), (38, 50), (78, 93), (36, 80), (54, 95), (65, 95), (1, 60), (10, 98), (13, 21), (66, 100), (49, 98), (85, 102), (1, 43), (88, 104), (79, 102), (44, 106), (88, 107), (4, 20), (61, 109), (35, 84), (92, 111), (41, 111), (50, 109), (66, 114), (63, 114), (14, 100), (93, 117), (84, 117))
((15, 31), (5, 13), (1, 17), (27, 32), (9, 34), (23, 31), (16, 37), (24, 38), (25, 36), (6, 30), (29, 33), (21, 42), (4, 28), (19, 27), (17, 39), (2, 18), (7, 23), (8, 48), (23, 41), (32, 39), (49, 51), (0, 51), (38, 52), (36, 49), (3, 11), (53, 54), (40, 46), (6, 22), (5, 21), (22, 33), (2, 26), (41, 60), (34, 62), (1, 25), (10, 65), (47, 66), (40, 67), (64, 68), (64, 66), (14, 30), (61, 71), (32, 71), (50, 73), (43, 72), (63, 75), (59, 75), (54, 65), (48, 78), (46, 79), (61, 63), (47, 48), (20, 37), (45, 83), (20, 28), (42, 85), (12, 85), (4, 87), (84, 88), (60, 88), (7, 15), (50, 91), (56, 91), (87, 93), (51, 91), (57, 95), (55, 96), (11, 35), (44, 98), (84, 99), (94, 99), (35, 93), (62, 102), (45, 103), (82, 103), (98, 104), (79, 97), (29, 44), (43, 108), (90, 108), (10, 26), (68, 111), (59, 92), (86, 90), (73, 113), (37, 113), (106, 111), (82, 117), (56, 117))
((7, 15), (0, 32), (8, 33), (16, 34), (18, 26), (15, 31), (27, 37), (6, 22), (23, 31), (14, 39), (19, 27), (22, 30), (20, 28), (3, 38), (10, 26), (13, 21), (30, 41), (12, 28), (24, 35), (5, 29), (1, 34), (37, 48), (14, 47), (9, 36), (35, 37), (13, 44), (51, 57), (49, 58), (47, 59), (45, 46), (11, 42), (33, 56), (41, 51), (36, 40), (40, 50), (12, 32), (45, 67), (9, 25), (17, 69), (34, 70), (66, 69), (52, 72), (1, 55), (10, 74), (70, 74), (63, 65), (76, 77), (11, 44), (38, 79), (68, 80), (16, 66), (32, 82), (63, 83), (48, 54), (23, 43), (53, 86), (32, 86), (39, 88), (53, 89), (40, 88), (32, 62), (19, 65), (61, 93), (3, 93), (62, 95), (40, 42), (4, 97), (49, 98), (80, 98), (72, 78), (0, 50), (4, 20), (68, 103), (5, 21), (43, 105), (64, 106), (54, 106), (103, 105), (59, 109), (57, 109), (2, 17), (55, 112), (46, 112), (25, 114), (76, 114), (2, 10), (92, 117), (61, 118))
((7, 15), (0, 32), (8, 33), (16, 34), (15, 31), (35, 36), (33, 37), (24, 35), (23, 31), (39, 40), (16, 41), (32, 42), (38, 43), (18, 26), (9, 45), (1, 46), (10, 47), (2, 17), (46, 49), (10, 26), (49, 51), (25, 52), (9, 25), (17, 54), (47, 55), (52, 56), (40, 45), (19, 58), (27, 36), (3, 60), (51, 61), (59, 62), (19, 27), (11, 64), (3, 65), (59, 66), (1, 34), (41, 54), (68, 69), (4, 20), (5, 21), (71, 72), (12, 28), (20, 28), (13, 75), (5, 29), (76, 77), (74, 78), (73, 79), (4, 64), (40, 81), (60, 75), (11, 83), (82, 84), (74, 82), (13, 21), (14, 87), (22, 30), (72, 89), (88, 90), (79, 87), (73, 76), (23, 89), (6, 22), (14, 95), (30, 96), (36, 97), (94, 98), (88, 97), (77, 96), (90, 101), (32, 94), (95, 103), (98, 104), (40, 103), (38, 56), (58, 107), (69, 108), (12, 32), (61, 110), (84, 111), (32, 65), (2, 113), (10, 114), (62, 115), (71, 111), (0, 39), (34, 55))
((7, 15), (0, 32), (8, 33), (16, 34), (18, 26), (15, 31), (27, 37), (6, 22), (23, 31), (14, 39), (19, 27), (22, 30), (20, 28), (3, 38), (10, 26), (13, 21), (30, 41), (12, 28), (24, 35), (5, 29), (14, 47), (9, 36), (35, 37), (13, 44), (51, 55), (49, 56), (45, 46), (11, 42), (33, 54), (36, 40), (40, 50), (12, 32), (45, 63), (9, 25), (17, 65), (62, 65), (1, 53), (66, 68), (60, 69), (38, 44), (11, 71), (16, 62), (23, 43), (32, 59), (19, 61), (3, 59), (4, 42), (40, 78), (4, 20), (5, 21), (43, 81), (80, 81), (2, 17), (46, 84), (32, 74), (1, 34), (2, 10), (37, 48), (72, 79), (0, 50), (49, 79), (61, 70), (69, 85), (40, 86), (64, 72), (41, 51), (82, 97), (25, 85), (47, 57), (64, 80), (34, 66), (67, 87), (39, 86), (89, 104), (74, 89), (67, 93), (32, 73), (57, 83), (60, 108), (55, 83), (76, 77), (10, 68), (53, 84), (48, 52), (75, 88), (58, 116), (58, 76), (52, 82))
((6, 22), (18, 26), (13, 21), (7, 15), (9, 25), (9, 33), (12, 35), (17, 36), (20, 28), (22, 30), (2, 17), (37, 42), (12, 28), (14, 34), (5, 29), (23, 31), (5, 21), (1, 37), (15, 31), (4, 20), (14, 32), (33, 47), (13, 40), (39, 49), (46, 52), (23, 41), (10, 49), (0, 35), (19, 53), (30, 52), (48, 51), (54, 62), (8, 59), (10, 26), (27, 50), (50, 61), (41, 48), (1, 64), (19, 27), (45, 61), (35, 57), (3, 66), (45, 68), (16, 64), (50, 75), (57, 67), (40, 66), (56, 68), (65, 73), (38, 73), (11, 78), (42, 65), (51, 81), (4, 70), (46, 54), (47, 85), (59, 76), (55, 83), (32, 72), (25, 83), (44, 86), (47, 72), (44, 87), (55, 88), (24, 75), (67, 90), (39, 64), (60, 80), (0, 96), (62, 92), (81, 82), (47, 96), (34, 92), (53, 95), (36, 103), (11, 70), (35, 107), (2, 108), (3, 107), (60, 110), (69, 106), (10, 109), (105, 106), (80, 113), (82, 87), (16, 103), (35, 117), (88, 118))
((6, 22), (13, 21), (14, 32), (12, 28), (5, 21), (2, 17), (5, 29), (9, 25), (10, 26), (17, 39), (20, 28), (22, 30), (19, 27), (34, 38), (18, 26), (30, 34), (4, 44), (9, 46), (23, 43), (1, 49), (4, 20), (7, 15), (23, 31), (11, 44), (36, 43), (46, 54), (37, 40), (13, 42), (14, 33), (0, 53), (15, 31), (10, 51), (12, 53), (36, 52), (27, 62), (56, 60), (48, 54), (3, 55), (3, 66), (25, 58), (37, 49), (41, 51), (19, 57), (53, 55), (45, 56), (50, 53), (38, 59), (40, 70), (47, 60), (42, 66), (69, 74), (35, 68), (47, 62), (64, 70), (11, 81), (58, 73), (8, 61), (32, 77), (59, 65), (85, 86), (16, 88), (50, 84), (84, 89), (62, 92), (52, 85), (2, 75), (74, 79), (68, 86), (54, 77), (35, 78), (61, 95), (41, 88), (10, 97), (1, 88), (24, 92), (33, 101), (73, 102), (65, 101), (79, 104), (54, 106), (57, 108), (0, 106), (39, 111), (112, 114), (16, 111), (105, 114), (53, 116), (102, 118))
((5, 21), (15, 31), (23, 31), (9, 25), (19, 34), (1, 25), (3, 27), (16, 34), (4, 28), (29, 40), (32, 41), (12, 40), (33, 38), (24, 39), (17, 45), (22, 30), (35, 46), (2, 10), (6, 14), (7, 50), (10, 26), (7, 33), (23, 53), (49, 54), (20, 43), (1, 17), (5, 13), (8, 24), (33, 59), (13, 29), (42, 61), (42, 56), (6, 22), (61, 64), (4, 20), (0, 34), (59, 67), (54, 59), (39, 69), (58, 66), (41, 71), (35, 52), (63, 71), (12, 44), (51, 54), (18, 37), (49, 77), (48, 57), (47, 53), (73, 77), (34, 64), (80, 82), (44, 52), (57, 78), (73, 85), (18, 26), (85, 87), (36, 87), (84, 89), (51, 82), (14, 58), (47, 92), (65, 92), (32, 93), (65, 95), (50, 95), (0, 33), (45, 98), (69, 99), (27, 36), (43, 101), (11, 101), (55, 103), (84, 104), (37, 60), (46, 106), (48, 67), (70, 108), (106, 109), (3, 103), (34, 111), (89, 112), (75, 111), (56, 114), (54, 112), (66, 116), (114, 117), (102, 117))
((7, 15), (0, 32), (8, 33), (16, 34), (24, 35), (0, 36), (9, 25), (17, 38), (34, 39), (18, 26), (9, 41), (1, 42), (10, 43), (19, 27), (11, 45), (32, 46), (2, 47), (10, 48), (12, 32), (15, 31), (27, 51), (3, 52), (50, 53), (20, 28), (52, 55), (11, 56), (54, 57), (4, 20), (5, 21), (59, 60), (12, 28), (13, 55), (5, 29), (63, 64), (62, 65), (61, 66), (13, 21), (14, 68), (22, 30), (60, 70), (69, 71), (23, 70), (6, 22), (14, 74), (30, 75), (51, 76), (73, 77), (35, 51), (33, 79), (23, 31), (36, 81), (16, 82), (32, 83), (80, 84), (41, 81), (39, 43), (80, 87), (86, 88), (2, 17), (42, 90), (19, 86), (10, 26), (53, 93), (92, 94), (4, 45), (81, 96), (57, 97), (66, 68), (69, 76), (32, 73), (74, 101), (77, 102), (1, 34), (38, 82), (104, 105), (90, 93), (25, 107), (3, 46), (92, 109), (62, 97), (64, 75), (71, 112), (81, 101), (89, 105), (87, 107), (49, 94), (54, 59), (61, 63))
((7, 15), (0, 32), (8, 33), (16, 34), (18, 26), (15, 31), (27, 37), (6, 22), (20, 28), (24, 35), (1, 34), (9, 25), (14, 39), (10, 32), (13, 21), (19, 27), (4, 47), (12, 28), (10, 26), (22, 30), (0, 41), (9, 36), (11, 38), (40, 54), (35, 37), (33, 56), (2, 45), (14, 46), (1, 53), (10, 60), (17, 43), (34, 62), (60, 62), (5, 21), (13, 40), (23, 31), (48, 67), (49, 68), (36, 67), (57, 70), (51, 65), (59, 72), (2, 17), (50, 74), (25, 75), (12, 32), (55, 68), (23, 51), (64, 75), (32, 79), (39, 81), (64, 71), (4, 20), (65, 84), (53, 74), (67, 81), (19, 70), (30, 44), (59, 89), (37, 89), (79, 91), (3, 38), (77, 93), (55, 94), (84, 94), (16, 32), (5, 29), (66, 98), (44, 98), (72, 100), (41, 67), (97, 102), (57, 103), (66, 85), (43, 102), (42, 106), (83, 106), (11, 47), (58, 109), (3, 88), (109, 111), (82, 91), (50, 93), (88, 114), (110, 114), (49, 99), (85, 117), (46, 117))
((5, 21), (15, 31), (23, 31), (9, 25), (19, 34), (1, 25), (3, 27), (16, 34), (4, 28), (29, 40), (32, 41), (12, 40), (33, 38), (24, 39), (17, 45), (22, 30), (35, 46), (2, 10), (6, 14), (7, 50), (10, 26), (7, 33), (23, 53), (49, 54), (20, 43), (1, 17), (5, 13), (8, 24), (33, 59), (13, 29), (42, 61), (42, 56), (6, 22), (61, 64), (4, 20), (0, 34), (59, 67), (54, 59), (39, 69), (58, 66), (41, 71), (35, 52), (63, 71), (12, 44), (51, 54), (18, 37), (49, 77), (48, 57), (47, 53), (73, 77), (34, 64), (80, 82), (44, 52), (57, 78), (73, 85), (18, 26), (85, 87), (36, 87), (84, 89), (14, 58), (47, 91), (32, 92), (50, 93), (65, 93), (27, 36), (43, 96), (11, 96), (3, 98), (75, 99), (56, 100), (34, 99), (89, 102), (54, 102), (66, 104), (51, 82), (65, 91), (55, 98), (97, 105), (84, 108), (100, 105), (37, 60), (46, 112), (33, 45), (0, 114), (69, 115), (67, 70), (48, 117), (112, 118))
((5, 21), (20, 28), (10, 26), (7, 15), (0, 35), (13, 21), (23, 31), (9, 25), (18, 26), (19, 27), (11, 41), (15, 31), (6, 22), (4, 41), (38, 40), (2, 17), (4, 20), (27, 43), (12, 28), (17, 39), (14, 44), (13, 33), (22, 30), (11, 33), (5, 29), (34, 47), (32, 54), (3, 42), (32, 48), (12, 35), (35, 42), (16, 35), (23, 54), (35, 64), (38, 45), (53, 56), (50, 67), (3, 49), (2, 62), (44, 65), (9, 40), (25, 57), (53, 60), (49, 55), (14, 37), (58, 76), (47, 72), (1, 72), (19, 46), (66, 75), (61, 69), (8, 36), (37, 68), (50, 66), (51, 83), (16, 83), (1, 83), (24, 87), (60, 68), (38, 89), (63, 91), (10, 79), (0, 89), (52, 56), (43, 87), (36, 96), (30, 52), (76, 98), (39, 91), (34, 69), (43, 98), (38, 65), (51, 79), (64, 102), (88, 100), (57, 104), (71, 102), (10, 70), (101, 109), (58, 95), (92, 97), (59, 80), (80, 101), (97, 104), (48, 82), (75, 82), (46, 115), (100, 118))
((0, 24), (15, 31), (32, 33), (2, 10), (7, 31), (26, 35), (15, 23), (11, 27), (33, 39), (11, 19), (38, 41), (9, 25), (18, 37), (16, 38), (6, 22), (3, 36), (38, 44), (5, 21), (8, 34), (47, 48), (0, 50), (20, 27), (47, 53), (17, 36), (32, 55), (10, 18), (38, 50), (8, 45), (1, 59), (4, 12), (54, 61), (5, 13), (6, 30), (7, 64), (1, 9), (35, 40), (36, 67), (32, 45), (21, 29), (38, 65), (51, 68), (43, 52), (60, 73), (43, 57), (13, 61), (70, 76), (33, 46), (65, 78), (46, 49), (4, 42), (14, 70), (80, 82), (12, 28), (40, 84), (54, 85), (81, 85), (49, 84), (76, 88), (42, 57), (51, 90), (3, 39), (90, 92), (2, 66), (44, 94), (75, 94), (16, 52), (36, 97), (34, 98), (56, 66), (30, 63), (80, 101), (64, 82), (14, 22), (101, 104), (23, 104), (78, 106), (20, 28), (81, 108), (29, 108), (63, 110), (88, 110), (19, 68), (17, 25), (60, 114), (37, 114), (75, 116), (36, 106), (56, 73))
((7, 15), (0, 32), (19, 27), (8, 33), (23, 31), (18, 26), (20, 28), (16, 35), (10, 26), (22, 30), (24, 39), (15, 31), (27, 43), (38, 44), (23, 41), (11, 34), (9, 25), (17, 48), (5, 21), (36, 42), (32, 46), (0, 42), (32, 47), (4, 34), (11, 45), (39, 43), (35, 49), (36, 37), (3, 44), (19, 59), (2, 10), (9, 37), (36, 52), (12, 32), (60, 65), (56, 66), (1, 35), (13, 38), (4, 20), (66, 70), (36, 55), (56, 72), (40, 60), (48, 51), (68, 75), (33, 57), (5, 29), (69, 78), (1, 63), (10, 80), (49, 80), (77, 82), (59, 83), (75, 84), (61, 74), (6, 22), (52, 87), (14, 87), (78, 89), (30, 89), (12, 28), (72, 92), (41, 50), (90, 94), (79, 92), (3, 47), (61, 97), (43, 91), (88, 99), (46, 99), (16, 51), (32, 102), (77, 103), (2, 17), (63, 105), (40, 105), (25, 107), (82, 107), (50, 70), (96, 110), (69, 110), (54, 62), (74, 113), (13, 21), (96, 115), (14, 115), (94, 117), (91, 117))
((7, 15), (0, 32), (8, 33), (16, 34), (18, 26), (15, 31), (27, 37), (6, 22), (23, 31), (14, 39), (19, 27), (22, 30), (20, 28), (3, 38), (10, 26), (13, 21), (30, 41), (12, 28), (24, 35), (5, 29), (1, 34), (37, 48), (14, 47), (9, 36), (35, 37), (13, 44), (51, 57), (49, 58), (45, 46), (11, 42), (33, 56), (36, 40), (40, 50), (12, 32), (9, 25), (17, 66), (34, 67), (64, 66), (1, 55), (10, 70), (67, 70), (62, 72), (38, 44), (11, 74), (16, 64), (32, 76), (62, 77), (48, 54), (23, 43), (53, 80), (32, 80), (19, 63), (60, 83), (3, 61), (4, 20), (5, 21), (43, 87), (86, 87), (59, 89), (2, 17), (41, 51), (52, 69), (83, 85), (40, 42), (88, 92), (4, 95), (75, 97), (39, 82), (32, 61), (2, 100), (10, 101), (60, 102), (0, 50), (57, 89), (55, 91), (46, 91), (25, 107), (72, 107), (49, 97), (53, 99), (45, 65), (75, 112), (86, 112), (54, 88), (63, 73), (69, 116), (47, 59), (40, 82))
((2, 17), (23, 31), (13, 21), (20, 28), (9, 25), (4, 20), (17, 36), (19, 27), (5, 21), (22, 30), (4, 39), (7, 15), (12, 28), (6, 22), (15, 31), (11, 39), (5, 29), (33, 42), (12, 43), (18, 26), (40, 41), (0, 43), (23, 41), (13, 35), (10, 26), (48, 55), (37, 40), (3, 47), (33, 51), (8, 53), (43, 54), (14, 34), (52, 63), (32, 56), (16, 61), (38, 61), (9, 51), (27, 46), (32, 68), (35, 69), (3, 69), (1, 68), (50, 72), (19, 60), (14, 45), (30, 76), (1, 61), (11, 71), (46, 77), (56, 72), (43, 47), (44, 49), (10, 73), (38, 73), (48, 76), (59, 75), (37, 74), (2, 82), (25, 65), (24, 66), (54, 80), (65, 85), (49, 79), (10, 89), (55, 58), (63, 77), (44, 57), (58, 98), (52, 86), (34, 98), (45, 62), (33, 62), (74, 79), (80, 102), (46, 66), (75, 81), (0, 91), (81, 95), (53, 106), (33, 91), (85, 110), (16, 111), (60, 112), (36, 111), (43, 113), (78, 115), (114, 115), (110, 116))
((15, 31), (7, 32), (30, 33), (22, 34), (23, 33), (27, 32), (3, 37), (12, 38), (15, 23), (16, 40), (0, 41), (7, 31), (23, 31), (34, 44), (19, 44), (27, 46), (11, 47), (3, 48), (39, 49), (16, 44), (24, 51), (8, 52), (36, 53), (42, 54), (17, 52), (44, 49), (36, 57), (7, 15), (12, 59), (38, 60), (4, 61), (20, 62), (0, 59), (8, 64), (1, 65), (10, 26), (38, 67), (1, 9), (52, 69), (25, 70), (66, 71), (2, 69), (5, 21), (18, 26), (46, 75), (5, 13), (14, 77), (35, 78), (33, 79), (74, 80), (6, 81), (9, 75), (2, 83), (17, 84), (1, 83), (12, 28), (58, 87), (63, 88), (62, 89), (47, 90), (63, 91), (74, 87), (21, 29), (14, 94), (6, 95), (30, 96), (78, 97), (2, 10), (36, 99), (48, 100), (30, 77), (40, 102), (17, 25), (99, 104), (26, 105), (73, 106), (4, 12), (13, 108), (20, 28), (29, 110), (1, 8), (41, 112), (104, 113), (6, 14), (36, 115))
((7, 15), (0, 32), (8, 33), (16, 34), (18, 26), (15, 31), (27, 37), (6, 22), (23, 31), (14, 39), (19, 27), (22, 30), (20, 28), (3, 38), (10, 26), (13, 21), (30, 41), (12, 28), (24, 35), (5, 29), (1, 34), (37, 48), (14, 47), (9, 36), (35, 37), (13, 44), (51, 57), (49, 58), (47, 59), (45, 46), (11, 42), (33, 56), (41, 51), (36, 40), (40, 50), (12, 32), (45, 67), (9, 25), (17, 69), (34, 70), (66, 69), (52, 72), (1, 55), (10, 74), (70, 74), (63, 76), (65, 77), (38, 44), (11, 79), (68, 80), (16, 66), (32, 82), (63, 83), (48, 54), (23, 43), (53, 86), (32, 86), (39, 88), (53, 89), (40, 88), (32, 62), (19, 65), (61, 93), (3, 62), (93, 95), (4, 42), (40, 97), (49, 98), (80, 98), (72, 78), (0, 50), (4, 20), (68, 103), (5, 21), (43, 105), (64, 106), (54, 106), (103, 105), (59, 109), (57, 109), (2, 17), (55, 112), (46, 112), (25, 114), (76, 114), (2, 92), (10, 117), (61, 118))
((23, 31), (11, 27), (5, 21), (22, 30), (3, 33), (5, 29), (16, 24), (23, 35), (2, 17), (19, 27), (9, 17), (2, 10), (13, 21), (18, 26), (32, 45), (7, 15), (6, 22), (4, 20), (14, 44), (8, 47), (39, 47), (25, 42), (32, 52), (9, 45), (1, 55), (10, 26), (14, 48), (36, 46), (48, 52), (4, 12), (0, 51), (53, 56), (37, 58), (15, 31), (29, 61), (40, 57), (25, 67), (34, 49), (38, 51), (66, 69), (44, 66), (10, 56), (32, 70), (3, 47), (40, 55), (43, 75), (12, 28), (63, 67), (30, 58), (65, 80), (36, 77), (38, 42), (39, 81), (34, 35), (60, 81), (72, 78), (62, 65), (46, 63), (37, 87), (74, 88), (64, 85), (69, 87), (33, 65), (61, 94), (50, 80), (83, 89), (20, 75), (11, 98), (41, 94), (95, 99), (16, 88), (78, 99), (32, 100), (50, 85), (28, 104), (19, 82), (8, 102), (57, 100), (59, 109), (77, 109), (62, 108), (49, 106), (89, 112), (83, 108), (95, 106), (91, 112), (1, 115), (53, 62))
((7, 15), (0, 32), (8, 33), (16, 34), (18, 26), (15, 31), (27, 37), (6, 22), (23, 31), (14, 39), (19, 27), (22, 30), (20, 28), (3, 38), (10, 26), (13, 21), (30, 41), (12, 28), (24, 35), (5, 29), (1, 34), (37, 48), (14, 47), (9, 36), (35, 37), (13, 44), (51, 57), (49, 58), (48, 54), (45, 46), (11, 42), (33, 56), (41, 51), (36, 40), (40, 50), (12, 32), (45, 67), (9, 25), (17, 69), (0, 50), (66, 69), (34, 70), (1, 55), (52, 72), (70, 74), (63, 76), (65, 77), (38, 44), (11, 79), (47, 59), (16, 66), (32, 82), (63, 83), (72, 78), (23, 43), (68, 80), (32, 86), (39, 88), (10, 74), (40, 88), (32, 62), (19, 65), (53, 89), (3, 62), (53, 86), (4, 42), (40, 97), (61, 93), (93, 95), (80, 98), (49, 98), (4, 20), (68, 103), (5, 21), (43, 105), (54, 106), (64, 106), (103, 105), (57, 109), (59, 109), (2, 17), (55, 112), (46, 112), (25, 114), (76, 114), (2, 92), (10, 117), (61, 118))
((13, 29), (1, 17), (5, 21), (4, 20), (12, 28), (9, 25), (14, 30), (15, 31), (7, 23), (6, 30), (15, 40), (41, 42), (13, 21), (22, 44), (41, 45), (34, 38), (32, 46), (14, 22), (31, 40), (7, 31), (38, 51), (15, 49), (7, 15), (2, 10), (18, 26), (5, 29), (4, 28), (5, 58), (32, 35), (59, 60), (36, 44), (61, 62), (57, 63), (15, 50), (12, 20), (35, 36), (10, 26), (2, 18), (9, 17), (2, 70), (56, 71), (37, 68), (33, 72), (11, 19), (1, 9), (3, 27), (75, 77), (65, 78), (3, 11), (39, 77), (3, 78), (54, 82), (55, 83), (68, 81), (54, 80), (28, 86), (66, 87), (35, 79), (0, 54), (24, 51), (78, 85), (0, 91), (17, 93), (8, 93), (40, 95), (16, 24), (95, 97), (90, 98), (96, 99), (90, 95), (37, 101), (94, 102), (40, 80), (69, 104), (84, 105), (11, 27), (39, 107), (87, 108), (25, 93), (54, 100), (24, 111), (76, 112))
((15, 31), (27, 32), (3, 11), (12, 28), (7, 15), (12, 20), (5, 21), (23, 31), (1, 9), (16, 24), (13, 37), (6, 14), (4, 35), (25, 40), (2, 26), (10, 26), (11, 33), (47, 48), (22, 30), (33, 46), (13, 29), (8, 25), (18, 40), (2, 18), (7, 23), (14, 30), (52, 57), (47, 54), (56, 57), (20, 44), (8, 36), (5, 29), (35, 63), (22, 63), (43, 65), (58, 65), (34, 36), (42, 64), (41, 62), (38, 42), (61, 71), (64, 72), (52, 71), (15, 43), (39, 75), (60, 75), (19, 27), (44, 78), (39, 79), (37, 48), (80, 81), (8, 16), (4, 68), (61, 84), (51, 68), (78, 86), (49, 87), (1, 17), (39, 41), (45, 90), (0, 90), (83, 92), (32, 92), (62, 89), (92, 95), (91, 96), (46, 89), (54, 98), (81, 84), (56, 93), (31, 50), (60, 102), (36, 102), (38, 66), (58, 105), (50, 105), (17, 45), (59, 108), (55, 109), (98, 109), (34, 88), (41, 101), (53, 101), (108, 114), (96, 114), (55, 56), (88, 117), (86, 117))
((7, 15), (0, 32), (8, 33), (16, 34), (18, 26), (15, 31), (27, 37), (6, 22), (23, 31), (14, 39), (19, 27), (22, 30), (20, 28), (3, 38), (10, 26), (13, 21), (30, 41), (12, 28), (24, 35), (5, 29), (1, 34), (37, 48), (14, 47), (9, 36), (35, 37), (13, 44), (51, 57), (49, 58), (47, 59), (45, 46), (11, 42), (33, 56), (41, 51), (36, 40), (40, 50), (12, 32), (45, 67), (9, 25), (17, 69), (34, 70), (66, 69), (52, 72), (1, 55), (10, 74), (70, 74), (63, 76), (65, 77), (38, 44), (11, 79), (68, 80), (16, 66), (32, 82), (63, 83), (48, 54), (23, 43), (53, 86), (32, 86), (39, 88), (53, 89), (40, 88), (32, 62), (19, 65), (61, 93), (3, 62), (93, 95), (4, 42), (40, 97), (49, 98), (0, 50), (72, 78), (80, 98), (2, 92), (10, 103), (61, 104), (4, 20), (68, 106), (2, 17), (55, 108), (46, 108), (25, 110), (76, 110), (5, 21), (106, 113), (59, 114), (57, 114), (43, 113), (54, 117), (64, 117))
((12, 28), (13, 21), (2, 17), (18, 26), (20, 28), (13, 36), (19, 27), (7, 15), (9, 25), (6, 22), (15, 31), (5, 29), (23, 31), (10, 26), (11, 38), (5, 21), (27, 42), (22, 30), (47, 49), (4, 44), (4, 20), (12, 39), (39, 46), (17, 40), (38, 51), (35, 44), (2, 54), (14, 41), (9, 35), (0, 39), (3, 48), (53, 62), (30, 59), (14, 33), (23, 49), (37, 43), (39, 66), (8, 61), (32, 56), (41, 68), (47, 52), (1, 69), (19, 57), (43, 59), (16, 69), (3, 46), (55, 69), (34, 60), (1, 60), (34, 45), (24, 76), (10, 80), (25, 81), (32, 67), (42, 76), (44, 68), (72, 85), (50, 75), (55, 80), (42, 64), (52, 63), (74, 77), (33, 85), (44, 82), (0, 82), (64, 65), (66, 91), (36, 48), (40, 95), (37, 72), (10, 58), (50, 65), (45, 62), (74, 104), (11, 99), (56, 106), (81, 90), (63, 106), (61, 86), (73, 100), (102, 104), (71, 91), (90, 110), (16, 95), (57, 114), (39, 115), (110, 117), (100, 116))
((7, 15), (0, 32), (8, 33), (16, 34), (18, 26), (15, 31), (27, 37), (6, 22), (23, 31), (14, 39), (19, 27), (22, 30), (20, 28), (3, 38), (10, 26), (13, 21), (30, 41), (12, 28), (24, 35), (5, 29), (1, 34), (37, 48), (14, 47), (9, 36), (35, 37), (13, 44), (51, 57), (49, 58), (47, 59), (45, 46), (11, 42), (33, 56), (41, 51), (36, 40), (40, 50), (12, 32), (45, 67), (9, 25), (17, 69), (34, 70), (66, 69), (52, 72), (1, 55), (10, 74), (70, 74), (63, 76), (65, 77), (38, 44), (11, 79), (68, 80), (16, 66), (32, 82), (63, 83), (48, 54), (23, 43), (53, 86), (32, 86), (39, 88), (53, 89), (40, 88), (32, 62), (19, 65), (61, 93), (3, 62), (93, 95), (4, 42), (40, 97), (49, 98), (80, 98), (72, 78), (0, 50), (2, 17), (55, 103), (46, 103), (25, 105), (76, 105), (2, 10), (92, 108), (61, 109), (4, 20), (68, 111), (5, 21), (43, 113), (54, 114), (64, 114), (111, 113), (59, 117), (57, 117))
((7, 15), (0, 32), (8, 33), (16, 34), (18, 26), (15, 31), (27, 37), (6, 22), (23, 31), (14, 39), (19, 27), (22, 30), (20, 28), (3, 38), (10, 26), (13, 21), (30, 41), (12, 28), (24, 35), (5, 29), (1, 34), (37, 48), (14, 47), (9, 36), (35, 37), (13, 44), (51, 57), (49, 58), (45, 46), (11, 42), (33, 56), (36, 40), (40, 50), (12, 32), (45, 65), (9, 25), (17, 67), (64, 67), (1, 55), (68, 70), (62, 71), (38, 44), (11, 73), (16, 64), (23, 43), (32, 76), (40, 77), (32, 61), (19, 63), (3, 61), (4, 42), (40, 82), (4, 20), (5, 21), (43, 85), (84, 85), (2, 17), (46, 88), (2, 79), (74, 83), (71, 89), (55, 88), (10, 70), (34, 68), (10, 90), (41, 51), (32, 75), (66, 74), (0, 50), (59, 87), (53, 76), (63, 72), (54, 86), (62, 98), (60, 80), (47, 59), (48, 54), (66, 84), (57, 87), (39, 77), (53, 111), (52, 69), (80, 81), (60, 96), (25, 89), (69, 103), (86, 97), (49, 83))
((7, 15), (0, 32), (8, 33), (16, 34), (18, 26), (15, 31), (27, 37), (6, 22), (23, 31), (14, 39), (19, 27), (22, 30), (20, 28), (3, 38), (10, 26), (13, 21), (30, 41), (12, 28), (24, 35), (5, 29), (1, 34), (37, 48), (14, 47), (9, 36), (35, 37), (13, 44), (51, 57), (49, 58), (45, 46), (11, 42), (33, 56), (41, 51), (36, 40), (40, 50), (12, 32), (45, 66), (9, 25), (17, 68), (65, 68), (52, 70), (1, 55), (10, 72), (69, 72), (62, 74), (38, 44), (11, 76), (16, 65), (32, 78), (62, 79), (23, 43), (53, 81), (32, 81), (40, 83), (32, 61), (19, 64), (60, 86), (3, 61), (4, 42), (40, 89), (49, 90), (77, 90), (4, 20), (5, 21), (43, 94), (63, 95), (93, 94), (57, 97), (2, 17), (55, 99), (46, 99), (74, 101), (54, 95), (86, 88), (2, 10), (34, 69), (0, 50), (85, 105), (67, 77), (59, 97), (64, 75), (47, 59), (25, 101), (70, 111), (60, 108), (39, 83), (53, 116), (48, 54), (67, 93))
((15, 31), (7, 15), (18, 26), (12, 28), (27, 32), (0, 33), (19, 27), (8, 37), (23, 31), (16, 39), (12, 33), (24, 41), (2, 10), (1, 39), (2, 17), (6, 22), (14, 47), (22, 30), (20, 28), (3, 36), (10, 26), (13, 21), (32, 41), (30, 48), (5, 29), (4, 20), (32, 55), (5, 21), (14, 53), (46, 52), (11, 38), (9, 34), (51, 52), (37, 54), (9, 25), (34, 40), (19, 67), (40, 43), (17, 66), (66, 69), (1, 63), (70, 72), (65, 73), (36, 50), (11, 75), (23, 49), (33, 77), (33, 62), (3, 62), (4, 38), (49, 59), (57, 59), (10, 72), (40, 81), (42, 51), (60, 82), (58, 77), (55, 60), (39, 70), (46, 63), (61, 73), (57, 86), (48, 56), (45, 71), (16, 69), (35, 85), (76, 86), (13, 50), (56, 99), (83, 99), (35, 100), (33, 96), (65, 103), (76, 85), (82, 94), (64, 68), (67, 74), (71, 108), (53, 102), (47, 78), (58, 111), (0, 43), (83, 102), (25, 61), (40, 78), (44, 79), (68, 80), (64, 117))
((7, 15), (0, 32), (8, 33), (16, 34), (18, 26), (15, 31), (27, 37), (6, 22), (23, 31), (14, 39), (19, 27), (22, 30), (20, 28), (3, 38), (10, 26), (13, 21), (30, 41), (12, 28), (24, 35), (5, 29), (1, 34), (37, 48), (14, 47), (9, 36), (35, 37), (13, 44), (51, 57), (49, 58), (45, 46), (11, 42), (33, 56), (36, 40), (40, 50), (12, 32), (45, 65), (9, 25), (17, 67), (64, 67), (1, 55), (68, 70), (62, 71), (38, 44), (11, 73), (16, 64), (23, 43), (32, 76), (32, 61), (19, 63), (3, 61), (4, 42), (40, 81), (4, 20), (5, 21), (43, 84), (83, 84), (2, 17), (46, 87), (2, 78), (74, 82), (32, 75), (48, 54), (49, 82), (40, 77), (55, 87), (60, 79), (53, 76), (54, 85), (41, 51), (63, 72), (39, 77), (59, 86), (52, 69), (34, 68), (85, 99), (66, 83), (47, 59), (0, 50), (10, 70), (57, 86), (79, 80), (62, 91), (25, 88), (71, 88), (69, 100), (66, 74), (53, 101), (10, 89), (60, 118))
((7, 15), (0, 32), (8, 33), (16, 34), (18, 26), (15, 31), (27, 37), (6, 22), (23, 31), (14, 39), (19, 27), (22, 30), (20, 28), (3, 38), (10, 26), (13, 21), (30, 41), (12, 28), (24, 35), (5, 29), (1, 34), (37, 48), (14, 47), (9, 36), (35, 37), (13, 44), (51, 57), (49, 58), (47, 59), (45, 46), (11, 42), (33, 56), (41, 51), (36, 40), (40, 50), (12, 32), (45, 67), (9, 25), (17, 69), (34, 70), (66, 69), (52, 72), (1, 55), (10, 74), (70, 74), (63, 76), (65, 77), (38, 44), (11, 79), (68, 80), (16, 66), (32, 82), (63, 83), (48, 54), (23, 43), (53, 86), (32, 86), (39, 88), (53, 89), (40, 88), (32, 62), (19, 65), (61, 93), (3, 62), (93, 95), (4, 42), (40, 97), (49, 98), (80, 98), (72, 78), (0, 50), (4, 20), (68, 103), (5, 21), (43, 105), (64, 106), (54, 106), (103, 105), (59, 109), (57, 109), (2, 17), (55, 112), (46, 112), (25, 114), (76, 114), (2, 92), (10, 117), (61, 118))
((10, 18), (6, 22), (1, 9), (20, 28), (1, 17), (2, 26), (13, 29), (12, 28), (5, 21), (7, 31), (22, 30), (3, 19), (5, 35), (0, 16), (9, 25), (11, 43), (4, 39), (33, 38), (27, 47), (21, 29), (38, 44), (2, 18), (8, 41), (20, 48), (15, 42), (26, 34), (41, 47), (41, 56), (39, 51), (45, 54), (24, 41), (15, 23), (11, 63), (61, 63), (37, 58), (44, 60), (19, 64), (0, 62), (52, 55), (24, 65), (54, 71), (12, 68), (32, 64), (30, 51), (32, 57), (40, 70), (55, 73), (36, 53), (49, 75), (50, 74), (25, 69), (46, 76), (57, 79), (60, 70), (37, 83), (36, 82), (71, 87), (79, 83), (6, 14), (31, 90), (75, 90), (63, 91), (46, 87), (40, 92), (49, 95), (42, 95), (7, 23), (19, 98), (33, 98), (56, 100), (27, 99), (53, 102), (3, 99), (91, 100), (35, 104), (41, 102), (48, 107), (45, 98), (106, 108), (69, 98), (34, 109), (66, 103), (8, 111), (82, 112), (74, 103), (73, 106), (88, 112), (65, 111))
((7, 15), (0, 32), (8, 33), (16, 34), (18, 26), (15, 31), (27, 37), (6, 22), (23, 31), (14, 39), (19, 27), (22, 30), (20, 28), (3, 38), (10, 26), (13, 21), (30, 41), (12, 28), (24, 35), (5, 29), (1, 34), (37, 48), (14, 47), (9, 36), (35, 37), (13, 44), (51, 57), (49, 58), (47, 59), (45, 46), (11, 42), (33, 56), (41, 51), (36, 40), (40, 50), (12, 32), (45, 67), (9, 25), (17, 69), (34, 70), (66, 69), (52, 72), (1, 55), (10, 74), (70, 74), (63, 76), (65, 77), (38, 44), (11, 79), (68, 80), (16, 66), (32, 82), (63, 83), (48, 54), (23, 43), (53, 86), (32, 86), (39, 88), (53, 89), (40, 88), (32, 62), (19, 65), (61, 93), (3, 62), (93, 95), (4, 42), (40, 97), (49, 98), (80, 98), (72, 78), (0, 50), (4, 20), (68, 103), (5, 21), (43, 105), (64, 106), (54, 106), (103, 105), (59, 109), (57, 109), (2, 17), (55, 112), (46, 112), (25, 114), (76, 114), (2, 92), (10, 117), (61, 118))
((7, 15), (0, 32), (8, 33), (16, 34), (18, 26), (15, 31), (27, 37), (6, 22), (23, 31), (14, 39), (19, 27), (22, 30), (20, 28), (3, 38), (10, 26), (13, 21), (30, 41), (12, 28), (24, 35), (5, 29), (1, 34), (37, 48), (14, 47), (9, 36), (35, 37), (13, 44), (51, 57), (49, 58), (47, 59), (45, 46), (11, 42), (33, 56), (41, 51), (36, 40), (40, 50), (12, 32), (45, 67), (9, 25), (17, 69), (34, 70), (66, 69), (52, 72), (1, 55), (10, 74), (70, 74), (63, 76), (65, 77), (38, 44), (11, 79), (68, 80), (16, 66), (32, 82), (63, 83), (48, 54), (23, 43), (53, 86), (32, 86), (39, 88), (53, 89), (40, 88), (32, 62), (19, 65), (61, 93), (3, 62), (93, 95), (4, 42), (40, 97), (49, 98), (80, 98), (72, 78), (0, 50), (4, 20), (68, 103), (5, 21), (43, 105), (64, 106), (54, 106), (103, 105), (59, 109), (57, 109), (2, 17), (55, 112), (46, 112), (25, 114), (76, 114), (2, 92), (10, 117), (61, 118))
((0, 24), (15, 31), (32, 33), (2, 10), (7, 31), (26, 35), (15, 23), (11, 27), (33, 39), (10, 18), (5, 13), (3, 39), (11, 19), (38, 44), (30, 42), (17, 25), (1, 8), (14, 22), (9, 25), (41, 50), (35, 40), (36, 52), (18, 37), (16, 38), (12, 28), (6, 22), (4, 12), (3, 36), (38, 54), (23, 49), (5, 21), (56, 62), (57, 62), (46, 64), (20, 28), (8, 34), (38, 67), (17, 36), (32, 69), (1, 9), (40, 56), (41, 45), (43, 73), (21, 29), (14, 75), (64, 76), (48, 55), (47, 78), (37, 47), (59, 60), (73, 81), (53, 81), (33, 57), (61, 84), (32, 55), (13, 58), (75, 87), (63, 87), (19, 53), (29, 66), (42, 91), (63, 91), (4, 45), (66, 94), (72, 94), (70, 71), (51, 80), (36, 61), (46, 49), (2, 71), (54, 101), (51, 101), (0, 67), (50, 104), (78, 105), (70, 105), (16, 104), (36, 108), (34, 109), (6, 30), (76, 111), (7, 111), (84, 113), (38, 113), (20, 27), (59, 116), (72, 117), (58, 117))
((0, 8), (7, 15), (9, 25), (3, 11), (7, 23), (1, 17), (11, 19), (24, 33), (4, 20), (16, 39), (32, 33), (1, 42), (6, 14), (17, 25), (16, 36), (23, 31), (4, 28), (2, 18), (34, 49), (13, 21), (5, 29), (0, 46), (34, 43), (18, 26), (19, 47), (39, 53), (22, 52), (14, 30), (36, 59), (8, 41), (28, 35), (26, 45), (6, 51), (38, 40), (44, 58), (33, 62), (32, 47), (24, 68), (46, 68), (41, 68), (54, 71), (15, 44), (35, 36), (65, 74), (13, 29), (59, 76), (58, 77), (27, 56), (12, 79), (2, 10), (63, 81), (37, 82), (50, 83), (22, 30), (31, 85), (33, 86), (64, 85), (12, 20), (67, 89), (75, 80), (37, 54), (55, 56), (50, 63), (5, 48), (60, 86), (21, 89), (52, 97), (27, 38), (81, 99), (33, 100), (3, 93), (99, 102), (51, 95), (60, 73), (55, 83), (48, 80), (47, 73), (40, 76), (97, 109), (95, 109), (49, 74), (93, 112), (101, 112), (45, 53), (72, 115), (43, 115), (67, 75), (64, 77))
((7, 15), (0, 32), (8, 33), (16, 34), (18, 26), (15, 31), (27, 37), (6, 22), (23, 31), (14, 39), (19, 27), (22, 30), (20, 28), (3, 38), (10, 26), (13, 21), (30, 41), (12, 28), (24, 35), (5, 29), (1, 34), (37, 48), (14, 47), (9, 36), (35, 37), (13, 44), (51, 57), (49, 58), (47, 59), (45, 46), (11, 42), (33, 56), (41, 51), (36, 40), (40, 50), (12, 32), (45, 67), (9, 25), (17, 69), (34, 70), (66, 69), (52, 72), (1, 55), (10, 74), (70, 74), (63, 76), (65, 77), (38, 44), (11, 79), (68, 80), (16, 66), (32, 82), (63, 83), (48, 54), (23, 43), (32, 86), (39, 87), (53, 88), (40, 87), (32, 62), (19, 65), (61, 92), (3, 62), (92, 94), (4, 42), (40, 96), (80, 97), (72, 78), (4, 20), (68, 100), (5, 21), (43, 102), (54, 103), (100, 102), (59, 105), (2, 17), (55, 107), (2, 91), (10, 109), (53, 86), (64, 103), (49, 97), (61, 110), (46, 107), (76, 115), (0, 50), (57, 105), (25, 115))
((15, 23), (8, 32), (14, 22), (16, 33), (24, 35), (7, 31), (1, 25), (10, 18), (11, 19), (3, 11), (26, 38), (0, 36), (4, 12), (5, 44), (13, 29), (15, 34), (37, 47), (5, 13), (17, 37), (27, 37), (7, 23), (41, 52), (28, 51), (21, 29), (45, 55), (32, 40), (44, 53), (40, 58), (27, 41), (39, 60), (57, 61), (4, 20), (24, 32), (56, 63), (2, 26), (51, 66), (19, 67), (60, 68), (14, 30), (48, 70), (9, 25), (37, 43), (64, 73), (72, 73), (6, 70), (55, 76), (22, 76), (52, 78), (71, 79), (47, 79), (32, 48), (36, 52), (49, 56), (3, 54), (59, 85), (39, 42), (66, 87), (72, 87), (8, 43), (28, 63), (57, 91), (59, 92), (17, 38), (35, 94), (12, 91), (85, 96), (46, 96), (65, 98), (33, 83), (74, 100), (50, 100), (9, 94), (102, 103), (75, 95), (6, 49), (2, 18), (103, 107), (89, 108), (42, 108), (53, 107), (62, 111), (67, 111), (78, 106), (45, 98), (75, 102), (34, 46), (77, 117), (106, 117))
((7, 15), (0, 32), (8, 33), (16, 34), (18, 26), (15, 31), (27, 37), (6, 22), (23, 31), (14, 39), (19, 27), (22, 30), (20, 28), (3, 38), (10, 26), (13, 21), (30, 41), (12, 28), (24, 35), (5, 29), (9, 36), (35, 37), (13, 44), (51, 54), (11, 42), (33, 53), (36, 40), (40, 50), (12, 32), (9, 25), (17, 61), (1, 52), (62, 63), (38, 44), (23, 43), (32, 66), (4, 42), (4, 20), (5, 21), (2, 17), (2, 10), (43, 70), (56, 72), (37, 48), (0, 50), (52, 71), (59, 61), (46, 71), (19, 58), (14, 47), (10, 63), (32, 74), (45, 60), (1, 78), (25, 79), (39, 67), (48, 81), (40, 68), (49, 89), (66, 75), (73, 81), (58, 64), (57, 93), (78, 94), (34, 62), (40, 67), (11, 65), (89, 98), (49, 55), (47, 100), (41, 51), (73, 102), (34, 85), (84, 98), (16, 32), (75, 87), (45, 46), (80, 108), (83, 108), (69, 70), (54, 111), (64, 79), (100, 111), (3, 56), (80, 115), (69, 84), (59, 106), (57, 118))
((7, 15), (0, 32), (8, 33), (16, 34), (15, 31), (27, 36), (23, 31), (19, 27), (22, 30), (20, 28), (3, 37), (10, 26), (24, 35), (11, 39), (38, 44), (9, 25), (37, 41), (23, 40), (32, 49), (5, 21), (18, 26), (4, 20), (51, 53), (5, 29), (3, 45), (2, 10), (38, 52), (35, 36), (11, 48), (0, 44), (19, 58), (56, 62), (46, 47), (1, 34), (4, 39), (38, 66), (2, 17), (6, 22), (50, 69), (43, 68), (25, 71), (14, 69), (55, 73), (13, 21), (14, 75), (13, 41), (55, 77), (33, 59), (12, 32), (64, 65), (12, 28), (40, 51), (76, 83), (74, 83), (30, 73), (76, 86), (36, 86), (70, 88), (49, 88), (54, 77), (9, 52), (68, 92), (42, 80), (60, 94), (53, 94), (17, 47), (34, 97), (78, 82), (54, 99), (75, 99), (67, 82), (32, 45), (57, 103), (60, 67), (1, 92), (97, 106), (71, 107), (42, 43), (62, 109), (104, 109), (38, 50), (10, 106), (58, 107), (79, 114), (64, 115), (16, 46), (32, 117), (79, 118))
((9, 25), (17, 32), (2, 17), (18, 26), (15, 31), (27, 36), (3, 37), (19, 27), (22, 30), (4, 39), (4, 20), (10, 26), (5, 29), (5, 21), (40, 45), (42, 45), (34, 43), (25, 48), (20, 28), (6, 22), (14, 51), (30, 52), (36, 53), (11, 39), (38, 43), (44, 52), (3, 55), (12, 28), (7, 15), (12, 60), (0, 60), (38, 61), (42, 63), (55, 60), (13, 21), (13, 50), (23, 31), (8, 62), (16, 69), (24, 70), (36, 70), (1, 69), (68, 71), (16, 74), (32, 74), (33, 69), (23, 40), (9, 35), (73, 76), (1, 79), (14, 66), (34, 79), (41, 68), (59, 84), (44, 67), (37, 50), (46, 82), (47, 67), (10, 81), (11, 87), (53, 82), (46, 57), (54, 78), (60, 78), (68, 95), (2, 65), (63, 91), (10, 97), (56, 99), (51, 95), (62, 72), (60, 75), (35, 68), (0, 71), (33, 81), (48, 106), (84, 91), (59, 86), (66, 109), (102, 103), (54, 101), (102, 106), (19, 104), (47, 109), (56, 114), (58, 114), (104, 113), (76, 118))
((7, 15), (0, 32), (8, 33), (16, 34), (18, 26), (15, 31), (27, 37), (23, 31), (19, 27), (22, 30), (20, 28), (3, 38), (10, 26), (12, 28), (24, 35), (11, 40), (36, 39), (39, 46), (9, 25), (38, 42), (4, 40), (5, 21), (23, 41), (32, 54), (6, 22), (2, 17), (12, 32), (11, 51), (35, 37), (33, 60), (43, 44), (44, 57), (1, 34), (4, 20), (53, 65), (5, 29), (49, 50), (64, 68), (14, 56), (67, 70), (30, 70), (37, 72), (54, 73), (17, 50), (13, 42), (67, 76), (19, 48), (39, 52), (43, 58), (65, 80), (59, 80), (41, 53), (71, 83), (32, 47), (45, 77), (66, 86), (39, 55), (62, 78), (59, 79), (0, 46), (34, 75), (16, 49), (45, 79), (9, 36), (57, 95), (1, 95), (10, 97), (2, 85), (10, 99), (62, 100), (75, 97), (48, 102), (3, 78), (47, 104), (63, 102), (32, 93), (61, 107), (13, 21), (86, 109), (14, 109), (83, 111), (72, 111), (55, 56), (73, 114), (66, 76), (61, 103), (68, 117), (25, 63))
((4, 28), (14, 22), (19, 27), (20, 27), (12, 32), (5, 21), (0, 25), (15, 31), (7, 15), (32, 37), (11, 39), (38, 39), (17, 43), (23, 31), (10, 18), (34, 46), (1, 9), (7, 33), (45, 49), (46, 48), (25, 40), (26, 51), (48, 52), (3, 40), (24, 54), (34, 45), (13, 41), (12, 35), (20, 36), (44, 56), (4, 11), (55, 62), (36, 57), (42, 59), (7, 23), (63, 65), (60, 63), (64, 65), (47, 66), (9, 66), (55, 70), (8, 17), (5, 29), (71, 73), (6, 74), (16, 54), (33, 76), (43, 75), (45, 79), (75, 77))
((7, 15), (0, 32), (8, 33), (16, 34), (18, 26), (15, 31), (27, 37), (6, 22), (23, 31), (14, 39), (19, 27), (22, 30), (20, 28), (3, 38), (10, 26), (13, 21), (30, 41), (12, 28), (24, 35), (5, 29), (1, 34), (37, 48), (14, 47), (9, 36), (35, 37), (13, 44), (51, 57), (49, 58), (45, 46), (11, 42), (33, 56), (36, 40), (40, 50), (12, 32), (45, 65), (9, 25), (17, 67), (64, 67), (1, 55), (68, 70), (62, 71), (38, 44), (11, 73), (16, 64), (23, 43), (32, 76), (32, 61), (19, 63), (4, 42), (40, 80), (4, 20), (5, 21), (43, 83), (82, 83), (2, 17), (0, 50), (34, 68), (10, 70), (66, 74), (59, 85), (54, 84), (53, 76), (63, 72), (55, 86), (60, 79), (74, 81), (47, 59), (48, 54), (32, 75), (62, 100), (52, 69), (49, 81), (40, 77), (69, 94), (66, 82), (57, 85), (41, 51), (84, 108), (39, 77), (53, 110), (2, 78), (10, 112), (60, 113), (3, 61), (79, 115), (46, 86), (25, 117), (71, 117))
((9, 25), (2, 17), (20, 28), (19, 27), (6, 22), (22, 30), (17, 32), (13, 21), (14, 39), (18, 26), (13, 34), (9, 41), (33, 43), (23, 37), (10, 26), (7, 15), (11, 35), (45, 47), (36, 49), (4, 20), (5, 29), (3, 48), (12, 47), (5, 21), (23, 31), (49, 56), (51, 55), (33, 46), (12, 28), (4, 35), (56, 61), (0, 47), (14, 36), (30, 64), (1, 43), (10, 66), (60, 62), (38, 66), (15, 31), (37, 55), (25, 59), (8, 63), (65, 70), (59, 69), (41, 56), (16, 73), (70, 77), (38, 73), (19, 76), (50, 74), (24, 77), (1, 73), (42, 58), (56, 82), (32, 85), (40, 65), (0, 82), (53, 80), (47, 48), (27, 70), (34, 91), (45, 74), (40, 71), (2, 90), (83, 86), (63, 78), (11, 92), (10, 95), (16, 85), (47, 100), (62, 98), (3, 91), (52, 64), (71, 104), (42, 52), (97, 101), (60, 106), (58, 108), (69, 97), (39, 108), (46, 103), (54, 103), (99, 112), (76, 110), (98, 113), (51, 113), (80, 112), (86, 115))
((7, 15), (0, 32), (8, 33), (16, 34), (18, 26), (15, 31), (27, 37), (6, 22), (23, 31), (14, 39), (19, 27), (22, 30), (20, 28), (3, 38), (10, 26), (13, 21), (30, 41), (12, 28), (24, 35), (5, 29), (1, 34), (37, 48), (14, 47), (9, 36), (35, 37), (13, 44), (51, 57), (49, 58), (47, 59), (45, 46), (11, 42), (33, 56), (41, 51), (36, 40), (40, 50), (12, 32), (45, 67), (9, 25), (17, 69), (34, 70), (66, 69), (52, 72), (1, 55), (10, 74), (70, 74), (63, 76), (65, 77), (38, 44), (11, 79), (16, 66), (32, 81), (48, 54), (23, 43), (32, 84), (32, 62), (19, 65), (62, 87), (4, 42), (40, 89), (0, 50), (4, 20), (5, 21), (43, 93), (92, 93), (2, 17), (46, 96), (2, 86), (53, 84), (40, 85), (72, 78), (61, 87), (80, 90), (68, 80), (63, 82), (39, 85), (76, 97), (53, 106), (64, 94), (57, 95), (54, 94), (59, 95), (55, 96), (68, 92), (49, 90), (25, 97), (3, 88), (10, 98), (61, 118))
((13, 21), (6, 22), (14, 32), (12, 28), (9, 25), (10, 26), (17, 36), (18, 26), (9, 39), (19, 27), (5, 21), (4, 41), (1, 40), (20, 28), (11, 41), (3, 46), (11, 45), (4, 20), (42, 49), (15, 31), (13, 45), (38, 44), (2, 17), (5, 29), (50, 52), (22, 30), (52, 55), (23, 31), (23, 57), (2, 46), (43, 59), (39, 59), (14, 33), (7, 15), (0, 65), (40, 54), (10, 65), (30, 64), (10, 44), (55, 64), (19, 63), (42, 57), (27, 51), (16, 65), (60, 65), (3, 74), (34, 73), (12, 65), (8, 66), (61, 68), (37, 54), (34, 69), (1, 80), (47, 72), (25, 82), (71, 73), (37, 77), (48, 74), (72, 88), (38, 80), (81, 88), (35, 62), (77, 79), (62, 89), (49, 94), (16, 80), (89, 94), (33, 76), (24, 97), (0, 100), (51, 69), (35, 58), (59, 100), (59, 76), (36, 104), (53, 82), (75, 104), (60, 102), (84, 106), (51, 97), (66, 111), (99, 102), (108, 112), (53, 112), (32, 103), (50, 103), (63, 115), (106, 118))
((7, 15), (0, 32), (8, 33), (16, 34), (18, 26), (15, 31), (27, 37), (6, 22), (23, 31), (14, 39), (19, 27), (22, 30), (20, 28), (3, 38), (10, 26), (13, 21), (30, 41), (12, 28), (24, 35), (5, 29), (1, 34), (37, 48), (14, 47), (9, 36), (35, 37), (13, 44), (51, 57), (49, 58), (47, 59), (45, 46), (11, 42), (33, 56), (41, 51), (36, 40), (40, 50), (12, 32), (45, 67), (9, 25), (17, 69), (34, 70), (66, 69), (52, 72), (1, 55), (10, 74), (70, 74), (63, 76), (65, 77), (38, 44), (11, 79), (0, 50), (68, 80), (72, 78), (48, 54), (19, 65), (61, 85), (3, 62), (85, 87), (23, 43), (53, 89), (2, 17), (55, 91), (46, 91), (25, 93), (76, 93), (32, 89), (40, 96), (39, 96), (53, 98), (4, 20), (68, 100), (16, 66), (32, 102), (63, 103), (4, 42), (40, 105), (80, 106), (49, 106), (32, 62), (2, 109), (10, 110), (61, 111), (5, 21), (100, 113), (59, 114), (57, 114), (43, 113), (54, 117), (64, 117))
((4, 20), (15, 31), (9, 25), (2, 17), (27, 33), (6, 22), (23, 31), (5, 29), (7, 15), (17, 34), (14, 37), (13, 21), (18, 26), (12, 40), (12, 28), (30, 42), (10, 26), (39, 42), (35, 48), (0, 40), (38, 44), (5, 21), (22, 30), (20, 28), (3, 36), (13, 55), (19, 52), (36, 55), (53, 54), (25, 50), (19, 27), (11, 62), (40, 63), (11, 59), (8, 51), (2, 64), (16, 66), (33, 47), (4, 62), (24, 68), (49, 60), (23, 54), (32, 53), (3, 63), (45, 56), (41, 66), (14, 43), (9, 44), (38, 71), (1, 79), (60, 78), (34, 80), (48, 56), (10, 67), (57, 74), (16, 80), (1, 66), (83, 88), (0, 71), (39, 57), (38, 70), (46, 92), (46, 91), (58, 84), (35, 79), (40, 73), (40, 87), (43, 94), (33, 68), (38, 97), (47, 78), (65, 76), (32, 76), (51, 100), (41, 81), (58, 75), (98, 105), (65, 92), (37, 97), (105, 106), (69, 110), (10, 81), (50, 106), (74, 94), (84, 85), (69, 73), (52, 111), (83, 118))
((7, 15), (0, 32), (8, 33), (16, 34), (18, 26), (15, 31), (27, 37), (6, 22), (23, 31), (14, 39), (19, 27), (22, 30), (20, 28), (3, 38), (10, 26), (13, 21), (30, 41), (12, 28), (24, 35), (5, 29), (1, 34), (37, 48), (14, 47), (9, 36), (35, 37), (13, 44), (51, 57), (49, 58), (47, 59), (45, 46), (11, 42), (33, 56), (41, 51), (36, 40), (40, 50), (12, 32), (45, 67), (9, 25), (17, 69), (34, 70), (66, 69), (52, 72), (1, 55), (10, 74), (70, 74), (63, 76), (65, 77), (38, 44), (11, 79), (68, 80), (16, 66), (32, 82), (63, 83), (48, 54), (23, 43), (53, 86), (32, 86), (39, 88), (53, 89), (40, 88), (32, 62), (19, 65), (61, 93), (3, 62), (93, 95), (4, 42), (40, 97), (49, 98), (80, 98), (72, 78), (0, 50), (4, 20), (68, 103), (5, 21), (43, 105), (64, 106), (54, 106), (103, 105), (59, 109), (57, 109), (2, 17), (55, 112), (46, 112), (76, 114), (25, 114), (2, 92), (10, 117), (61, 118))
((7, 15), (0, 32), (8, 33), (16, 34), (18, 26), (15, 31), (27, 37), (6, 22), (23, 31), (14, 39), (19, 27), (22, 30), (20, 28), (3, 38), (10, 26), (13, 21), (30, 41), (12, 28), (24, 35), (5, 29), (1, 34), (37, 48), (14, 47), (9, 36), (35, 37), (13, 44), (51, 57), (49, 58), (45, 46), (11, 42), (33, 56), (36, 40), (40, 50), (12, 32), (45, 65), (9, 25), (17, 67), (64, 67), (1, 55), (68, 70), (62, 71), (38, 44), (11, 73), (16, 64), (23, 43), (32, 76), (32, 61), (19, 63), (3, 61), (4, 42), (4, 20), (5, 21), (43, 83), (82, 83), (2, 17), (46, 86), (2, 78), (40, 81), (60, 79), (55, 86), (39, 77), (53, 76), (41, 51), (79, 80), (47, 59), (59, 85), (0, 50), (25, 87), (54, 84), (63, 72), (10, 70), (57, 85), (66, 82), (48, 54), (49, 89), (71, 87), (66, 74), (74, 89), (52, 69), (40, 77), (53, 92), (34, 68), (69, 101), (10, 88), (84, 94), (60, 115), (32, 75), (62, 118))
((7, 15), (0, 32), (18, 26), (15, 31), (27, 35), (23, 31), (19, 27), (22, 30), (23, 39), (5, 21), (8, 33), (9, 25), (3, 36), (16, 42), (35, 45), (24, 45), (33, 46), (37, 47), (11, 38), (2, 17), (4, 20), (10, 26), (12, 44), (9, 34), (5, 29), (20, 28), (13, 57), (32, 50), (12, 28), (51, 55), (0, 47), (16, 49), (43, 49), (1, 42), (34, 37), (19, 66), (51, 53), (32, 40), (56, 58), (60, 70), (39, 41), (4, 38), (41, 52), (32, 63), (48, 75), (71, 74), (64, 65), (3, 50), (67, 79), (13, 21), (71, 81), (14, 81), (72, 83), (44, 53), (37, 69), (67, 85), (58, 74), (25, 68), (32, 54), (52, 90), (37, 73), (60, 92), (2, 10), (36, 57), (11, 95), (92, 96), (90, 96), (17, 43), (42, 99), (1, 55), (10, 101), (99, 101), (68, 103), (48, 103), (66, 105), (64, 106), (59, 94), (85, 108), (6, 22), (69, 110), (14, 110), (56, 112), (72, 113), (30, 112), (83, 115), (35, 115), (40, 117), (111, 117))
((5, 13), (13, 29), (5, 21), (14, 32), (6, 14), (15, 31), (8, 24), (9, 25), (10, 26), (39, 40), (3, 27), (37, 42), (40, 43), (7, 37), (23, 31), (0, 46), (38, 47), (19, 46), (12, 43), (16, 46), (24, 51), (23, 45), (27, 49), (4, 20), (32, 55), (0, 37), (52, 57), (38, 53), (51, 59), (58, 59), (4, 28), (12, 62), (54, 63), (20, 63), (37, 38), (1, 17), (17, 52), (39, 68), (67, 69), (1, 25), (18, 71), (41, 72), (66, 71), (68, 74), (22, 30), (45, 76), (35, 76), (34, 78), (36, 79), (6, 22), (46, 81), (77, 82), (33, 81), (79, 84), (35, 84), (47, 60), (69, 87), (74, 88), (29, 62), (56, 90), (34, 90), (65, 92), (56, 93), (33, 92), (2, 10), (72, 96), (67, 97), (41, 98), (53, 96), (11, 54), (100, 101), (44, 102), (3, 101), (46, 104), (50, 104), (65, 106), (53, 105), (55, 108), (64, 109), (106, 109), (18, 26), (98, 112), (49, 112), (44, 114), (105, 114), (7, 36), (82, 117), (53, 117))
((7, 15), (0, 32), (8, 33), (16, 34), (18, 26), (15, 31), (27, 37), (6, 22), (23, 31), (14, 39), (19, 27), (22, 30), (20, 28), (3, 38), (10, 26), (13, 21), (30, 41), (12, 28), (24, 35), (5, 29), (1, 34), (37, 48), (14, 47), (9, 36), (35, 37), (13, 44), (51, 57), (49, 58), (47, 59), (45, 46), (11, 42), (33, 56), (41, 51), (36, 40), (40, 50), (12, 32), (45, 67), (9, 25), (17, 69), (34, 70), (66, 69), (52, 72), (1, 55), (10, 74), (70, 74), (63, 76), (65, 77), (38, 44), (11, 79), (68, 80), (16, 66), (32, 82), (63, 83), (48, 54), (23, 43), (53, 86), (32, 86), (39, 88), (53, 89), (40, 88), (32, 62), (19, 65), (61, 93), (3, 62), (93, 95), (4, 42), (40, 97), (49, 98), (80, 98), (72, 78), (0, 50), (4, 20), (68, 103), (5, 21), (43, 105), (64, 106), (54, 106), (103, 105), (59, 109), (57, 109), (2, 17), (55, 112), (46, 112), (25, 114), (76, 114), (2, 92), (10, 117), (61, 118))
((13, 21), (14, 32), (23, 31), (22, 30), (10, 26), (5, 29), (12, 28), (15, 31), (18, 26), (9, 40), (27, 39), (3, 42), (19, 27), (7, 15), (0, 45), (8, 46), (1, 47), (20, 28), (13, 49), (37, 50), (38, 51), (6, 22), (14, 53), (30, 54), (16, 47), (24, 56), (39, 56), (39, 55), (32, 52), (36, 43), (11, 44), (46, 58), (37, 54), (34, 40), (34, 57), (12, 45), (43, 67), (9, 25), (17, 69), (47, 70), (66, 69), (48, 72), (1, 41), (10, 74), (70, 74), (63, 76), (65, 77), (42, 49), (11, 79), (68, 80), (16, 66), (45, 82), (63, 83), (33, 55), (23, 35), (59, 86), (45, 86), (53, 88), (59, 89), (34, 88), (45, 62), (19, 65), (61, 93), (3, 62), (93, 95), (4, 44), (34, 97), (38, 98), (80, 98), (0, 57), (4, 20), (68, 102), (5, 21), (72, 78), (35, 104), (64, 106), (33, 106), (102, 104), (52, 109), (50, 109), (2, 17), (41, 112), (36, 112), (25, 114), (76, 114), (2, 10), (92, 117), (61, 118))
((7, 15), (0, 32), (8, 33), (16, 34), (18, 26), (15, 31), (27, 37), (6, 22), (23, 31), (14, 39), (19, 27), (22, 30), (20, 28), (3, 38), (10, 26), (13, 21), (30, 41), (12, 28), (24, 35), (5, 29), (37, 48), (9, 36), (13, 44), (11, 42), (36, 40), (40, 50), (12, 32), (45, 58), (9, 25), (17, 60), (1, 53), (38, 44), (11, 63), (23, 43), (32, 55), (4, 42), (4, 20), (5, 21), (2, 17), (61, 62), (32, 65), (51, 54), (2, 66), (16, 57), (57, 60), (49, 73), (35, 37), (56, 71), (19, 56), (46, 70), (43, 69), (10, 74), (25, 81), (59, 68), (14, 47), (41, 51), (40, 67), (64, 88), (82, 86), (53, 70), (33, 78), (79, 92), (40, 72), (10, 62), (49, 88), (39, 72), (52, 97), (68, 69), (45, 46), (32, 75), (92, 101), (80, 100), (0, 50), (34, 61), (47, 77), (76, 93), (52, 65), (71, 81), (48, 86), (59, 64), (82, 87), (83, 100), (77, 99), (34, 76), (1, 115), (55, 80), (3, 117), (54, 99))
((19, 27), (20, 28), (22, 30), (12, 28), (11, 32), (4, 20), (18, 26), (10, 26), (13, 21), (5, 21), (2, 17), (5, 29), (4, 32), (7, 15), (9, 38), (15, 31), (6, 22), (0, 45), (23, 31), (39, 42), (42, 46), (34, 41), (38, 50), (12, 45), (9, 25), (3, 36), (13, 33), (14, 48), (25, 51), (14, 40), (37, 41), (36, 45), (1, 46), (8, 49), (27, 47), (1, 65), (43, 59), (58, 62), (53, 61), (3, 66), (2, 63), (44, 50), (30, 59), (53, 68), (47, 74), (43, 58), (55, 71), (33, 66), (17, 56), (23, 34), (61, 74), (39, 71), (11, 79), (65, 80), (16, 65), (78, 84), (19, 54), (45, 81), (37, 78), (83, 88), (50, 89), (35, 77), (62, 93), (24, 86), (40, 93), (10, 64), (50, 95), (35, 73), (64, 80), (0, 95), (16, 98), (76, 81), (45, 102), (73, 84), (57, 88), (47, 86), (49, 107), (56, 98), (67, 109), (100, 108), (54, 111), (109, 112), (51, 100), (104, 108), (48, 89), (10, 72), (76, 116), (83, 117))
((4, 20), (10, 26), (19, 27), (7, 15), (15, 31), (22, 30), (23, 31), (0, 35), (20, 28), (2, 17), (8, 39), (13, 21), (6, 22), (5, 21), (14, 44), (32, 45), (37, 45), (23, 37), (35, 49), (33, 41), (18, 26), (12, 28), (11, 34), (5, 29), (1, 42), (4, 34), (16, 42), (36, 58), (24, 58), (38, 50), (9, 52), (27, 36), (30, 46), (3, 63), (36, 64), (38, 52), (12, 35), (40, 63), (14, 43), (38, 60), (0, 60), (35, 54), (13, 40), (55, 74), (53, 75), (41, 62), (64, 70), (46, 55), (43, 76), (1, 62), (2, 73), (39, 59), (33, 65), (48, 79), (3, 54), (65, 68), (32, 87), (9, 25), (17, 89), (11, 69), (42, 90), (71, 89), (47, 74), (56, 93), (10, 81), (87, 91), (81, 90), (83, 98), (48, 70), (19, 67), (67, 99), (38, 57), (84, 101), (16, 71), (35, 105), (83, 106), (49, 66), (25, 51), (93, 102), (86, 101), (44, 50), (91, 103), (66, 112), (53, 103), (51, 98), (47, 76), (10, 82), (84, 118))
((7, 15), (0, 32), (8, 33), (16, 34), (24, 35), (0, 36), (9, 25), (17, 38), (34, 39), (18, 26), (9, 41), (1, 42), (10, 43), (19, 27), (11, 45), (32, 46), (2, 47), (10, 48), (12, 32), (15, 31), (27, 51), (3, 52), (50, 53), (20, 28), (52, 55), (11, 56), (54, 57), (4, 20), (5, 21), (59, 60), (12, 28), (5, 29), (13, 55), (63, 64), (62, 65), (61, 66), (22, 30), (60, 68), (13, 21), (14, 70), (69, 71), (23, 68), (6, 22), (14, 74), (30, 75), (51, 76), (73, 77), (23, 31), (36, 79), (16, 80), (32, 81), (35, 51), (33, 83), (82, 84), (41, 79), (39, 43), (84, 87), (86, 88), (2, 17), (42, 90), (19, 86), (10, 26), (53, 93), (92, 94), (4, 45), (79, 96), (57, 97), (66, 70), (71, 76), (32, 73), (74, 101), (77, 102), (1, 34), (38, 80), (104, 105), (90, 93), (25, 107), (3, 46), (92, 109), (62, 97), (63, 75), (69, 112), (79, 101), (89, 105), (87, 107), (49, 94), (54, 59), (61, 64))
((7, 15), (0, 32), (8, 33), (16, 34), (18, 26), (15, 31), (27, 37), (6, 22), (23, 31), (14, 39), (19, 27), (22, 30), (20, 28), (3, 38), (10, 26), (13, 21), (30, 41), (12, 28), (24, 35), (5, 29), (9, 36), (35, 37), (13, 44), (11, 42), (33, 53), (36, 40), (40, 50), (12, 32), (9, 25), (17, 60), (58, 60), (1, 52), (61, 63), (38, 44), (23, 43), (32, 55), (4, 42), (4, 20), (5, 21), (2, 17), (46, 71), (69, 70), (11, 65), (45, 46), (19, 57), (10, 67), (37, 48), (14, 47), (32, 66), (45, 59), (43, 70), (40, 68), (56, 64), (51, 54), (49, 85), (1, 62), (32, 58), (73, 86), (49, 83), (47, 86), (41, 51), (25, 72), (74, 81), (52, 71), (0, 50), (40, 80), (10, 63), (69, 81), (64, 72), (34, 87), (79, 82), (2, 77), (74, 83), (39, 80), (48, 79), (66, 78), (57, 84), (55, 76), (82, 92), (75, 76), (78, 105), (34, 61), (62, 108), (75, 103), (54, 73), (16, 88), (56, 117), (3, 109))
((5, 21), (15, 31), (23, 31), (1, 25), (9, 25), (19, 34), (16, 34), (3, 27), (4, 28), (29, 40), (32, 41), (12, 40), (33, 39), (24, 38), (17, 45), (22, 30), (36, 46), (2, 10), (6, 14), (7, 50), (10, 26), (7, 33), (23, 53), (49, 54), (8, 24), (33, 56), (5, 13), (1, 17), (13, 29), (0, 34), (6, 22), (60, 62), (56, 61), (20, 43), (42, 65), (54, 56), (38, 67), (4, 20), (42, 60), (58, 69), (41, 71), (36, 52), (66, 71), (12, 44), (51, 54), (18, 35), (49, 77), (48, 59), (47, 53), (44, 52), (73, 77), (34, 62), (80, 83), (59, 78), (73, 85), (18, 26), (85, 87), (37, 87), (81, 89), (14, 58), (47, 91), (32, 92), (50, 93), (63, 93), (27, 37), (43, 96), (11, 96), (3, 98), (75, 99), (65, 100), (34, 99), (89, 102), (54, 102), (69, 104), (97, 105), (100, 105), (51, 83), (35, 57), (46, 109), (0, 33), (45, 111), (63, 91), (67, 112), (55, 98), (81, 115), (61, 68), (48, 117), (109, 118))
((7, 15), (0, 32), (8, 33), (16, 34), (18, 26), (15, 31), (27, 37), (6, 22), (23, 31), (14, 39), (19, 27), (22, 30), (20, 28), (3, 38), (10, 26), (13, 21), (30, 41), (12, 28), (24, 35), (5, 29), (37, 48), (14, 47), (9, 36), (35, 37), (13, 44), (51, 56), (49, 57), (45, 46), (11, 42), (33, 55), (36, 40), (40, 50), (12, 32), (9, 25), (17, 65), (63, 65), (1, 54), (66, 68), (61, 69), (38, 44), (11, 71), (16, 63), (23, 43), (32, 74), (32, 60), (19, 62), (4, 42), (4, 20), (5, 21), (43, 80), (79, 80), (2, 17), (46, 83), (2, 76), (45, 64), (40, 78), (10, 85), (34, 67), (60, 77), (62, 70), (32, 73), (41, 51), (39, 75), (81, 93), (56, 82), (59, 77), (53, 81), (25, 84), (58, 82), (79, 86), (61, 92), (52, 94), (49, 87), (72, 87), (3, 90), (72, 86), (59, 88), (10, 68), (52, 74), (0, 50), (40, 75), (48, 53), (69, 84), (1, 89), (34, 66), (67, 91), (47, 58), (54, 83))
((7, 15), (0, 32), (8, 33), (16, 34), (18, 26), (15, 31), (27, 37), (6, 22), (23, 31), (14, 39), (19, 27), (22, 30), (20, 28), (3, 38), (10, 26), (13, 21), (30, 41), (12, 28), (24, 35), (5, 29), (1, 34), (37, 48), (14, 47), (9, 36), (35, 37), (13, 44), (51, 57), (49, 58), (47, 59), (45, 46), (11, 42), (33, 56), (41, 51), (36, 40), (40, 50), (12, 32), (45, 67), (9, 25), (17, 69), (34, 70), (66, 69), (52, 72), (1, 55), (10, 74), (70, 74), (63, 76), (65, 77), (38, 44), (11, 79), (68, 80), (16, 66), (32, 82), (63, 83), (48, 54), (23, 43), (53, 86), (32, 86), (39, 88), (53, 89), (40, 88), (32, 62), (19, 65), (61, 93), (3, 62), (93, 95), (4, 42), (40, 97), (49, 98), (80, 98), (72, 78), (0, 50), (4, 20), (68, 103), (5, 21), (43, 105), (64, 106), (54, 106), (103, 105), (59, 109), (57, 109), (2, 17), (55, 112), (46, 112), (25, 114), (76, 114), (2, 92), (10, 117), (61, 118))
((7, 15), (0, 32), (8, 33), (16, 34), (18, 26), (15, 31), (27, 37), (6, 22), (23, 31), (14, 39), (20, 28), (3, 38), (13, 21), (30, 41), (12, 28), (24, 35), (5, 29), (14, 44), (9, 36), (35, 37), (13, 42), (48, 52), (33, 51), (40, 47), (41, 48), (36, 40), (46, 53), (44, 58), (45, 49), (12, 32), (43, 61), (9, 25), (17, 63), (34, 64), (1, 50), (10, 66), (64, 66), (54, 68), (57, 69), (38, 42), (11, 71), (62, 72), (16, 55), (32, 74), (54, 75), (0, 47))
((7, 15), (2, 17), (4, 20), (5, 21), (13, 21), (6, 22), (9, 25), (10, 26), (18, 26), (19, 27), (12, 28), (20, 28), (5, 29), (22, 30), (15, 31), (23, 31), (0, 32), (12, 32), (34, 35), (14, 36), (14, 37), (17, 38), (33, 39), (9, 40), (4, 41), (11, 41), (13, 43), (23, 45), (35, 45), (27, 46), (40, 47), (8, 48), (30, 52), (44, 52), (25, 54), (1, 55), (33, 55), (47, 56), (3, 57), (32, 57), (44, 58), (50, 58), (32, 59), (51, 60), (3, 61), (43, 61), (19, 62), (1, 63), (16, 63), (53, 63), (46, 64), (51, 64), (60, 65), (10, 67), (53, 67), (42, 69), (2, 71), (42, 72), (37, 74), (47, 74), (39, 76), (49, 76), (11, 77), (70, 78), (24, 80), (46, 80), (59, 82), (54, 86), (10, 88), (36, 89), (50, 89), (82, 90), (78, 92), (34, 93), (69, 94), (93, 94), (0, 96), (47, 96), (48, 97), (92, 100), (16, 109), (38, 109), (86, 110), (32, 112), (79, 113), (62, 114), (110, 115), (113, 117))
((23, 31), (0, 24), (2, 18), (27, 32), (19, 35), (17, 34), (15, 23), (4, 28), (12, 28), (10, 19), (11, 35), (6, 30), (9, 37), (7, 31), (20, 40), (1, 44), (13, 39), (10, 37), (31, 43), (38, 42), (26, 44), (16, 38), (21, 29), (6, 22), (8, 53), (20, 36), (39, 51), (33, 53), (34, 45), (57, 58), (0, 56), (18, 51), (14, 22), (40, 54), (14, 54), (18, 26), (47, 60), (4, 46), (32, 33), (41, 63), (38, 45), (62, 70), (49, 67), (60, 71), (15, 64), (32, 55), (5, 21), (13, 29), (45, 73), (76, 77), (48, 65), (33, 68), (48, 78), (25, 74), (55, 78), (50, 72), (1, 25), (57, 69), (8, 70), (47, 74), (69, 84), (72, 76), (3, 42), (65, 92), (79, 92), (36, 60), (17, 88), (16, 88), (27, 94), (62, 72), (56, 98), (77, 87), (43, 66), (72, 100), (71, 100), (46, 105), (67, 94), (66, 86), (79, 104), (73, 99), (49, 98), (64, 110), (83, 111), (86, 110), (9, 111), (58, 107), (97, 108), (56, 116))
((15, 31), (23, 31), (8, 16), (7, 15), (12, 20), (6, 14), (5, 29), (32, 34), (0, 39), (7, 37), (33, 41), (5, 21), (13, 36), (38, 44), (11, 19), (12, 28), (3, 35), (24, 35), (30, 38), (35, 40), (8, 33), (11, 48), (45, 47), (6, 22), (9, 17), (30, 55), (14, 57), (3, 46), (4, 53), (18, 26), (59, 61), (1, 25), (4, 47), (32, 46), (9, 25), (19, 27), (50, 58), (27, 59), (42, 55), (34, 49), (18, 63), (2, 56), (61, 73), (33, 39), (40, 71), (51, 52), (49, 77), (66, 77), (17, 75), (63, 80), (79, 80), (1, 76), (56, 83), (79, 83), (65, 67), (20, 64), (60, 87), (43, 87), (54, 89), (44, 89), (13, 21), (37, 43), (50, 93), (32, 58), (70, 95), (41, 95), (36, 86), (60, 98), (2, 10), (72, 100), (48, 100), (69, 102), (10, 26), (65, 104), (102, 105), (66, 104), (72, 107), (73, 107), (57, 92), (93, 110), (39, 78), (45, 92), (35, 42), (33, 67), (64, 115), (62, 115), (98, 116), (105, 117))
((7, 15), (0, 32), (8, 33), (16, 34), (18, 26), (15, 31), (27, 37), (6, 22), (23, 31), (14, 39), (19, 27), (22, 30), (20, 28), (3, 38), (10, 26), (13, 21), (30, 41), (12, 28), (24, 35), (5, 29), (37, 48), (14, 47), (9, 36), (35, 37), (13, 44), (45, 46), (11, 42), (33, 55), (36, 40), (40, 50), (12, 32), (45, 62), (9, 25), (17, 64), (1, 54), (65, 66), (38, 44), (11, 68), (23, 43), (32, 70), (19, 60), (4, 42), (40, 73), (4, 20), (5, 21), (43, 76), (2, 17), (75, 76), (61, 64), (51, 56), (49, 81), (0, 50), (54, 78), (49, 74), (32, 61), (34, 65), (2, 10), (48, 53), (41, 51), (63, 75), (10, 66), (56, 79), (34, 80), (46, 78), (25, 95), (67, 95), (40, 71), (47, 82), (39, 71), (52, 100), (77, 90), (57, 72), (53, 77), (52, 70), (79, 82), (60, 67), (59, 107), (80, 108), (63, 69), (58, 88), (32, 111), (57, 112), (16, 86), (69, 74), (59, 114), (1, 94), (58, 72), (3, 118))
((7, 15), (0, 32), (8, 33), (16, 34), (18, 26), (15, 31), (27, 37), (6, 22), (23, 31), (14, 39), (19, 27), (22, 30), (20, 28), (3, 38), (10, 26), (13, 21), (30, 41), (12, 28), (24, 35), (5, 29), (1, 34), (37, 48), (14, 47), (9, 36), (35, 37), (13, 44), (51, 57), (49, 58), (47, 59), (45, 46), (11, 42), (33, 56), (41, 51), (36, 40), (40, 50), (12, 32), (45, 67), (9, 25), (17, 69), (34, 70), (66, 69), (52, 72), (1, 55), (10, 74), (70, 74), (63, 76), (65, 77), (38, 44), (11, 79), (68, 80), (16, 66), (32, 82), (63, 83), (48, 54), (23, 43), (53, 86), (32, 86), (39, 88), (53, 89), (40, 88), (32, 62), (19, 65), (61, 93), (3, 62), (93, 95), (4, 42), (40, 97), (49, 98), (80, 98), (72, 78), (0, 50), (4, 20), (68, 103), (5, 21), (43, 105), (64, 106), (54, 106), (103, 105), (59, 109), (57, 109), (2, 17), (55, 112), (46, 112), (25, 114), (76, 114), (2, 92), (10, 117), (61, 118))
((7, 15), (0, 32), (8, 33), (16, 34), (18, 26), (15, 31), (27, 37), (6, 22), (23, 31), (14, 39), (19, 27), (22, 30), (20, 28), (3, 38), (10, 26), (13, 21), (30, 41), (12, 28), (24, 35), (5, 29), (1, 34), (37, 48), (14, 47), (9, 36), (35, 37), (13, 44), (51, 57), (49, 58), (47, 59), (45, 46), (11, 42), (33, 56), (41, 51), (36, 40), (40, 50), (12, 32), (45, 67), (9, 25), (17, 69), (34, 70), (66, 69), (52, 72), (1, 55), (10, 74), (70, 74), (63, 76), (65, 77), (38, 44), (11, 79), (68, 80), (16, 66), (32, 82), (63, 83), (48, 54), (23, 43), (53, 86), (32, 86), (39, 88), (53, 89), (40, 88), (32, 62), (19, 65), (61, 93), (3, 62), (93, 95), (4, 42), (0, 50), (72, 78), (40, 97), (80, 100), (49, 100), (4, 20), (68, 103), (2, 10), (92, 105), (61, 106), (2, 17), (55, 108), (46, 108), (25, 110), (76, 110), (5, 21), (43, 113), (54, 114), (64, 114), (103, 113), (59, 117), (57, 117))
((7, 15), (6, 21), (13, 29), (7, 14), (1, 2), (2, 26), (22, 35), (13, 30), (8, 25), (23, 31), (20, 28), (0, 32), (12, 34), (3, 11), (9, 17), (15, 31), (19, 47), (38, 41), (5, 14), (24, 47), (22, 39), (0, 41), (21, 44), (50, 52), (1, 51), (41, 48), (43, 46), (56, 58), (18, 37), (4, 42), (10, 18), (25, 62), (4, 54), (51, 53), (37, 48), (60, 63), (11, 57), (40, 58), (45, 66), (17, 67), (16, 65), (32, 70), (61, 68), (36, 63), (33, 52), (45, 62), (68, 77), (27, 78))
((7, 15), (0, 32), (7, 31), (3, 34), (0, 24), (21, 29), (6, 14), (3, 11), (16, 36), (15, 23), (13, 37), (34, 36), (27, 35), (5, 42), (9, 25), (22, 38), (30, 47), (20, 28), (31, 38), (21, 49), (8, 33), (4, 12), (32, 44), (39, 54), (12, 28), (2, 26), (34, 57), (32, 48), (40, 52), (9, 43), (11, 41), (4, 62), (43, 60), (1, 25), (2, 65), (40, 41), (45, 51), (22, 37), (48, 69), (33, 67), (65, 71), (17, 52), (19, 63), (10, 18), (42, 53), (49, 74), (32, 64), (46, 73), (36, 72), (61, 80), (73, 80), (20, 44), (53, 83), (66, 75), (46, 85), (57, 86), (5, 29), (47, 88), (56, 88), (51, 90), (76, 90), (1, 17), (61, 93), (41, 50), (14, 30), (45, 96), (69, 97), (89, 97), (95, 96), (59, 100), (34, 100), (10, 26), (93, 103), (86, 104), (66, 104), (54, 103), (62, 75), (107, 108), (50, 59), (71, 78), (55, 56), (83, 112), (74, 112), (19, 39), (58, 115), (107, 116), (108, 115), (27, 118))
((12, 28), (15, 31), (19, 27), (20, 28), (23, 31), (7, 15), (22, 30), (0, 37), (13, 21), (14, 40), (11, 34), (18, 26), (4, 20), (9, 25), (13, 35), (10, 26), (3, 42), (27, 33), (3, 49), (6, 22), (4, 34), (5, 21), (37, 42), (2, 17), (2, 54), (9, 43), (5, 29), (38, 53), (47, 50), (41, 59), (12, 37), (50, 62), (47, 55), (8, 39), (36, 43), (10, 56), (14, 51), (23, 38), (1, 65), (46, 58), (60, 67), (17, 45), (44, 53), (35, 49), (1, 57), (37, 69), (73, 76), (10, 76), (16, 65), (64, 78), (44, 63), (36, 52), (55, 57), (36, 77), (24, 80), (58, 68), (30, 68), (25, 64), (65, 73), (11, 75), (19, 66), (46, 74), (59, 87), (33, 88), (33, 80), (51, 77), (32, 71), (48, 92), (32, 83), (36, 86), (40, 98), (0, 86), (16, 101), (83, 91), (95, 97), (41, 88), (69, 95), (39, 96), (60, 92), (37, 104), (109, 111), (63, 91), (74, 98), (45, 101), (70, 115), (78, 109), (66, 117), (115, 118))
((7, 15), (0, 32), (8, 33), (16, 34), (18, 26), (15, 31), (27, 37), (6, 22), (23, 31), (14, 39), (19, 27), (22, 30), (20, 28), (3, 38), (10, 26), (13, 21), (30, 41), (12, 28), (24, 35), (5, 29), (1, 34), (37, 48), (14, 47), (9, 36), (35, 37), (13, 44), (51, 57), (49, 58), (47, 59), (45, 46), (11, 42), (33, 56), (41, 51), (36, 40), (40, 50), (12, 32), (45, 67), (9, 25), (17, 69), (66, 69), (52, 71), (38, 44), (11, 73), (68, 74), (16, 66), (32, 76), (63, 77), (48, 54), (23, 43), (32, 80), (39, 81), (53, 82), (40, 81), (32, 62), (19, 65), (61, 86), (3, 62), (86, 88), (4, 42), (4, 20), (68, 91), (5, 21), (91, 93), (59, 94), (2, 17), (55, 96), (46, 96), (25, 98), (2, 85), (10, 100), (61, 101), (0, 50), (34, 70), (53, 80), (57, 94), (43, 93), (54, 107), (64, 107), (40, 90), (74, 110), (49, 110), (1, 55), (10, 113), (70, 113), (98, 115), (63, 115), (65, 117), (71, 118))
((7, 15), (0, 32), (8, 33), (16, 34), (18, 26), (15, 31), (27, 37), (6, 22), (23, 31), (14, 39), (19, 27), (22, 30), (20, 28), (3, 38), (10, 26), (13, 21), (30, 41), (12, 28), (24, 35), (5, 29), (1, 34), (37, 48), (14, 47), (9, 36), (35, 37), (13, 44), (51, 57), (49, 58), (47, 59), (45, 46), (11, 42), (33, 56), (41, 51), (36, 40), (40, 50), (12, 32), (45, 67), (9, 25), (17, 69), (34, 70), (66, 69), (52, 72), (1, 55), (10, 74), (70, 74), (63, 76), (65, 77), (38, 44), (11, 79), (68, 80), (16, 66), (32, 82), (63, 83), (48, 54), (23, 43), (53, 86), (32, 86), (39, 88), (53, 89), (40, 88), (32, 62), (19, 65), (61, 93), (3, 62), (93, 95), (4, 42), (40, 97), (49, 98), (80, 98), (72, 78), (0, 50), (4, 20), (68, 103), (5, 21), (2, 92), (10, 106), (61, 107), (43, 105), (54, 109), (64, 109), (2, 17), (55, 112), (46, 112), (25, 114), (76, 114), (103, 105), (59, 117), (57, 117))
((7, 15), (0, 32), (8, 33), (16, 34), (18, 26), (15, 31), (27, 37), (6, 22), (23, 31), (14, 39), (19, 27), (22, 30), (20, 28), (3, 38), (10, 26), (13, 21), (30, 41), (12, 28), (24, 35), (5, 29), (1, 34), (37, 48), (14, 47), (9, 36), (35, 37), (13, 44), (51, 57), (49, 58), (47, 59), (45, 46), (11, 42), (33, 56), (41, 51), (36, 40), (40, 50), (12, 32), (45, 67), (9, 25), (17, 69), (34, 70), (66, 69), (52, 72), (1, 55), (10, 74), (70, 74), (63, 76), (65, 77), (38, 44), (11, 79), (68, 80), (16, 66), (32, 82), (63, 83), (48, 54), (23, 43), (53, 86), (32, 86), (39, 88), (40, 88), (53, 89), (72, 78), (0, 50), (4, 20), (68, 94), (19, 65), (61, 96), (3, 62), (96, 98), (2, 17), (55, 100), (46, 100), (25, 102), (76, 102), (32, 62), (2, 10), (105, 106), (61, 107), (5, 21), (94, 109), (59, 110), (57, 110), (43, 109), (64, 113), (54, 113), (4, 42), (40, 116), (80, 117), (49, 117))
((23, 31), (27, 32), (15, 23), (2, 18), (17, 35), (11, 33), (12, 28), (20, 38), (7, 31), (9, 36), (1, 41), (0, 24), (21, 29), (32, 43), (14, 44), (19, 33), (20, 47), (16, 34), (8, 49), (10, 19), (6, 30), (4, 28), (34, 37), (53, 54), (18, 54), (51, 56), (35, 40), (42, 58), (13, 53), (18, 26), (57, 58), (13, 29), (10, 36), (4, 39), (31, 52), (26, 41), (47, 58), (48, 55), (6, 22), (32, 70), (38, 44), (0, 50), (45, 73), (40, 74), (60, 72), (43, 59), (14, 22), (15, 78), (71, 79), (61, 64), (42, 81), (25, 81), (8, 45), (5, 21), (60, 85), (65, 86), (72, 87), (63, 87), (70, 85), (43, 49), (46, 90), (34, 40), (73, 93), (79, 93), (66, 93), (71, 96), (1, 25), (17, 98), (64, 99), (50, 99), (16, 98), (74, 102), (77, 103), (3, 37), (61, 105), (68, 106), (46, 52), (48, 65), (27, 105), (57, 110), (93, 110), (39, 112), (55, 113), (63, 108), (90, 115), (78, 115), (9, 103), (50, 118))
((7, 23), (19, 32), (7, 31), (4, 28), (21, 29), (20, 35), (13, 36), (10, 26), (3, 27), (18, 26), (24, 32), (1, 9), (2, 43), (15, 23), (16, 45), (3, 33), (1, 17), (17, 34), (15, 31), (5, 38), (39, 44), (29, 35), (14, 22), (25, 48), (11, 19), (2, 18), (6, 36), (47, 57), (23, 54), (0, 24), (46, 61), (14, 30), (58, 63), (51, 64), (5, 21), (4, 12), (9, 55), (52, 68), (34, 60), (38, 67), (47, 67), (34, 40), (28, 73), (72, 74), (52, 57), (51, 53), (8, 46), (12, 37), (66, 79), (53, 80), (16, 42), (49, 82), (55, 78), (42, 78), (39, 50), (50, 85), (61, 87), (82, 88), (71, 80), (68, 83), (43, 61), (49, 92), (83, 93), (84, 94), (41, 48), (69, 96), (44, 96), (54, 66), (58, 99), (65, 99), (6, 22), (65, 102), (50, 102), (60, 104), (37, 56), (45, 106), (72, 107), (41, 73), (33, 109), (86, 110), (56, 110), (59, 112), (40, 113), (86, 113), (74, 79), (63, 70), (45, 117), (104, 117))
((7, 31), (24, 32), (1, 17), (12, 28), (8, 32), (7, 23), (6, 22), (19, 37), (1, 9), (0, 33), (25, 41), (22, 30), (0, 16), (3, 19), (2, 18), (26, 40), (5, 21), (15, 23), (11, 49), (11, 45), (32, 51), (34, 42), (2, 26), (19, 50), (9, 25), (34, 46), (13, 29), (37, 38), (37, 45), (15, 43), (32, 61), (37, 44), (40, 63), (42, 64), (27, 39), (46, 66), (37, 41), (10, 18), (21, 29), (30, 70), (35, 70), (50, 69), (67, 73), (4, 35), (20, 75), (36, 44), (47, 69), (56, 78), (57, 79), (54, 79), (49, 77), (68, 82), (24, 82), (53, 84), (36, 84), (64, 85), (20, 28), (5, 88), (58, 89), (76, 90), (48, 91), (72, 91), (60, 88), (59, 61), (53, 56), (12, 55), (76, 97), (94, 97), (72, 89), (27, 51), (73, 101), (47, 57), (52, 54), (67, 104), (32, 66), (75, 106), (94, 107), (38, 58), (71, 109), (6, 14), (71, 111), (31, 111), (49, 113), (59, 113), (48, 112), (43, 116), (109, 116), (8, 68))
((7, 15), (6, 22), (15, 31), (14, 33), (11, 27), (9, 17), (11, 19), (34, 38), (23, 31), (3, 32), (22, 30), (23, 42), (32, 43), (40, 44), (18, 26), (4, 20), (2, 17), (8, 32), (0, 49), (34, 50), (3, 36), (16, 51), (8, 53), (12, 28), (2, 10), (41, 56), (16, 24), (30, 35), (5, 29), (35, 60), (19, 52), (57, 62), (11, 20), (41, 64), (55, 65), (9, 46), (48, 67), (1, 67), (10, 69), (40, 46), (52, 71), (50, 54), (5, 21), (47, 74), (13, 21), (14, 76), (59, 77), (25, 37), (50, 79), (69, 79), (49, 58), (40, 51), (82, 83), (4, 12), (29, 85), (76, 86), (34, 36), (85, 88), (65, 89), (55, 87), (75, 91), (33, 44), (34, 59), (93, 94), (43, 94), (42, 74), (77, 97), (37, 58), (1, 54), (99, 100), (71, 81), (73, 102), (99, 102), (61, 97), (10, 26), (48, 106), (81, 107), (25, 107), (28, 39), (40, 110), (89, 111), (47, 111), (39, 106), (72, 114), (57, 114), (73, 84), (75, 86), (60, 91))
((10, 26), (6, 22), (5, 21), (4, 20), (1, 17), (4, 28), (8, 24), (3, 27), (5, 13), (6, 14), (2, 10), (22, 30), (29, 37), (15, 31), (9, 25), (14, 40), (7, 41), (38, 45), (39, 45), (23, 31), (0, 45), (12, 50), (19, 51), (1, 25), (18, 55), (7, 45), (16, 51), (27, 54), (49, 55), (33, 51), (12, 37), (34, 44), (11, 59), (24, 58), (17, 65), (18, 26), (43, 57), (46, 66), (54, 67), (61, 68), (0, 51), (38, 72), (23, 57), (42, 74), (20, 62), (13, 29), (63, 77), (63, 76), (33, 77), (36, 69), (38, 74), (58, 82), (35, 40), (44, 84), (59, 62), (32, 46), (79, 84), (48, 74), (42, 56), (56, 87), (32, 50), (36, 90), (87, 93), (67, 93), (70, 92), (43, 47), (34, 97), (41, 98), (80, 98), (3, 64), (53, 101), (76, 102), (51, 101), (70, 104), (74, 104), (35, 106), (86, 107), (102, 107), (48, 61), (60, 66), (52, 65), (82, 112), (47, 80), (64, 75), (92, 115), (72, 83), (69, 117), (60, 118))
((7, 15), (0, 32), (8, 33), (16, 34), (18, 26), (15, 31), (27, 37), (6, 22), (23, 31), (14, 39), (19, 27), (22, 30), (20, 28), (3, 38), (10, 26), (30, 41), (12, 28), (24, 35), (9, 36), (35, 37), (13, 44), (33, 51), (40, 49), (12, 32), (45, 55), (9, 25), (17, 57), (1, 50), (23, 43), (32, 60), (2, 17), (50, 62), (4, 20), (45, 46), (5, 21), (13, 21), (34, 58), (46, 62), (37, 47), (25, 69), (56, 64), (10, 59), (11, 42), (4, 42), (40, 75), (48, 76), (14, 67), (47, 78), (2, 10), (5, 29), (52, 81), (48, 82), (67, 83), (36, 40), (19, 85), (60, 70), (43, 66), (78, 88), (39, 61), (41, 81), (65, 86), (40, 61), (70, 90), (0, 49), (88, 91), (64, 66), (52, 97), (83, 97), (58, 59), (69, 100), (16, 54), (53, 85), (100, 103), (32, 74), (80, 105), (65, 106), (54, 57), (104, 108), (1, 34), (108, 110), (11, 38), (44, 112), (76, 113), (56, 113), (32, 102), (53, 116), (3, 74), (86, 118))
((7, 15), (2, 17), (4, 20), (5, 21), (13, 21), (6, 22), (9, 25), (10, 26), (18, 26), (19, 27), (12, 28), (20, 28), (5, 29), (22, 30), (15, 31), (23, 31), (0, 32), (12, 32), (14, 36), (34, 35), (14, 37), (17, 38), (33, 39), (9, 40), (1, 55), (4, 41), (11, 41), (3, 58), (13, 43), (30, 52), (35, 45), (23, 45), (40, 47), (27, 46), (3, 65), (8, 48), (1, 67), (10, 56), (33, 55), (25, 54), (53, 56), (54, 72), (32, 58), (51, 60), (44, 52), (44, 60), (50, 62), (50, 61), (32, 63), (37, 80), (62, 76), (19, 64), (49, 66), (47, 57), (39, 66), (59, 83), (43, 65), (11, 88), (42, 85), (47, 80), (46, 61), (63, 92), (81, 92), (16, 67), (53, 67), (2, 74), (10, 97), (83, 86), (84, 89), (85, 89), (42, 77), (51, 102), (36, 102), (46, 95), (48, 105), (34, 84), (24, 95), (0, 108), (47, 108), (16, 110), (32, 111), (106, 112), (38, 110), (68, 114), (86, 98), (72, 106), (64, 117), (114, 118))
((7, 15), (0, 32), (8, 33), (16, 34), (18, 26), (15, 31), (27, 37), (6, 22), (23, 31), (14, 39), (19, 27), (22, 30), (20, 28), (3, 38), (10, 26), (13, 21), (30, 41), (12, 28), (24, 35), (5, 29), (1, 34), (37, 48), (14, 47), (9, 36), (35, 37), (13, 44), (51, 57), (49, 58), (47, 59), (45, 46), (11, 42), (33, 56), (41, 51), (36, 40), (40, 50), (12, 32), (45, 67), (9, 25), (17, 69), (34, 70), (66, 69), (52, 72), (1, 55), (10, 74), (70, 74), (63, 76), (65, 77), (38, 44), (11, 79), (68, 80), (32, 66), (16, 82), (63, 83), (48, 54), (23, 43), (53, 86), (32, 86), (39, 88), (53, 89), (40, 88), (19, 65), (61, 92), (62, 92), (3, 94), (4, 40), (42, 96), (49, 97), (80, 97), (72, 78), (0, 50), (4, 20), (68, 102), (5, 21), (43, 104), (64, 105), (54, 105), (102, 104), (59, 108), (57, 108), (2, 17), (55, 111), (46, 111), (25, 113), (76, 113), (2, 10), (32, 116), (62, 117), (61, 118))
((23, 31), (7, 15), (0, 33), (8, 34), (16, 35), (15, 31), (36, 37), (13, 21), (5, 29), (20, 28), (13, 41), (40, 42), (4, 20), (27, 37), (3, 45), (12, 33), (46, 47), (44, 48), (41, 45), (11, 50), (48, 51), (1, 25), (18, 53), (2, 10), (54, 55), (18, 26), (32, 57), (19, 58), (10, 26), (46, 60), (59, 61), (22, 30), (19, 27), (4, 64), (32, 65), (51, 66), (5, 21), (44, 68), (11, 64), (3, 70), (59, 71), (14, 39), (42, 69), (33, 70), (55, 75), (61, 76), (63, 68), (73, 78))
((6, 22), (7, 15), (23, 31), (5, 29), (10, 26), (19, 27), (0, 33), (4, 37), (13, 21), (15, 31), (9, 25), (8, 38), (16, 43), (18, 26), (41, 44), (34, 45), (2, 17), (27, 41), (14, 32), (3, 49), (12, 51), (1, 43), (22, 30), (20, 28), (24, 44), (4, 20), (23, 54), (30, 50), (12, 28), (14, 40), (9, 45), (1, 62), (36, 48), (41, 59), (59, 61), (13, 55), (17, 42), (35, 67), (60, 69), (40, 70), (36, 51), (11, 37), (25, 64), (33, 58), (38, 46), (0, 56), (35, 50), (5, 21), (34, 56), (33, 52), (54, 79), (43, 68), (61, 82), (42, 80), (53, 85), (10, 63), (63, 68), (76, 88), (47, 89), (49, 55), (11, 91), (81, 92), (64, 88), (16, 80), (33, 95), (76, 96), (19, 47), (58, 65), (32, 75), (48, 62), (65, 100), (34, 75), (57, 79), (33, 73), (72, 98), (3, 73), (98, 107), (34, 39), (60, 109), (78, 82), (92, 109), (85, 90), (57, 81), (70, 104), (67, 104), (2, 105), (10, 117), (72, 118))
((22, 30), (2, 17), (23, 31), (4, 20), (23, 32), (6, 22), (5, 29), (12, 28), (18, 26), (20, 28), (9, 40), (19, 27), (15, 31), (7, 15), (9, 25), (11, 43), (0, 45), (5, 21), (17, 46), (36, 45), (34, 51), (14, 37), (37, 51), (34, 40), (12, 45), (13, 41), (19, 55), (10, 26), (32, 49), (35, 49), (38, 53), (45, 47), (1, 42), (33, 59), (4, 43), (13, 21), (60, 62), (8, 48), (38, 57), (1, 69), (57, 61), (30, 53), (27, 44), (14, 67), (33, 42), (3, 47), (25, 65), (10, 64), (41, 74), (58, 77), (16, 69), (50, 69), (50, 64), (39, 70), (34, 66), (24, 82), (0, 87), (65, 84), (39, 86), (11, 80), (86, 91), (73, 75), (3, 74), (60, 75), (59, 94), (34, 87), (44, 73), (58, 96), (56, 94), (46, 97), (67, 85), (54, 98), (61, 85), (44, 82), (2, 63), (35, 100), (10, 106), (48, 105), (84, 109), (71, 101), (36, 98), (55, 110), (101, 113), (16, 97), (96, 108), (91, 100), (45, 115), (109, 118))
((9, 25), (5, 21), (5, 29), (0, 7), (15, 35), (23, 31), (13, 20), (28, 34), (38, 39), (17, 32), (8, 36), (41, 42), (5, 13), (22, 30), (14, 44), (45, 46), (6, 14), (12, 34), (33, 38), (49, 50), (4, 20), (51, 52), (44, 51), (22, 34), (48, 55), (33, 47), (48, 57), (8, 16), (31, 35), (59, 60), (16, 24), (37, 62), (1, 32), (63, 64), (18, 26), (27, 37), (66, 67), (3, 11), (68, 69), (0, 59), (63, 71), (36, 61), (72, 73))
((14, 30), (3, 27), (18, 26), (14, 22), (5, 13), (7, 23), (17, 25), (1, 17), (10, 26), (3, 19), (7, 31), (13, 29), (19, 37), (11, 41), (9, 25), (4, 12), (4, 28), (21, 36), (20, 43), (33, 42), (5, 47), (34, 44), (39, 46), (2, 18), (29, 49), (51, 53), (34, 46), (20, 48), (15, 23), (2, 38), (52, 56), (15, 31), (40, 54), (12, 59), (40, 63), (47, 60), (32, 42), (61, 64), (55, 69), (57, 66), (58, 61), (8, 60), (12, 49), (35, 68), (16, 73), (9, 76), (54, 77), (15, 75), (28, 65), (51, 80), (55, 57), (44, 45), (67, 83), (58, 69), (59, 84), (50, 74), (82, 83), (66, 88), (33, 88))
((7, 15), (0, 32), (8, 33), (16, 34), (18, 26), (15, 31), (27, 37), (6, 22), (23, 31), (14, 39), (19, 27), (22, 30), (20, 28), (3, 38), (10, 26), (13, 21), (30, 41), (12, 28), (24, 35), (5, 29), (37, 48), (14, 47), (9, 36), (45, 46), (11, 42), (41, 51), (40, 50), (12, 32), (45, 59), (9, 25), (17, 61), (34, 62), (1, 54), (10, 64), (62, 64), (38, 44), (11, 67), (60, 68), (48, 53), (23, 43), (52, 71), (32, 71), (39, 73), (52, 74), (40, 73), (3, 56), (4, 42), (0, 50), (4, 20), (60, 80), (5, 21), (80, 82), (2, 17), (54, 84), (46, 84), (25, 86), (66, 86), (13, 44), (51, 89), (49, 90), (83, 91), (43, 82), (53, 93), (57, 93), (1, 34), (32, 56), (2, 10), (97, 98), (55, 99), (47, 91), (35, 37), (83, 89), (33, 102), (58, 61), (96, 105), (40, 78), (68, 107), (49, 107), (16, 32), (58, 110), (104, 111), (36, 40), (19, 113), (55, 114), (77, 114), (66, 113), (104, 117), (105, 118))
((9, 25), (23, 31), (10, 26), (13, 14), (17, 32), (12, 28), (22, 30), (0, 8), (18, 26), (9, 40), (5, 35), (7, 15), (38, 43), (15, 31), (2, 17), (8, 45), (34, 46), (25, 48), (14, 44), (41, 46), (33, 40), (1, 41), (19, 27), (30, 50), (10, 53), (36, 53), (38, 42), (33, 54), (48, 57), (4, 37), (59, 61), (39, 43), (33, 63), (31, 44), (36, 63), (16, 64), (1, 63), (45, 55), (23, 69), (24, 67), (43, 71), (32, 71), (68, 73), (47, 72), (57, 73), (52, 76), (16, 77), (47, 78))
((5, 13), (7, 15), (0, 33), (8, 34), (15, 31), (2, 18), (10, 25), (37, 38), (1, 39), (12, 28), (19, 27), (4, 42), (23, 31), (43, 44), (41, 45), (7, 31), (36, 44), (6, 30), (48, 49), (7, 50), (1, 17), (25, 52), (8, 48), (16, 54), (53, 55), (3, 27), (12, 57), (47, 58), (4, 20), (59, 60), (14, 30), (3, 11), (20, 63), (33, 64), (41, 65), (22, 62), (32, 67), (9, 25), (17, 69), (35, 70), (24, 47), (0, 72), (9, 52), (73, 74), (16, 44), (24, 76), (0, 77), (36, 78), (29, 32), (20, 28), (80, 81), (1, 69), (77, 83))
((7, 15), (5, 21), (10, 26), (23, 31), (18, 26), (19, 27), (20, 28), (15, 31), (11, 37), (32, 40), (22, 30), (13, 21), (3, 40), (2, 17), (12, 28), (4, 37), (5, 29), (4, 20), (9, 36), (6, 22), (9, 25), (13, 38), (33, 49), (14, 43), (23, 42), (34, 45), (14, 51), (12, 32), (30, 58), (39, 60), (35, 36), (48, 58), (0, 32), (55, 60), (19, 62), (48, 53), (45, 50), (35, 47), (46, 69), (8, 64), (2, 41), (10, 72), (17, 52), (1, 50), (33, 42), (32, 56), (1, 71), (63, 76), (55, 76), (27, 39), (16, 71), (71, 74), (38, 81), (46, 67), (11, 84), (25, 57), (74, 75), (56, 61), (44, 66), (57, 88), (3, 81), (53, 54), (39, 82), (35, 77), (59, 92), (51, 77), (10, 75), (54, 85), (61, 97), (24, 82), (34, 92), (43, 85), (69, 86), (86, 96), (66, 102), (49, 96), (0, 101), (35, 101), (16, 109), (32, 110), (52, 109), (64, 94), (78, 112), (88, 113), (62, 115), (73, 102), (112, 116), (111, 113))
((9, 25), (17, 32), (2, 17), (15, 31), (27, 35), (3, 36), (19, 27), (22, 30), (23, 39), (20, 28), (4, 38), (4, 20), (5, 29), (10, 26), (5, 21), (39, 46), (36, 41), (43, 46), (34, 45), (25, 50), (6, 22), (14, 52), (30, 53), (35, 54), (11, 38), (11, 48), (40, 55), (37, 45), (44, 53), (3, 56), (12, 28), (7, 15), (40, 63), (12, 63), (56, 63), (0, 63), (37, 65), (2, 66), (57, 68), (10, 69), (59, 71), (43, 68), (52, 64), (13, 41), (13, 21), (18, 26), (23, 31), (8, 67), (16, 79), (24, 80), (35, 80), (1, 79), (78, 81), (16, 84), (32, 84), (33, 79), (9, 77), (83, 86), (1, 88), (14, 76), (34, 88), (42, 78), (62, 93), (57, 93), (44, 75), (47, 91), (62, 96), (49, 75), (10, 90), (54, 91), (47, 60), (55, 74), (64, 78), (67, 82), (63, 85), (77, 78), (0, 81), (33, 90), (50, 109), (49, 98), (76, 98), (105, 106), (105, 109), (107, 114), (19, 107), (59, 116), (61, 116), (86, 115))
((9, 25), (17, 32), (18, 26), (19, 27), (9, 34), (12, 28), (2, 17), (22, 30), (23, 39), (23, 31), (20, 28), (4, 20), (4, 35), (41, 44), (37, 45), (13, 21), (14, 47), (5, 29), (5, 21), (39, 50), (48, 51), (15, 31), (27, 53), (42, 54), (36, 38), (10, 26), (34, 41), (43, 50), (38, 57), (25, 60), (19, 58), (6, 22), (11, 35), (11, 55), (14, 63), (30, 66), (53, 67), (40, 68), (48, 67), (49, 66), (3, 64), (62, 72), (7, 15), (0, 74), (40, 74), (12, 74), (64, 74), (2, 78), (41, 76), (8, 75), (16, 81), (24, 82), (53, 82), (41, 83), (16, 85), (1, 81), (33, 81), (32, 85), (63, 76), (1, 36), (10, 91), (3, 54), (13, 42), (33, 91), (45, 65), (87, 89), (49, 94), (37, 98), (59, 94), (60, 95), (51, 71), (57, 93), (62, 103), (74, 86), (68, 90), (10, 79), (77, 93), (65, 108), (103, 107), (0, 83), (75, 84), (43, 108), (47, 99), (59, 99), (95, 112), (58, 116), (105, 112), (89, 117))
((7, 15), (0, 32), (8, 33), (16, 34), (18, 26), (15, 31), (27, 37), (6, 22), (23, 31), (14, 39), (19, 27), (22, 30), (20, 28), (3, 38), (10, 26), (13, 21), (30, 41), (12, 28), (24, 35), (5, 29), (1, 34), (37, 48), (14, 47), (9, 36), (35, 37), (13, 44), (51, 57), (49, 58), (47, 59), (45, 46), (11, 42), (33, 56), (41, 51), (36, 40), (40, 50), (12, 32), (45, 67), (9, 25), (17, 69), (34, 70), (66, 69), (52, 72), (1, 55), (10, 74), (70, 74), (63, 76), (65, 77), (38, 44), (11, 79), (68, 80), (16, 66), (32, 82), (63, 83), (48, 54), (23, 43), (53, 86), (32, 86), (39, 88), (53, 89), (40, 88), (32, 62), (19, 65), (61, 93), (3, 62), (93, 95), (4, 42), (40, 97), (49, 98), (80, 98), (72, 78), (0, 50), (4, 20), (68, 103), (5, 21), (43, 105), (64, 106), (54, 106), (103, 105), (59, 109), (57, 109), (2, 17), (55, 112), (46, 112), (25, 114), (76, 114), (2, 92), (10, 117), (61, 118))
((7, 15), (10, 26), (22, 30), (0, 32), (9, 25), (16, 32), (6, 22), (20, 28), (5, 21), (5, 29), (34, 40), (12, 32), (13, 21), (13, 39), (18, 26), (14, 44), (8, 35), (19, 27), (17, 36), (1, 48), (12, 28), (15, 31), (41, 45), (16, 48), (23, 34), (27, 53), (2, 17), (32, 56), (4, 20), (39, 57), (11, 61), (40, 60), (38, 59), (45, 63), (14, 38), (53, 55), (3, 57), (9, 46), (11, 49), (52, 54), (41, 66), (42, 47), (33, 68), (24, 55), (35, 67), (30, 66), (47, 77), (44, 71), (63, 71), (23, 31), (3, 70), (1, 69), (0, 75), (42, 72), (10, 83), (75, 81), (53, 77), (56, 88), (43, 68), (58, 69), (59, 81), (2, 10), (64, 88), (62, 90), (32, 93), (46, 81), (70, 96), (48, 50), (60, 90), (36, 87), (33, 58), (50, 83), (37, 87), (4, 49), (51, 101), (81, 105), (52, 107), (76, 104), (74, 98), (62, 107), (19, 97), (102, 103), (74, 112), (97, 103), (82, 112), (25, 102), (76, 115), (101, 118))
((5, 29), (19, 27), (4, 20), (20, 28), (5, 21), (7, 15), (12, 28), (2, 17), (15, 31), (23, 31), (6, 22), (22, 30), (9, 25), (10, 26), (13, 21), (18, 26), (11, 33), (4, 33), (13, 35), (34, 36), (0, 37), (12, 37), (27, 40), (14, 42), (23, 43), (36, 43), (17, 44), (39, 45), (14, 46), (9, 47), (41, 47), (3, 48), (37, 48), (41, 49), (32, 50), (50, 51), (8, 52), (3, 54), (35, 54), (32, 55), (30, 55), (37, 56), (25, 59), (57, 60), (39, 61), (1, 61), (19, 62), (2, 64), (38, 65), (38, 66), (58, 68), (16, 68), (1, 68), (45, 69), (53, 69), (11, 70), (57, 71), (60, 72), (40, 72), (41, 73), (42, 73), (10, 77), (58, 77), (63, 78), (10, 79), (51, 81), (46, 81), (40, 83), (24, 83), (78, 85), (34, 86), (65, 87), (86, 87), (56, 90), (90, 92), (59, 94), (85, 96), (52, 99), (0, 100), (41, 100), (94, 109), (44, 111), (16, 111), (62, 112), (84, 113), (37, 114), (113, 115), (109, 117))
((19, 27), (15, 31), (22, 30), (23, 34), (12, 28), (4, 32), (7, 15), (23, 31), (6, 22), (0, 38), (18, 26), (27, 33), (2, 17), (14, 40), (5, 29), (8, 41), (30, 45), (20, 28), (33, 48), (9, 25), (35, 50), (3, 43), (11, 32), (4, 20), (45, 46), (9, 42), (13, 49), (46, 58), (16, 47), (37, 39), (24, 60), (35, 38), (40, 63), (36, 59), (39, 62), (1, 57), (13, 21), (5, 21), (55, 69), (39, 42), (51, 66), (38, 54), (65, 68), (14, 68), (17, 51), (65, 70), (12, 38), (10, 26), (50, 64), (19, 71), (53, 78), (1, 47), (53, 79), (10, 67), (47, 76), (3, 54), (43, 49), (16, 66), (33, 60), (44, 79), (11, 88), (25, 91), (72, 83), (2, 73), (0, 62), (41, 90), (82, 92), (34, 69), (67, 76), (81, 84), (48, 75), (97, 100), (38, 89), (10, 95), (84, 105), (44, 57), (71, 103), (81, 87), (55, 82), (56, 99), (39, 63), (61, 92), (58, 70), (36, 61), (72, 108), (97, 104), (75, 99), (91, 100))
((7, 15), (0, 32), (20, 28), (8, 33), (5, 29), (16, 35), (18, 26), (15, 31), (27, 39), (6, 22), (23, 31), (14, 41), (19, 27), (22, 30), (3, 40), (10, 26), (13, 21), (30, 43), (12, 28), (24, 37), (1, 35), (39, 49), (14, 48), (9, 25), (9, 38), (37, 39), (2, 17), (13, 34), (36, 59), (50, 60), (48, 61), (46, 47), (11, 44), (33, 57), (36, 43), (38, 42), (42, 51), (12, 32), (46, 69), (17, 55), (35, 71), (55, 68), (52, 73), (1, 56), (10, 75), (71, 75), (65, 77), (67, 78), (34, 40), (11, 80), (70, 81), (16, 68), (32, 83), (65, 84), (49, 54), (23, 45), (53, 87), (32, 87), (41, 89), (53, 90), (42, 89), (32, 64), (19, 67), (63, 94), (3, 64), (94, 96), (4, 44), (42, 98), (50, 99), (81, 99), (73, 79), (0, 51), (4, 20), (70, 104), (5, 21), (45, 106), (66, 107), (54, 107), (104, 106), (61, 110), (59, 110), (56, 58), (47, 58), (25, 114), (77, 114), (2, 93), (10, 117), (63, 118))
((7, 15), (0, 32), (8, 33), (16, 34), (18, 26), (15, 31), (27, 37), (6, 22), (23, 31), (14, 39), (19, 27), (22, 30), (20, 28), (3, 38), (10, 26), (13, 21), (30, 41), (12, 28), (24, 35), (14, 47), (9, 36), (13, 44), (11, 42), (36, 40), (40, 50), (9, 25), (38, 44), (23, 43), (5, 21), (5, 29), (37, 48), (1, 52), (2, 17), (0, 50), (4, 20), (1, 34), (4, 42), (45, 46), (35, 37), (32, 59), (19, 55), (56, 57), (17, 57), (11, 58), (16, 56), (2, 10), (32, 54), (10, 63), (52, 64), (53, 61), (41, 61), (40, 68), (46, 64), (60, 66), (12, 32), (77, 78), (32, 76), (40, 71), (69, 72), (67, 73), (48, 51), (39, 71), (63, 74), (49, 81), (3, 72), (33, 70), (43, 60), (25, 84), (59, 62), (75, 83), (49, 83), (53, 85), (45, 86), (62, 93), (34, 74), (88, 97), (51, 98), (47, 95), (84, 94), (75, 104), (54, 96), (82, 98), (69, 87), (85, 95), (66, 104), (94, 97), (55, 117), (73, 118))
((3, 19), (7, 31), (0, 8), (7, 23), (34, 35), (24, 36), (15, 23), (33, 37), (2, 18), (1, 17), (27, 32), (32, 35), (11, 42), (6, 22), (11, 19), (16, 33), (12, 20), (13, 29), (45, 49), (40, 43), (4, 28), (22, 30), (9, 36), (38, 54), (34, 47), (1, 9), (26, 57), (35, 45), (10, 18), (58, 60), (40, 41), (58, 62), (15, 53), (46, 51), (17, 25), (6, 14), (10, 66), (62, 68), (2, 26), (68, 70), (21, 52), (12, 28), (43, 73), (49, 73), (72, 75), (55, 66), (5, 48), (75, 78), (33, 64), (31, 67), (38, 81), (59, 81), (5, 13), (72, 84), (14, 84), (50, 86), (53, 86), (0, 38), (39, 89), (41, 90), (55, 91), (3, 4), (20, 38), (46, 94), (52, 95), (74, 95), (25, 37), (56, 98), (57, 99), (91, 99), (59, 64), (21, 29), (78, 103), (30, 103), (67, 105), (50, 105), (27, 33), (47, 90), (36, 109), (70, 108), (65, 111), (44, 111), (93, 108), (74, 114), (48, 114), (38, 60), (42, 117), (65, 118))
((7, 15), (0, 32), (8, 33), (16, 34), (18, 26), (15, 31), (27, 37), (6, 22), (23, 31), (14, 39), (19, 27), (22, 30), (20, 28), (3, 38), (10, 26), (13, 21), (30, 41), (12, 28), (24, 35), (5, 29), (37, 48), (14, 47), (9, 36), (35, 37), (13, 44), (51, 56), (49, 57), (47, 58), (45, 46), (11, 42), (33, 55), (36, 40), (40, 50), (12, 32), (45, 65), (9, 25), (17, 67), (64, 67), (1, 54), (10, 70), (68, 70), (62, 72), (63, 73), (38, 44), (11, 75), (66, 76), (16, 64), (32, 78), (62, 79), (48, 53), (23, 43), (32, 82), (39, 83), (52, 84), (40, 83), (32, 61), (19, 63), (3, 61), (88, 89), (4, 42), (40, 91), (49, 92), (76, 92), (69, 74), (0, 50), (4, 20), (66, 97), (5, 21), (43, 99), (97, 99), (58, 101), (56, 101), (2, 17), (54, 104), (2, 87), (10, 106), (60, 107), (41, 51), (46, 104), (25, 110), (72, 110), (52, 82), (34, 68), (53, 100), (60, 88), (100, 109), (34, 69), (1, 118))
((15, 31), (8, 16), (5, 21), (15, 23), (1, 17), (4, 20), (4, 28), (7, 31), (9, 25), (12, 37), (13, 29), (11, 19), (32, 43), (33, 35), (0, 35), (24, 46), (1, 25), (2, 48), (5, 13), (30, 50), (28, 41), (10, 18), (14, 22), (9, 45), (36, 55), (10, 26), (44, 57), (33, 39), (27, 39), (29, 38), (51, 54), (42, 62), (40, 56), (37, 50), (61, 65), (2, 26), (6, 30), (6, 22), (34, 69), (51, 70), (63, 70), (32, 69), (23, 54), (39, 74), (73, 74), (3, 60), (0, 59), (63, 68), (34, 61), (52, 80), (42, 80), (24, 32), (59, 83), (8, 83), (46, 85), (48, 85), (55, 87), (35, 43), (12, 89), (52, 90), (49, 53), (40, 92), (67, 93), (47, 59), (56, 95), (87, 96), (19, 27), (3, 98), (11, 99), (35, 53), (99, 101), (58, 102), (65, 81), (7, 68), (35, 105), (73, 105), (38, 44), (36, 57), (93, 109), (49, 109), (98, 108), (90, 112), (16, 47), (60, 67), (58, 115), (100, 115), (41, 77), (112, 118))
((9, 25), (17, 32), (2, 17), (18, 26), (15, 31), (27, 36), (3, 37), (19, 27), (22, 30), (4, 39), (4, 20), (10, 26), (5, 29), (5, 21), (40, 45), (42, 45), (34, 43), (25, 48), (20, 28), (6, 22), (14, 51), (30, 52), (36, 53), (11, 39), (38, 43), (44, 52), (3, 55), (12, 28), (7, 15), (12, 60), (0, 60), (38, 61), (42, 63), (55, 60), (13, 21), (13, 50), (23, 31), (8, 62), (16, 69), (24, 70), (36, 70), (1, 69), (68, 71), (16, 74), (32, 74), (33, 69), (23, 40), (9, 35), (73, 76), (1, 79), (14, 66), (34, 79), (41, 68), (59, 84), (44, 67), (37, 50), (46, 82), (47, 67), (10, 81), (11, 87), (53, 82), (46, 57), (54, 78), (60, 78), (68, 95), (2, 65), (63, 91), (10, 97), (56, 99), (51, 95), (62, 72), (60, 75), (35, 68), (0, 71), (33, 81), (48, 106), (84, 91), (59, 86), (66, 109), (102, 103), (54, 101), (102, 106), (19, 104), (47, 109), (56, 114), (58, 114), (104, 113), (76, 118))
((7, 15), (0, 32), (8, 33), (16, 34), (18, 26), (15, 31), (27, 37), (6, 22), (23, 31), (14, 39), (19, 27), (22, 30), (20, 28), (3, 38), (10, 26), (13, 21), (30, 41), (12, 28), (24, 35), (5, 29), (1, 34), (37, 48), (14, 47), (9, 36), (35, 37), (13, 44), (51, 57), (49, 58), (47, 59), (45, 46), (11, 42), (33, 56), (41, 51), (36, 40), (40, 50), (12, 32), (45, 67), (9, 25), (17, 69), (34, 70), (66, 69), (52, 72), (1, 55), (10, 74), (70, 74), (63, 76), (65, 77), (38, 44), (11, 79), (68, 80), (16, 66), (32, 82), (63, 83), (48, 54), (23, 43), (53, 86), (32, 86), (39, 88), (53, 89), (40, 88), (32, 62), (19, 65), (61, 93), (3, 62), (93, 95), (4, 42), (40, 97), (49, 98), (80, 98), (72, 78), (0, 50), (4, 20), (68, 103), (5, 21), (2, 10), (92, 106), (61, 107), (2, 17), (55, 109), (46, 109), (25, 111), (76, 111), (43, 105), (54, 114), (64, 114), (103, 105), (59, 117), (57, 117))
((2, 10), (13, 21), (2, 17), (20, 28), (12, 28), (4, 20), (23, 31), (9, 25), (13, 35), (17, 39), (19, 27), (5, 21), (5, 29), (40, 44), (37, 43), (40, 46), (7, 15), (11, 42), (22, 30), (3, 49), (10, 26), (14, 33), (6, 22), (0, 48), (23, 50), (48, 49), (32, 57), (14, 54), (44, 59), (18, 26), (30, 59), (53, 62), (9, 61), (34, 64), (1, 64), (10, 66), (41, 66), (15, 31), (34, 52), (68, 70), (25, 70), (48, 56), (38, 73), (54, 73), (38, 61), (62, 69), (75, 77), (56, 77), (43, 50), (53, 80), (60, 80), (8, 55), (41, 83), (27, 69), (35, 85), (1, 83), (68, 76), (3, 85), (12, 89), (11, 86), (16, 83), (69, 92), (48, 90), (37, 94), (91, 94), (52, 89), (58, 97), (4, 42), (36, 45), (46, 100), (33, 100), (55, 93), (88, 103), (19, 76), (97, 105), (51, 105), (24, 92), (0, 108), (38, 99), (91, 110), (36, 110), (38, 108), (16, 113), (48, 114), (103, 115), (39, 113), (104, 117), (87, 117))
((7, 15), (0, 32), (8, 33), (16, 34), (18, 26), (15, 31), (27, 37), (6, 22), (23, 31), (14, 39), (19, 27), (22, 30), (20, 28), (3, 38), (10, 26), (13, 21), (30, 41), (12, 28), (24, 35), (5, 29), (1, 34), (37, 48), (14, 47), (9, 36), (35, 37), (13, 44), (51, 57), (49, 58), (47, 59), (45, 46), (11, 42), (33, 56), (41, 51), (36, 40), (40, 50), (12, 32), (45, 67), (9, 25), (17, 69), (34, 70), (66, 69), (52, 72), (1, 55), (10, 74), (70, 74), (65, 76), (63, 77), (38, 44), (11, 79), (68, 80), (32, 66), (16, 82), (63, 83), (48, 54), (23, 43), (53, 86), (32, 86), (39, 88), (53, 89), (40, 88), (2, 10), (19, 65), (61, 93), (3, 62), (93, 95), (4, 40), (42, 97), (49, 98), (80, 98), (72, 78), (0, 50), (4, 20), (68, 103), (5, 21), (43, 105), (64, 106), (54, 106), (103, 105), (59, 109), (57, 109), (2, 17), (55, 112), (46, 112), (25, 114), (76, 114), (32, 62), (92, 117), (61, 118))
((7, 15), (0, 32), (8, 33), (1, 34), (12, 32), (16, 34), (2, 17), (4, 20), (5, 21), (13, 21), (14, 41), (39, 40), (6, 22), (14, 44), (24, 37), (0, 46), (9, 25), (17, 48), (34, 49), (10, 26), (38, 51), (18, 26), (9, 53), (1, 54), (10, 55), (38, 54), (25, 52), (49, 55), (52, 59), (19, 27), (4, 61), (11, 61), (3, 63), (32, 63), (2, 65), (10, 66), (12, 28), (20, 28), (13, 69), (43, 70), (5, 29), (45, 72), (70, 72), (68, 74), (43, 75), (41, 75), (22, 30), (30, 45), (40, 78), (42, 80), (42, 79), (23, 78), (32, 83), (44, 84), (73, 80), (15, 31), (37, 87), (33, 88), (23, 31), (46, 90), (16, 91), (32, 92), (89, 93), (48, 91), (35, 95), (53, 90), (19, 97), (59, 89), (97, 99), (95, 100), (27, 87), (3, 102), (36, 103), (39, 104), (62, 90), (51, 103), (98, 107), (67, 107), (64, 98), (69, 102), (11, 111), (104, 112), (106, 112), (68, 106), (84, 90), (79, 87), (83, 117), (85, 117))
((7, 15), (0, 32), (8, 33), (16, 34), (18, 26), (15, 31), (27, 37), (6, 22), (23, 31), (14, 39), (19, 27), (22, 30), (20, 28), (3, 38), (10, 26), (13, 21), (30, 41), (12, 28), (24, 35), (5, 29), (1, 34), (37, 48), (14, 47), (9, 36), (35, 37), (13, 44), (51, 57), (49, 58), (47, 59), (45, 46), (11, 42), (33, 56), (41, 51), (36, 40), (40, 50), (12, 32), (45, 67), (9, 25), (17, 69), (34, 70), (66, 69), (52, 72), (1, 55), (10, 74), (70, 74), (63, 76), (65, 77), (38, 44), (11, 79), (68, 80), (16, 66), (32, 82), (63, 83), (48, 54), (23, 43), (53, 86), (32, 86), (39, 88), (53, 89), (40, 88), (32, 62), (19, 65), (61, 93), (3, 62), (93, 95), (4, 42), (0, 50), (72, 78), (4, 20), (68, 100), (2, 10), (92, 102), (61, 103), (5, 21), (100, 105), (59, 106), (57, 106), (43, 105), (54, 109), (64, 109), (40, 97), (80, 112), (49, 112), (2, 17), (55, 115), (46, 115), (25, 117), (76, 117))
((12, 28), (10, 19), (15, 23), (6, 30), (2, 18), (20, 32), (4, 37), (21, 29), (14, 39), (14, 22), (23, 31), (15, 41), (1, 25), (7, 31), (36, 45), (17, 44), (17, 36), (9, 48), (18, 26), (35, 40), (34, 45), (43, 52), (0, 24), (42, 54), (31, 35), (52, 56), (5, 21), (16, 34), (54, 59), (8, 59), (47, 61), (0, 61), (52, 63), (55, 63), (45, 65), (27, 42), (19, 67), (20, 68), (38, 69), (46, 68), (11, 67), (3, 72), (50, 73), (71, 74), (34, 72), (27, 73), (18, 76), (33, 78), (46, 79), (8, 55), (26, 49), (77, 79), (6, 22), (42, 84), (57, 85), (13, 29), (58, 84), (40, 88), (51, 87), (88, 90), (4, 28), (76, 92), (69, 93), (13, 92), (58, 95), (32, 39), (95, 97), (10, 48), (47, 99), (50, 99), (25, 101), (1, 49), (101, 103), (52, 77), (37, 105), (93, 106), (46, 103), (54, 108), (38, 96), (16, 44), (65, 111), (109, 112), (97, 110), (87, 110), (43, 85), (41, 90), (9, 61), (112, 118))
((7, 15), (0, 32), (19, 27), (8, 33), (16, 35), (2, 17), (18, 26), (23, 31), (4, 20), (15, 31), (27, 41), (9, 38), (11, 34), (32, 44), (22, 30), (23, 46), (10, 26), (5, 29), (1, 35), (3, 44), (3, 42), (24, 36), (0, 53), (39, 53), (32, 47), (1, 43), (12, 28), (16, 55), (32, 59), (9, 25), (17, 61), (57, 62), (39, 56), (36, 41), (33, 65), (60, 66), (63, 66), (5, 21), (46, 69), (40, 69), (4, 34), (39, 72), (58, 73), (37, 43), (35, 62), (2, 45), (48, 52), (20, 28), (13, 79), (49, 80), (71, 80), (58, 81), (42, 79), (11, 84), (73, 85), (10, 57), (71, 83), (13, 21), (83, 89), (14, 89), (70, 91), (10, 77), (78, 93), (37, 48), (25, 95), (63, 95), (38, 39), (68, 98), (19, 98), (78, 100), (51, 100), (6, 22), (56, 103), (14, 103), (49, 105), (70, 106), (55, 61), (50, 108), (99, 108), (30, 105), (91, 111), (41, 111), (104, 113), (47, 113), (12, 32), (52, 116), (85, 117), (40, 117))
((9, 25), (7, 15), (0, 33), (8, 34), (16, 35), (18, 26), (15, 31), (27, 38), (6, 22), (23, 31), (14, 40), (19, 27), (22, 30), (20, 28), (3, 39), (10, 26), (13, 21), (30, 42), (39, 45), (12, 28), (24, 36), (5, 29), (1, 35), (38, 49), (14, 48), (9, 37), (36, 38), (13, 45), (53, 59), (51, 60), (46, 47), (48, 61), (11, 43), (34, 58), (42, 53), (37, 41), (41, 52), (12, 33), (46, 69), (17, 32), (35, 71), (32, 68), (54, 73), (1, 57), (10, 75), (71, 75), (65, 77), (67, 78), (11, 50), (70, 80), (16, 68), (33, 82), (65, 83), (49, 56), (23, 44), (55, 86), (33, 86), (40, 88), (55, 89), (41, 88), (33, 64), (19, 67), (62, 93), (3, 64), (93, 95), (4, 43), (41, 97), (51, 98), (80, 98), (73, 79), (0, 52), (4, 20), (70, 103), (5, 21), (44, 105), (66, 106), (56, 106), (103, 105), (61, 109), (59, 109), (2, 17), (57, 112), (47, 112), (25, 114), (77, 114), (2, 92), (10, 117), (62, 118))
((2, 17), (23, 31), (19, 27), (4, 20), (9, 25), (4, 34), (5, 29), (15, 31), (10, 26), (27, 39), (32, 40), (20, 28), (6, 22), (14, 44), (11, 34), (38, 45), (3, 46), (12, 28), (7, 15), (12, 50), (46, 50), (0, 50), (2, 52), (10, 54), (22, 30), (5, 21), (13, 21), (18, 26), (33, 59), (19, 60), (13, 43), (8, 53), (1, 63), (16, 63), (17, 36), (25, 42), (48, 61), (23, 56), (3, 41), (33, 37), (9, 59), (38, 62), (49, 73), (56, 57), (41, 43), (35, 57), (47, 75), (11, 76), (30, 45), (40, 70), (50, 69), (51, 70), (79, 83), (55, 81), (35, 83), (44, 82), (14, 58), (63, 66), (39, 65), (24, 65), (33, 91), (32, 72), (61, 81), (1, 72), (66, 95), (74, 77), (71, 79), (49, 71), (75, 88), (58, 74), (62, 77), (80, 88), (39, 80), (87, 104), (33, 82), (53, 90), (96, 107), (0, 91), (36, 92), (16, 92), (10, 95), (64, 110), (42, 96), (69, 104), (60, 108), (50, 111), (107, 117), (110, 116))
((7, 15), (0, 32), (8, 33), (16, 34), (18, 26), (15, 31), (27, 37), (6, 22), (23, 31), (14, 39), (19, 27), (22, 30), (20, 28), (3, 38), (10, 26), (13, 21), (30, 41), (12, 28), (24, 35), (5, 29), (1, 34), (37, 48), (14, 47), (9, 36), (35, 37), (13, 44), (51, 57), (49, 58), (47, 59), (45, 46), (11, 42), (33, 56), (41, 51), (36, 40), (40, 50), (12, 32), (45, 67), (9, 25), (17, 69), (34, 70), (66, 69), (52, 72), (1, 55), (10, 74), (70, 74), (63, 76), (65, 77), (38, 44), (11, 79), (68, 80), (16, 66), (32, 82), (63, 83), (48, 54), (23, 43), (53, 86), (32, 86), (39, 88), (53, 89), (40, 88), (32, 62), (19, 65), (61, 93), (3, 62), (93, 95), (4, 42), (40, 97), (49, 98), (80, 98), (72, 78), (0, 50), (4, 20), (68, 103), (5, 21), (43, 105), (64, 106), (54, 106), (103, 105), (59, 109), (57, 109), (2, 92), (10, 112), (61, 113), (2, 17), (55, 115), (46, 115), (25, 117), (76, 117))
((5, 21), (15, 31), (23, 31), (9, 25), (19, 34), (1, 25), (3, 27), (16, 34), (4, 28), (29, 40), (32, 41), (12, 40), (33, 38), (24, 39), (17, 45), (22, 30), (35, 46), (2, 10), (6, 14), (7, 50), (10, 26), (7, 33), (23, 53), (20, 43), (1, 17), (5, 13), (8, 24), (33, 58), (13, 29), (42, 60), (6, 22), (60, 62), (4, 20), (0, 34), (58, 65), (54, 58), (39, 67), (57, 64), (41, 69), (35, 52), (12, 44), (51, 54), (18, 37), (49, 74), (48, 56), (47, 53), (71, 74), (34, 62), (77, 79), (44, 52), (56, 75), (71, 82), (18, 26), (36, 84), (81, 85), (14, 57), (47, 87), (32, 88), (50, 89), (63, 89), (27, 36), (43, 92), (11, 92), (3, 94), (72, 95), (34, 95), (85, 97), (54, 97), (64, 99), (96, 100), (37, 59), (63, 87), (65, 68), (48, 104), (102, 105), (33, 45), (0, 107), (51, 79), (46, 102), (93, 100), (55, 96), (67, 108), (82, 84), (42, 55), (69, 115), (54, 94), (49, 117), (81, 118))
((7, 15), (0, 32), (8, 33), (16, 34), (18, 26), (15, 31), (27, 37), (6, 22), (23, 31), (14, 39), (19, 27), (22, 30), (20, 28), (3, 38), (10, 26), (13, 21), (30, 41), (12, 28), (24, 35), (5, 29), (1, 34), (37, 48), (14, 47), (9, 36), (35, 37), (13, 44), (51, 57), (49, 58), (47, 59), (45, 46), (11, 42), (33, 56), (41, 51), (36, 40), (40, 50), (12, 32), (45, 67), (9, 25), (17, 69), (34, 70), (66, 69), (52, 72), (1, 55), (10, 74), (70, 74), (65, 76), (63, 77), (38, 44), (11, 79), (68, 80), (16, 66), (32, 82), (63, 83), (48, 54), (23, 43), (53, 86), (32, 86), (39, 88), (53, 89), (40, 88), (32, 62), (19, 65), (2, 92), (61, 93), (3, 62), (93, 96), (4, 42), (40, 98), (49, 99), (80, 99), (72, 78), (0, 50), (4, 20), (68, 104), (5, 21), (43, 106), (64, 107), (54, 107), (104, 106), (59, 110), (57, 110), (2, 17), (55, 113), (46, 113), (25, 115), (76, 115), (10, 94), (61, 118))
((7, 15), (0, 32), (8, 33), (16, 34), (18, 26), (15, 31), (27, 37), (6, 22), (23, 31), (14, 39), (19, 27), (22, 30), (20, 28), (3, 38), (10, 26), (13, 21), (30, 41), (12, 28), (24, 35), (5, 29), (1, 34), (37, 48), (14, 47), (9, 36), (35, 37), (13, 44), (51, 57), (49, 58), (45, 46), (11, 42), (33, 56), (36, 40), (40, 50), (12, 32), (45, 65), (9, 25), (17, 67), (64, 67), (1, 55), (68, 70), (62, 71), (38, 44), (11, 73), (23, 43), (19, 63), (3, 61), (4, 42), (40, 78), (4, 20), (5, 21), (43, 81), (80, 81), (2, 17), (46, 84), (32, 75), (32, 61), (2, 87), (16, 64), (10, 70), (53, 75), (55, 84), (48, 54), (63, 72), (69, 94), (71, 85), (25, 85), (32, 89), (39, 86), (53, 99), (59, 83), (52, 69), (0, 50), (60, 76), (34, 68), (62, 98), (40, 86), (10, 88), (60, 108), (66, 80), (54, 82), (66, 74), (76, 77), (49, 79), (47, 59), (74, 79), (57, 83), (41, 51), (82, 118))
((7, 15), (0, 32), (8, 33), (16, 34), (18, 26), (15, 31), (27, 37), (23, 31), (19, 27), (22, 30), (20, 28), (3, 38), (24, 35), (39, 44), (9, 25), (38, 42), (23, 41), (10, 26), (5, 21), (9, 36), (4, 20), (2, 17), (13, 21), (11, 47), (4, 40), (16, 45), (51, 53), (39, 56), (55, 59), (17, 46), (34, 61), (45, 46), (32, 57), (1, 51), (10, 65), (61, 65), (12, 28), (59, 68), (50, 52), (36, 39), (49, 53), (25, 72), (67, 72), (12, 32), (43, 75), (55, 76), (52, 76), (5, 29), (0, 44), (35, 37), (13, 42), (79, 82), (70, 82), (68, 83), (54, 85), (70, 85), (41, 50), (33, 81), (11, 40), (32, 90), (2, 91), (10, 92), (3, 90), (67, 71), (89, 95), (63, 96), (19, 71), (94, 98), (32, 48), (39, 100), (6, 22), (100, 102), (14, 102), (79, 104), (88, 105), (30, 104), (1, 34), (64, 89), (63, 108), (37, 107), (103, 111), (48, 111), (14, 54), (88, 114), (107, 114), (43, 49), (98, 117), (93, 117))
((23, 31), (15, 23), (32, 33), (7, 31), (6, 22), (34, 35), (32, 36), (11, 19), (33, 39), (12, 40), (34, 36), (2, 10), (27, 35), (0, 34), (24, 45), (8, 46), (33, 47), (16, 32), (46, 49), (18, 26), (32, 51), (31, 37), (12, 28), (22, 30), (53, 55), (10, 26), (13, 29), (3, 44), (34, 57), (5, 21), (48, 50), (35, 45), (62, 63), (43, 57), (4, 20), (28, 66), (54, 67), (59, 68), (3, 27), (19, 52), (39, 70), (44, 65), (72, 73), (60, 70), (12, 67), (24, 49), (36, 61), (20, 67), (8, 63), (9, 80), (13, 61), (79, 82), (32, 62), (76, 83), (14, 22), (2, 57), (23, 86), (17, 25), (81, 89), (87, 89), (1, 84), (61, 83), (21, 29), (54, 94), (1, 89), (55, 61), (51, 91), (14, 94), (78, 99), (97, 100), (25, 98), (58, 101), (9, 51), (2, 17), (1, 104), (51, 106), (25, 107), (77, 108), (27, 32), (33, 110), (11, 111), (79, 112), (92, 107), (90, 114))
((7, 15), (0, 32), (8, 33), (16, 34), (18, 26), (15, 31), (27, 37), (6, 22), (23, 31), (14, 39), (19, 27), (22, 30), (20, 28), (3, 38), (10, 26), (13, 21), (30, 41), (12, 28), (24, 35), (5, 29), (1, 34), (37, 48), (14, 47), (9, 36), (35, 37), (13, 44), (51, 57), (49, 58), (47, 59), (45, 46), (11, 42), (33, 56), (41, 51), (36, 40), (40, 50), (12, 32), (45, 67), (9, 25), (17, 69), (34, 70), (66, 69), (52, 72), (1, 55), (10, 74), (70, 74), (63, 65), (76, 77), (38, 44), (11, 79), (68, 80), (16, 66), (32, 82), (63, 83), (48, 54), (23, 43), (53, 86), (32, 86), (39, 88), (53, 89), (40, 88), (32, 62), (19, 65), (61, 93), (3, 93), (62, 95), (4, 42), (40, 97), (49, 98), (80, 98), (72, 78), (0, 50), (4, 20), (68, 103), (5, 21), (43, 105), (64, 106), (54, 106), (103, 105), (59, 109), (57, 109), (2, 17), (55, 112), (46, 112), (25, 114), (76, 114), (2, 92), (10, 117), (61, 118))
((10, 26), (2, 10), (4, 28), (1, 17), (4, 20), (29, 34), (9, 25), (3, 27), (1, 25), (6, 14), (22, 30), (13, 29), (32, 38), (12, 34), (23, 31), (5, 13), (18, 26), (15, 31), (8, 24), (5, 21), (6, 22), (49, 50), (46, 52), (7, 41), (20, 45), (43, 52), (18, 40), (36, 47), (54, 55), (0, 46), (19, 46), (37, 59), (33, 58), (39, 49), (37, 51), (16, 46), (50, 61), (12, 65), (7, 49), (0, 49), (14, 47), (57, 72), (40, 53), (42, 72), (42, 70), (32, 65), (48, 62), (44, 58), (51, 75), (35, 64), (27, 62), (56, 66), (23, 70), (33, 84), (41, 80), (43, 66), (57, 80), (24, 67), (48, 81), (54, 76), (45, 82), (44, 81), (77, 78), (59, 83), (50, 84), (11, 82), (17, 89), (38, 98), (55, 84), (71, 89), (35, 99), (96, 101), (67, 96), (61, 104), (85, 97), (77, 106), (74, 98), (3, 97), (69, 109), (99, 105), (56, 110), (46, 109), (74, 111), (78, 113), (84, 113), (36, 116), (110, 117), (92, 117))
((7, 15), (0, 32), (8, 33), (16, 34), (18, 26), (15, 31), (27, 37), (6, 22), (23, 31), (14, 39), (19, 27), (22, 30), (20, 28), (3, 38), (10, 26), (13, 21), (30, 41), (12, 28), (24, 35), (5, 29), (1, 34), (37, 48), (14, 47), (9, 36), (35, 37), (13, 44), (51, 57), (49, 58), (47, 59), (45, 46), (11, 42), (33, 56), (41, 51), (36, 40), (40, 50), (12, 32), (45, 67), (9, 25), (17, 69), (34, 70), (66, 69), (52, 72), (1, 55), (10, 74), (70, 74), (63, 76), (65, 77), (38, 44), (11, 79), (68, 80), (16, 66), (32, 82), (63, 83), (48, 54), (23, 43), (53, 86), (32, 86), (39, 88), (53, 89), (40, 88), (32, 62), (19, 65), (61, 93), (3, 62), (93, 95), (4, 42), (40, 97), (49, 98), (80, 98), (72, 78), (0, 50), (4, 20), (68, 103), (5, 21), (43, 105), (64, 106), (54, 106), (103, 105), (59, 109), (57, 109), (2, 17), (55, 112), (46, 112), (25, 114), (76, 114), (2, 92), (10, 117), (61, 118))
((7, 15), (13, 21), (0, 32), (8, 34), (16, 35), (18, 26), (15, 31), (6, 22), (27, 38), (23, 31), (14, 39), (19, 27), (22, 30), (20, 28), (5, 29), (3, 40), (10, 26), (30, 42), (12, 28), (24, 36), (1, 35), (38, 49), (14, 33), (9, 37), (36, 38), (13, 45), (46, 57), (50, 58), (33, 59), (47, 48), (11, 43), (34, 56), (42, 46), (37, 41), (41, 51), (12, 47), (32, 67), (9, 25), (17, 69), (35, 70), (66, 69), (52, 72), (1, 55), (10, 74), (70, 74), (63, 76), (65, 77), (40, 45), (11, 79), (68, 80), (16, 66), (32, 82), (63, 83), (49, 54), (23, 44), (53, 86), (32, 86), (39, 88), (53, 89), (41, 88), (32, 62), (19, 65), (61, 93), (3, 62), (93, 95), (4, 43), (41, 97), (50, 98), (80, 98), (72, 78), (0, 51), (4, 20), (68, 103), (5, 21), (44, 105), (64, 106), (54, 106), (103, 105), (59, 109), (57, 109), (2, 17), (55, 112), (48, 112), (25, 114), (76, 114), (2, 92), (10, 117), (61, 118))
((5, 13), (7, 23), (19, 33), (3, 27), (9, 25), (15, 23), (8, 37), (16, 38), (33, 39), (7, 31), (6, 32), (18, 26), (15, 31), (0, 44), (1, 36), (40, 45), (14, 30), (42, 48), (17, 46), (4, 28), (24, 40), (35, 41), (4, 12), (36, 43), (10, 26), (45, 46), (11, 19), (9, 39), (50, 59), (17, 25), (5, 54), (2, 61), (55, 63), (56, 63), (38, 47), (52, 66), (6, 22), (49, 68), (14, 22), (24, 41), (66, 71), (57, 72), (23, 70), (41, 74), (48, 75), (37, 76), (44, 56), (61, 66), (21, 32), (51, 80), (3, 34), (28, 53), (50, 65), (55, 84), (44, 68), (74, 86), (76, 86), (20, 51), (12, 89), (83, 90), (2, 18), (84, 92), (29, 80), (62, 94), (49, 94), (82, 92), (13, 29), (44, 79), (59, 99), (73, 99), (90, 98), (81, 102), (62, 102), (54, 82), (83, 105), (34, 43), (58, 89), (37, 108), (105, 109), (53, 107), (78, 111), (58, 111), (97, 113), (78, 114), (35, 114), (70, 98), (96, 117), (42, 117))
((7, 15), (0, 32), (8, 33), (16, 34), (18, 26), (15, 31), (27, 37), (6, 22), (23, 31), (14, 39), (19, 27), (22, 30), (20, 28), (3, 38), (10, 26), (13, 21), (30, 41), (12, 28), (24, 35), (5, 29), (1, 34), (37, 48), (14, 47), (9, 36), (35, 37), (13, 44), (51, 57), (49, 58), (47, 59), (45, 46), (11, 42), (33, 56), (41, 51), (36, 40), (40, 50), (12, 32), (45, 67), (9, 25), (17, 69), (34, 70), (66, 69), (52, 72), (1, 55), (10, 74), (70, 74), (63, 76), (65, 77), (38, 44), (11, 79), (68, 80), (16, 66), (32, 82), (63, 83), (48, 54), (23, 43), (53, 86), (0, 50), (72, 78), (32, 86), (40, 90), (39, 90), (53, 92), (32, 62), (2, 94), (10, 95), (61, 96), (2, 17), (55, 98), (46, 98), (25, 100), (76, 100), (19, 65), (61, 103), (4, 42), (40, 105), (80, 106), (49, 106), (5, 21), (43, 109), (54, 110), (64, 110), (4, 20), (68, 113), (109, 113), (59, 115), (57, 115), (3, 62), (103, 118))
((22, 30), (5, 29), (15, 31), (4, 20), (20, 28), (6, 22), (13, 21), (5, 21), (7, 15), (12, 28), (2, 17), (9, 25), (10, 26), (18, 26), (19, 27), (23, 31), (23, 32), (27, 34), (13, 36), (14, 37), (14, 38), (32, 39), (35, 39), (0, 40), (12, 40), (17, 43), (42, 44), (9, 45), (4, 46), (11, 46), (45, 47), (40, 48), (3, 49), (36, 49), (33, 50), (30, 51), (33, 51), (52, 53), (50, 54), (8, 55), (25, 58), (42, 59), (1, 59), (47, 60), (3, 61), (40, 61), (19, 62), (47, 63), (37, 63), (44, 64), (56, 64), (11, 65), (41, 66), (52, 67), (34, 67), (53, 68), (57, 71), (16, 71), (1, 71), (10, 74), (57, 74), (41, 75), (2, 77), (76, 78), (78, 81), (35, 82), (75, 83), (82, 83), (54, 84), (38, 84), (48, 86), (80, 86), (34, 89), (24, 89), (58, 92), (10, 94), (55, 104), (0, 105), (47, 105), (81, 107), (92, 108), (43, 110), (16, 110), (62, 112), (90, 113), (40, 114), (113, 115), (108, 117))
((7, 15), (0, 32), (8, 33), (16, 34), (24, 35), (0, 36), (9, 25), (17, 38), (34, 39), (18, 26), (9, 41), (1, 42), (10, 43), (15, 31), (35, 45), (33, 46), (23, 31), (36, 48), (16, 49), (32, 50), (47, 51), (19, 27), (11, 53), (32, 54), (2, 55), (10, 56), (39, 43), (47, 58), (41, 48), (59, 60), (2, 17), (42, 62), (6, 22), (14, 64), (30, 65), (45, 66), (22, 30), (23, 68), (32, 69), (64, 70), (67, 71), (12, 32), (27, 45), (3, 74), (73, 75), (20, 28), (74, 77), (11, 78), (76, 79), (19, 60), (10, 26), (75, 82), (81, 83), (62, 82), (25, 85), (3, 54), (81, 87), (48, 70), (58, 85), (57, 83), (12, 28), (5, 29), (13, 77), (93, 94), (92, 95), (4, 20), (5, 21), (97, 98), (96, 99), (4, 53), (48, 101), (79, 102), (92, 102), (76, 97), (1, 34), (38, 49), (106, 107), (68, 98), (13, 21), (14, 110), (109, 111), (96, 110), (61, 107), (94, 99), (67, 69), (66, 111), (65, 93), (109, 118))
((7, 15), (0, 32), (8, 33), (16, 34), (18, 26), (15, 31), (27, 37), (6, 22), (23, 31), (14, 39), (19, 27), (22, 30), (20, 28), (3, 38), (10, 26), (13, 21), (30, 41), (12, 28), (24, 35), (5, 29), (37, 48), (14, 47), (9, 36), (35, 37), (13, 44), (51, 56), (49, 57), (45, 46), (11, 42), (33, 55), (36, 40), (40, 50), (12, 32), (45, 64), (9, 25), (17, 66), (63, 66), (1, 54), (67, 69), (61, 70), (38, 44), (11, 72), (16, 63), (23, 43), (32, 75), (32, 60), (19, 62), (3, 60), (4, 42), (40, 80), (4, 20), (5, 21), (43, 83), (82, 83), (2, 17), (46, 86), (2, 77), (34, 68), (73, 81), (34, 67), (70, 87), (40, 76), (65, 82), (54, 86), (65, 73), (78, 79), (41, 51), (32, 74), (61, 99), (39, 76), (56, 85), (25, 87), (59, 78), (58, 85), (10, 69), (0, 50), (52, 101), (48, 53), (52, 75), (47, 58), (10, 88), (49, 81), (62, 71), (68, 114), (59, 112), (84, 98), (1, 89), (53, 84))
((7, 15), (0, 32), (8, 33), (16, 34), (18, 26), (15, 31), (27, 37), (6, 22), (23, 31), (14, 39), (19, 27), (22, 30), (20, 28), (3, 38), (10, 26), (13, 21), (30, 41), (12, 28), (24, 35), (5, 29), (1, 34), (37, 48), (14, 47), (9, 36), (35, 37), (13, 44), (51, 57), (49, 58), (47, 59), (45, 46), (11, 42), (33, 56), (41, 51), (36, 40), (40, 50), (12, 32), (45, 67), (9, 25), (17, 69), (34, 70), (66, 69), (52, 72), (1, 55), (10, 74), (70, 74), (63, 76), (65, 77), (38, 44), (11, 79), (68, 80), (16, 66), (32, 82), (63, 83), (48, 54), (23, 43), (53, 86), (32, 86), (39, 88), (53, 89), (40, 88), (32, 62), (19, 65), (61, 93), (3, 62), (93, 95), (4, 40), (42, 97), (49, 98), (80, 98), (72, 78), (0, 50), (4, 20), (68, 103), (5, 21), (43, 105), (64, 106), (54, 106), (103, 105), (59, 109), (57, 109), (2, 17), (55, 112), (46, 112), (25, 114), (76, 114), (2, 92), (10, 117), (61, 118))
((7, 23), (15, 23), (16, 24), (32, 34), (8, 35), (17, 35), (33, 36), (16, 38), (20, 28), (10, 18), (4, 20), (3, 19), (27, 43), (9, 25), (5, 13), (13, 29), (1, 25), (12, 42), (17, 45), (6, 22), (1, 50), (7, 31), (27, 53), (39, 53), (48, 55), (11, 19), (32, 43), (22, 30), (42, 46), (21, 40), (2, 18), (58, 62), (26, 48), (41, 64), (60, 61), (52, 62), (40, 58), (0, 33), (11, 44), (47, 51), (15, 59), (53, 72), (14, 46), (5, 21), (32, 51), (72, 76), (57, 63), (59, 74), (75, 79), (71, 80), (12, 57), (37, 53), (56, 83), (52, 83), (47, 61), (75, 86), (64, 67), (3, 49), (54, 89), (68, 90), (2, 26), (54, 92), (70, 93), (78, 93), (71, 74), (45, 65), (67, 97), (6, 14), (80, 99), (31, 99), (65, 92), (55, 69), (34, 69), (76, 101), (33, 101), (35, 103), (33, 41), (44, 108), (78, 109), (36, 104), (50, 111), (56, 112), (33, 82), (68, 114), (28, 49), (86, 116), (60, 117), (114, 116))
((7, 15), (0, 32), (8, 33), (16, 34), (18, 26), (15, 31), (27, 37), (6, 22), (23, 31), (14, 39), (19, 27), (22, 30), (20, 28), (3, 38), (10, 26), (13, 21), (30, 41), (12, 28), (24, 35), (5, 29), (1, 34), (37, 48), (14, 47), (9, 36), (35, 37), (13, 44), (51, 57), (49, 58), (45, 46), (11, 42), (33, 56), (41, 51), (36, 40), (40, 50), (12, 32), (45, 66), (9, 25), (17, 68), (65, 68), (1, 55), (10, 71), (69, 71), (62, 73), (64, 74), (38, 44), (11, 76), (16, 65), (32, 78), (23, 43), (53, 80), (32, 80), (40, 82), (39, 82), (32, 61), (19, 64), (60, 86), (3, 61), (4, 42), (40, 89), (53, 84), (4, 20), (67, 92), (70, 75), (5, 21), (62, 79), (43, 95), (47, 59), (63, 97), (77, 90), (92, 95), (48, 54), (67, 77), (34, 69), (59, 101), (52, 70), (49, 90), (54, 97), (57, 101), (2, 17), (86, 88), (46, 110), (25, 112), (73, 112), (55, 110), (2, 85), (10, 116), (0, 50), (60, 117))
((7, 15), (0, 32), (8, 33), (16, 34), (18, 26), (15, 31), (27, 37), (6, 22), (23, 31), (14, 39), (19, 27), (22, 30), (20, 28), (3, 38), (30, 41), (13, 21), (10, 26), (12, 28), (24, 35), (1, 34), (5, 29), (37, 46), (14, 47), (9, 36), (35, 37), (13, 44), (52, 57), (49, 58), (47, 59), (45, 48), (11, 42), (33, 56), (41, 52), (36, 40), (32, 45), (40, 50), (12, 66), (9, 25), (67, 69), (17, 69), (1, 55), (34, 71), (51, 70), (10, 72), (71, 72), (63, 76), (38, 44), (11, 78), (68, 79), (65, 77), (16, 67), (32, 82), (63, 83), (46, 54), (23, 43), (32, 86), (39, 87), (53, 86), (19, 65), (40, 87), (53, 88), (3, 90), (61, 90), (62, 93), (32, 62), (4, 42), (40, 97), (49, 98), (79, 98), (70, 81), (0, 50), (4, 20), (68, 103), (5, 21), (43, 105), (64, 106), (54, 106), (103, 105), (59, 109), (57, 109), (2, 17), (55, 112), (48, 112), (25, 114), (76, 114), (2, 96), (10, 117), (61, 118))
((10, 26), (20, 28), (18, 26), (13, 33), (7, 15), (19, 27), (4, 37), (22, 30), (23, 39), (12, 28), (4, 20), (0, 36), (23, 31), (5, 29), (34, 44), (2, 17), (13, 21), (8, 43), (36, 40), (16, 49), (9, 34), (19, 46), (47, 52), (15, 31), (32, 47), (24, 51), (44, 57), (11, 37), (16, 58), (9, 25), (3, 59), (1, 49), (25, 56), (12, 36), (17, 61), (1, 52), (51, 55), (10, 67), (27, 55), (53, 62), (6, 22), (14, 48), (3, 70), (38, 44), (36, 59), (66, 67), (36, 60), (56, 77), (2, 76), (65, 74), (58, 61), (10, 80), (41, 75), (49, 66), (50, 72), (33, 70), (32, 74), (14, 72), (53, 88), (30, 89), (11, 87), (75, 92), (83, 88), (45, 89), (44, 50), (73, 91), (0, 57), (55, 91), (35, 45), (63, 82), (81, 92), (40, 99), (41, 100), (48, 104), (42, 81), (43, 68), (77, 107), (5, 21), (42, 109), (39, 109), (95, 111), (78, 107), (73, 111), (104, 110), (46, 108), (82, 116), (35, 110), (86, 99))
((7, 15), (20, 28), (9, 25), (16, 32), (18, 26), (10, 26), (5, 21), (0, 32), (15, 31), (8, 39), (22, 30), (6, 22), (16, 41), (40, 44), (5, 29), (38, 42), (17, 34), (39, 45), (11, 33), (24, 44), (0, 51), (41, 48), (2, 17), (14, 43), (46, 55), (9, 36), (47, 56), (54, 57), (23, 31), (27, 40), (19, 27), (1, 57), (10, 63), (3, 61), (1, 41), (4, 20), (37, 65), (13, 21), (11, 62), (13, 33), (46, 71), (30, 55), (12, 28), (37, 54), (25, 75), (40, 73), (12, 32), (14, 69), (73, 79), (4, 62), (47, 79), (72, 74), (69, 83), (36, 60), (51, 60), (65, 78), (35, 86), (67, 87), (49, 88), (3, 70), (34, 86), (66, 92), (48, 63), (49, 94), (75, 94), (85, 95), (92, 97), (50, 61), (87, 99), (23, 42), (77, 101), (32, 101), (60, 103), (43, 103), (77, 105), (19, 85), (91, 107), (68, 107), (60, 81), (99, 110), (74, 110), (38, 67), (71, 113), (2, 70), (83, 113), (32, 115), (10, 117), (68, 118))
((22, 30), (6, 22), (23, 32), (23, 31), (15, 31), (7, 15), (34, 37), (35, 38), (33, 38), (0, 37), (8, 41), (12, 37), (1, 42), (16, 42), (24, 45), (35, 46), (16, 47), (37, 48), (36, 45), (27, 36), (3, 51), (19, 27), (11, 53), (3, 54), (43, 52), (37, 54), (4, 53), (35, 58), (4, 20), (56, 60), (2, 57), (20, 28), (51, 63), (11, 64), (56, 65), (12, 28), (59, 65), (59, 67), (13, 63), (13, 21), (5, 21), (32, 72), (5, 29), (70, 74), (14, 71), (73, 76), (67, 75), (71, 78), (14, 33), (74, 80), (73, 81), (30, 80), (76, 83), (36, 83), (34, 85), (40, 85), (60, 72), (70, 88), (78, 88), (10, 26), (10, 62), (52, 91), (92, 93), (18, 26), (35, 95), (9, 95), (19, 96), (93, 98), (55, 98), (1, 97), (10, 101), (2, 17), (97, 103), (91, 103), (25, 105), (9, 25), (17, 107), (42, 108), (47, 107), (101, 108), (44, 110), (105, 111), (0, 46), (41, 50), (111, 115), (49, 115), (96, 116), (110, 118))
((7, 15), (0, 32), (8, 33), (16, 34), (18, 26), (15, 31), (27, 37), (6, 22), (23, 31), (14, 39), (19, 27), (22, 30), (20, 28), (3, 38), (10, 26), (13, 21), (30, 41), (12, 28), (24, 35), (5, 29), (1, 34), (37, 48), (14, 47), (9, 36), (35, 37), (13, 44), (51, 57), (49, 58), (47, 59), (45, 46), (11, 42), (33, 56), (41, 51), (36, 40), (40, 50), (32, 45), (12, 67), (9, 25), (17, 69), (34, 70), (66, 69), (52, 72), (1, 55), (10, 74), (70, 74), (63, 76), (65, 77), (38, 44), (11, 79), (68, 80), (16, 66), (32, 82), (63, 83), (48, 54), (23, 43), (53, 86), (32, 86), (39, 88), (53, 89), (40, 88), (32, 62), (19, 65), (61, 93), (3, 62), (93, 95), (4, 42), (40, 97), (49, 98), (80, 98), (72, 78), (0, 50), (4, 20), (68, 103), (5, 21), (43, 105), (64, 106), (54, 106), (103, 105), (59, 109), (57, 109), (2, 17), (55, 112), (46, 112), (25, 114), (76, 114), (2, 92), (10, 117), (61, 118))
((22, 30), (18, 26), (23, 32), (20, 28), (23, 31), (15, 31), (9, 25), (10, 26), (13, 35), (11, 35), (13, 21), (6, 22), (14, 42), (12, 28), (33, 36), (2, 10), (5, 29), (19, 27), (7, 15), (2, 17), (40, 48), (9, 33), (17, 38), (1, 53), (5, 21), (51, 53), (32, 56), (27, 37), (19, 46), (4, 20), (39, 51), (34, 50), (11, 49), (16, 50), (3, 59), (10, 55), (25, 62), (45, 52), (3, 60), (36, 49), (4, 71), (12, 66), (64, 70), (41, 59), (54, 55), (43, 63), (14, 43), (50, 73), (39, 66), (62, 76), (30, 78), (46, 76), (56, 61), (61, 79), (72, 75), (75, 79), (44, 58), (60, 80), (48, 78), (37, 82), (77, 91), (42, 69), (44, 82), (34, 91), (0, 50), (40, 84), (69, 84), (36, 63), (8, 96), (16, 100), (47, 50), (64, 102), (54, 100), (24, 101), (36, 105), (37, 101), (96, 107), (45, 72), (38, 106), (65, 106), (58, 90), (1, 110), (0, 105), (83, 108), (100, 113), (80, 103), (108, 111), (110, 115))
((7, 15), (0, 32), (8, 33), (16, 34), (18, 26), (15, 31), (27, 37), (6, 22), (23, 31), (14, 39), (19, 27), (22, 30), (20, 28), (3, 38), (10, 26), (13, 21), (30, 41), (12, 28), (24, 35), (5, 29), (1, 34), (37, 48), (14, 47), (9, 36), (35, 37), (13, 44), (51, 57), (49, 58), (47, 59), (45, 46), (11, 42), (33, 56), (41, 51), (36, 40), (40, 50), (12, 32), (45, 67), (9, 25), (17, 69), (34, 70), (66, 69), (52, 72), (1, 55), (10, 74), (70, 74), (63, 76), (65, 77), (38, 44), (11, 79), (68, 80), (16, 66), (32, 82), (48, 54), (63, 83), (23, 43), (53, 86), (32, 86), (39, 88), (53, 89), (40, 88), (32, 62), (19, 65), (61, 93), (3, 62), (93, 95), (4, 42), (40, 97), (80, 98), (72, 78), (49, 98), (0, 50), (4, 20), (68, 103), (5, 21), (43, 105), (54, 106), (64, 106), (103, 105), (59, 109), (57, 109), (2, 17), (55, 112), (46, 112), (76, 114), (25, 114), (2, 92), (10, 117), (61, 118))
((6, 14), (7, 31), (3, 19), (4, 28), (1, 17), (12, 20), (13, 29), (22, 30), (1, 9), (21, 29), (27, 34), (7, 23), (27, 33), (5, 13), (16, 33), (21, 35), (0, 8), (31, 32), (46, 48), (15, 39), (12, 28), (11, 42), (2, 18), (17, 25), (15, 23), (3, 4), (10, 55), (11, 19), (0, 56), (6, 22), (43, 48), (14, 45), (20, 56), (34, 43), (38, 52), (24, 62), (38, 61), (43, 61), (33, 67), (9, 62), (33, 51), (42, 56), (25, 67), (49, 56), (49, 69), (54, 65), (2, 26), (45, 47), (5, 37), (63, 68), (44, 57), (26, 40), (10, 18), (58, 78), (56, 71), (36, 54), (83, 84), (83, 87), (59, 77), (60, 70), (44, 78), (58, 87), (52, 65), (59, 64), (37, 82), (47, 66), (51, 69), (55, 86), (66, 80), (46, 91), (53, 92), (39, 63), (36, 91), (86, 104), (50, 74), (35, 95), (94, 95), (40, 106), (73, 84), (104, 106), (41, 80), (30, 41), (32, 113), (68, 113), (82, 94), (90, 92), (62, 101), (90, 110))
((5, 29), (15, 31), (9, 25), (22, 30), (4, 20), (7, 15), (12, 28), (6, 22), (0, 37), (10, 26), (2, 17), (19, 27), (13, 21), (8, 40), (16, 37), (17, 34), (18, 26), (9, 48), (16, 45), (23, 35), (42, 49), (14, 44), (2, 10), (14, 39), (24, 50), (0, 56), (1, 45), (27, 33), (20, 28), (37, 51), (39, 61), (32, 55), (3, 59), (33, 50), (41, 42), (13, 60), (41, 64), (1, 49), (40, 65), (30, 55), (5, 21), (45, 47), (33, 71), (53, 71), (10, 69), (35, 72), (36, 72), (23, 31), (63, 77), (51, 74), (32, 67), (67, 78), (47, 69), (61, 79), (11, 60), (48, 79), (66, 84), (59, 86), (25, 66), (43, 79), (12, 37), (53, 77), (11, 43), (84, 87), (56, 79), (54, 94), (70, 95), (37, 97), (34, 96), (58, 100), (62, 74), (98, 100), (19, 87), (38, 82), (78, 105), (68, 99), (64, 92), (36, 108), (46, 96), (3, 94), (104, 111), (44, 105), (70, 110), (4, 91), (89, 108), (68, 104), (38, 115), (89, 115))
((15, 31), (23, 31), (12, 28), (5, 29), (4, 20), (19, 27), (13, 21), (14, 38), (6, 22), (11, 37), (10, 26), (3, 41), (2, 10), (2, 17), (5, 21), (18, 26), (22, 30), (42, 45), (25, 49), (9, 25), (33, 37), (17, 51), (7, 15), (14, 40), (35, 55), (4, 52), (34, 57), (33, 47), (0, 54), (9, 47), (45, 61), (30, 55), (39, 63), (23, 48), (54, 65), (33, 66), (40, 66), (27, 32), (3, 69), (42, 70), (32, 63), (68, 72), (65, 72), (19, 59), (71, 75), (43, 75), (54, 70), (20, 28), (1, 61), (10, 80), (46, 48), (56, 82), (39, 82), (53, 80), (49, 85), (69, 79), (8, 60), (53, 88), (36, 46), (16, 88), (32, 91), (24, 91), (0, 93), (11, 87), (57, 95), (33, 93), (59, 85), (51, 97), (12, 78), (36, 100), (95, 100), (41, 54), (44, 103), (71, 104), (13, 79), (90, 106), (35, 106), (1, 88), (99, 109), (34, 108), (38, 111), (90, 111), (16, 97), (54, 114), (60, 92), (98, 116), (99, 117), (115, 116))
((7, 15), (0, 32), (8, 33), (16, 34), (18, 26), (15, 31), (27, 37), (6, 22), (23, 31), (14, 39), (19, 27), (22, 30), (20, 28), (3, 38), (10, 26), (13, 21), (30, 41), (12, 28), (24, 35), (5, 29), (9, 36), (35, 37), (13, 44), (11, 42), (33, 53), (36, 40), (40, 50), (12, 32), (9, 25), (17, 60), (1, 52), (61, 62), (38, 44), (23, 43), (32, 65), (39, 66), (32, 55), (19, 57), (4, 42), (0, 50), (4, 20), (5, 21), (72, 73), (2, 17), (46, 75), (51, 54), (49, 77), (40, 70), (37, 48), (45, 46), (58, 60), (1, 34), (82, 83), (43, 73), (49, 79), (45, 59), (10, 62), (40, 66), (11, 64), (72, 87), (52, 75), (79, 90), (69, 81), (34, 61), (3, 55), (69, 96), (2, 10), (68, 98), (14, 47), (85, 100), (48, 100), (41, 51), (85, 103), (16, 58), (32, 105), (56, 106), (25, 76), (54, 74), (65, 80), (63, 76), (56, 57), (63, 112), (74, 78), (81, 99), (67, 80), (87, 90), (47, 78), (82, 113))
((7, 15), (0, 32), (8, 33), (16, 34), (18, 26), (15, 31), (27, 37), (6, 22), (23, 31), (14, 39), (19, 27), (22, 30), (20, 28), (3, 38), (10, 26), (13, 21), (30, 41), (12, 28), (24, 35), (5, 29), (1, 34), (37, 48), (14, 47), (9, 36), (35, 37), (13, 44), (51, 57), (49, 58), (47, 59), (45, 46), (11, 42), (33, 56), (41, 51), (36, 40), (40, 50), (12, 45), (32, 67), (9, 25), (17, 69), (34, 70), (66, 69), (52, 72), (1, 55), (10, 74), (70, 74), (63, 76), (65, 77), (38, 44), (11, 79), (68, 80), (16, 66), (32, 82), (63, 83), (48, 54), (23, 43), (53, 86), (32, 86), (39, 88), (53, 89), (40, 88), (32, 62), (19, 65), (61, 93), (3, 62), (93, 95), (4, 42), (40, 97), (49, 98), (80, 98), (72, 78), (0, 50), (4, 20), (68, 103), (5, 21), (43, 105), (64, 106), (54, 106), (103, 105), (59, 109), (57, 109), (2, 17), (55, 112), (46, 112), (25, 114), (76, 114), (2, 92), (10, 117), (61, 118))
((0, 16), (15, 23), (13, 29), (3, 19), (11, 35), (9, 25), (10, 18), (20, 28), (5, 21), (5, 39), (34, 41), (7, 31), (8, 43), (32, 44), (33, 45), (22, 30), (15, 47), (43, 48), (2, 26), (21, 29), (30, 51), (1, 17), (6, 22), (34, 54), (52, 55), (27, 36), (36, 43), (50, 58), (0, 24), (43, 60), (2, 18), (53, 62), (12, 19), (1, 9), (25, 61), (53, 66), (37, 67), (3, 27), (24, 46), (44, 70), (67, 70), (12, 28), (51, 73), (41, 74), (11, 33), (38, 76), (57, 77), (6, 14), (31, 79), (52, 79), (40, 81), (47, 82), (55, 82), (33, 80), (26, 65), (38, 86), (37, 87), (50, 88), (63, 86), (63, 88), (7, 23), (35, 92), (39, 93), (54, 92), (48, 95), (61, 92), (65, 92), (32, 98), (66, 99), (69, 93), (43, 101), (62, 101), (59, 103), (72, 99), (77, 103), (46, 97), (80, 95), (8, 97), (4, 73), (20, 110), (42, 111), (74, 112), (40, 112), (102, 110), (94, 115), (64, 76), (111, 117), (94, 117))
((9, 25), (2, 17), (18, 26), (15, 31), (10, 26), (19, 27), (20, 28), (6, 22), (4, 20), (12, 28), (7, 15), (13, 21), (22, 30), (5, 29), (5, 21), (23, 31), (9, 34), (17, 32), (4, 37), (14, 43), (27, 35), (40, 46), (33, 36), (14, 39), (11, 37), (13, 38), (34, 47), (0, 42), (12, 42), (23, 44), (44, 46), (47, 50), (1, 48), (3, 52), (38, 52), (33, 48), (53, 57), (25, 54), (19, 58), (30, 55), (45, 55), (3, 56), (42, 61), (8, 59), (45, 57), (51, 62), (42, 56), (49, 64), (41, 63), (41, 76), (10, 64), (35, 71), (11, 66), (51, 71), (36, 65), (62, 72), (70, 73), (47, 74), (60, 65), (2, 78), (16, 75), (1, 75), (49, 75), (39, 74), (63, 84), (54, 79), (70, 86), (83, 95), (84, 90), (10, 91), (61, 83), (24, 92), (35, 92), (40, 90), (43, 81), (53, 81), (86, 101), (59, 104), (0, 103), (47, 103), (79, 109), (16, 111), (32, 111), (93, 114), (58, 112), (42, 113), (109, 117), (114, 116))
((12, 28), (5, 21), (19, 27), (10, 26), (18, 26), (9, 25), (2, 17), (5, 29), (20, 28), (15, 31), (4, 20), (22, 30), (23, 31), (6, 22), (36, 44), (19, 46), (7, 15), (17, 37), (9, 36), (33, 43), (27, 41), (35, 38), (13, 21), (4, 34), (25, 53), (0, 48), (38, 50), (3, 52), (14, 54), (33, 42), (13, 40), (12, 48), (11, 34), (23, 43), (61, 62), (3, 64), (1, 50), (8, 57), (51, 60), (39, 62), (49, 68), (14, 45), (30, 73), (40, 52), (49, 69), (48, 65), (53, 72), (59, 63), (45, 77), (41, 74), (44, 55), (80, 81), (10, 68), (32, 82), (48, 64), (11, 75), (2, 86), (39, 73), (60, 74), (32, 71), (44, 77), (1, 69), (51, 89), (16, 69), (47, 67), (82, 87), (10, 88), (42, 79), (54, 91), (24, 95), (79, 87), (35, 59), (41, 95), (61, 91), (65, 81), (47, 103), (0, 101), (44, 101), (57, 104), (72, 110), (37, 109), (16, 109), (98, 103), (48, 113), (93, 112), (46, 111), (110, 115), (112, 117))
((7, 15), (0, 32), (8, 33), (16, 34), (18, 26), (15, 31), (27, 37), (6, 22), (23, 31), (14, 39), (19, 27), (22, 30), (20, 28), (3, 38), (10, 26), (13, 21), (30, 41), (12, 28), (24, 35), (5, 29), (1, 34), (37, 48), (14, 47), (9, 36), (35, 37), (13, 44), (51, 57), (49, 58), (47, 59), (11, 42), (33, 56), (36, 40), (40, 50), (9, 25), (23, 43), (5, 21), (11, 44), (17, 65), (32, 45), (2, 17), (4, 40), (1, 55), (0, 50), (32, 66), (69, 73), (45, 46), (10, 73), (53, 66), (41, 51), (34, 69), (46, 71), (63, 76), (4, 20), (40, 75), (62, 83), (76, 82), (55, 71), (42, 72), (49, 89), (39, 75), (53, 91), (43, 67), (80, 93), (12, 70), (84, 95), (48, 54), (38, 68), (95, 98), (54, 93), (25, 82), (89, 98), (64, 65), (52, 103), (86, 103), (19, 63), (77, 106), (3, 106), (61, 108), (26, 61), (70, 110), (2, 111), (77, 112), (67, 84), (59, 114), (57, 114), (16, 32), (64, 117), (62, 118))
((7, 15), (0, 32), (8, 33), (16, 34), (18, 26), (15, 31), (27, 37), (6, 22), (23, 31), (14, 39), (19, 27), (22, 30), (20, 28), (3, 38), (10, 26), (13, 21), (30, 41), (12, 28), (24, 35), (5, 29), (1, 34), (37, 48), (14, 47), (9, 36), (35, 37), (13, 44), (51, 57), (49, 58), (47, 59), (45, 46), (11, 42), (33, 56), (41, 51), (36, 40), (40, 50), (12, 32), (45, 67), (9, 25), (17, 69), (34, 70), (66, 69), (52, 72), (1, 55), (10, 74), (70, 74), (63, 76), (65, 77), (38, 44), (11, 79), (68, 80), (16, 66), (32, 82), (63, 83), (48, 54), (23, 43), (53, 86), (32, 86), (39, 88), (53, 89), (40, 88), (32, 62), (19, 65), (61, 93), (3, 62), (0, 50), (72, 78), (93, 95), (2, 17), (55, 99), (46, 99), (25, 101), (76, 101), (2, 92), (10, 104), (61, 105), (4, 20), (68, 107), (5, 21), (107, 109), (59, 110), (57, 110), (43, 109), (54, 113), (64, 113), (40, 42), (4, 116), (80, 117), (49, 117))
((7, 15), (0, 32), (8, 33), (16, 34), (18, 26), (15, 31), (27, 37), (6, 22), (23, 31), (14, 39), (19, 27), (22, 30), (20, 28), (3, 38), (10, 26), (13, 21), (30, 41), (12, 28), (24, 35), (5, 29), (1, 34), (37, 48), (14, 47), (9, 36), (35, 37), (13, 44), (51, 57), (49, 58), (47, 59), (45, 46), (11, 42), (33, 56), (41, 51), (36, 40), (40, 50), (12, 32), (45, 67), (9, 25), (17, 69), (34, 70), (66, 69), (52, 72), (1, 55), (10, 74), (70, 74), (63, 76), (65, 77), (38, 44), (11, 79), (68, 80), (16, 66), (32, 82), (63, 83), (48, 54), (23, 43), (53, 86), (32, 86), (39, 88), (53, 89), (40, 88), (32, 62), (19, 65), (61, 93), (3, 62), (93, 95), (4, 42), (40, 97), (49, 98), (80, 98), (72, 78), (0, 50), (4, 20), (68, 103), (5, 21), (43, 105), (64, 106), (54, 106), (103, 105), (59, 109), (57, 109), (2, 17), (55, 112), (46, 112), (25, 114), (76, 114), (2, 92), (10, 117), (61, 118))
((13, 29), (7, 23), (6, 14), (6, 22), (15, 23), (22, 30), (7, 31), (12, 20), (21, 29), (30, 40), (33, 35), (15, 37), (32, 35), (5, 13), (38, 43), (14, 45), (41, 44), (42, 43), (34, 41), (5, 39), (12, 28), (44, 47), (21, 28), (40, 51), (31, 34), (32, 52), (51, 57), (4, 54), (45, 59), (36, 56), (57, 59), (42, 56), (37, 47))
((6, 22), (4, 28), (23, 32), (15, 23), (21, 33), (5, 13), (7, 31), (5, 12), (20, 39), (21, 29), (7, 34), (14, 37), (40, 41), (13, 29), (32, 45), (12, 45), (6, 14), (28, 47), (43, 46), (31, 48), (42, 51), (22, 30), (36, 49), (30, 41), (35, 51), (46, 55), (43, 53), (15, 53), (42, 59), (48, 55), (40, 49), (36, 37), (38, 59))
((14, 31), (5, 23), (4, 11), (13, 25), (15, 26), (15, 16), (16, 35), (11, 33), (20, 27), (20, 31), (10, 18), (25, 42), (36, 43), (6, 24), (37, 41), (34, 45), (19, 29), (7, 44), (7, 35), (8, 50), (9, 26), (0, 10), (9, 53), (50, 53), (1, 53), (4, 55), (6, 57), (19, 28), (17, 32), (14, 36), (12, 24), (18, 21), (3, 56), (2, 64), (39, 64), (21, 59), (23, 47), (8, 43), (45, 69), (38, 63), (5, 62), (40, 61), (41, 59), (52, 73), (46, 61), (17, 48), (28, 77), (42, 78), (40, 77), (53, 67), (54, 69), (49, 82), (58, 70), (37, 82), (48, 81), (62, 63), (13, 87), (30, 64), (34, 72), (70, 88), (51, 88), (2, 72), (46, 75), (49, 71), (52, 71), (60, 74), (32, 75), (67, 79), (60, 78), (74, 80), (79, 86), (63, 81), (42, 89), (22, 89), (63, 105), (30, 106), (33, 106), (39, 93), (6, 93), (65, 108), (47, 109), (56, 104), (109, 113), (53, 107), (1, 105), (113, 115), (87, 114), (108, 118))
((7, 15), (0, 32), (8, 33), (16, 34), (18, 26), (15, 31), (27, 37), (6, 22), (23, 31), (14, 39), (19, 27), (22, 30), (20, 28), (3, 38), (10, 26), (13, 21), (30, 41), (12, 28), (24, 35), (5, 29), (1, 34), (37, 48), (14, 47), (9, 36), (35, 37), (13, 44), (51, 57), (49, 58), (47, 59), (45, 46), (11, 42), (33, 56), (41, 51), (36, 40), (40, 50), (12, 32), (45, 67), (9, 25), (17, 69), (34, 70), (66, 69), (52, 72), (1, 55), (10, 74), (70, 74), (63, 76), (65, 77), (38, 44), (11, 79), (68, 80), (16, 66), (32, 82), (63, 83), (48, 54), (23, 43), (53, 86), (32, 86), (39, 88), (53, 89), (40, 88), (32, 62), (19, 65), (61, 93), (3, 62), (93, 95), (4, 42), (40, 97), (49, 98), (80, 98), (72, 78), (0, 50), (4, 20), (68, 103), (5, 21), (43, 105), (64, 106), (54, 106), (103, 105), (59, 109), (57, 109), (2, 17), (55, 112), (46, 112), (25, 114), (76, 114), (2, 92), (10, 117), (61, 118))
((7, 15), (0, 32), (8, 33), (16, 34), (18, 26), (15, 31), (27, 37), (6, 22), (23, 31), (14, 39), (19, 27), (22, 30), (20, 28), (3, 38), (10, 26), (13, 21), (30, 41), (12, 28), (24, 35), (5, 29), (1, 34), (37, 48), (14, 47), (9, 36), (35, 37), (13, 44), (51, 57), (49, 58), (47, 59), (45, 46), (11, 42), (33, 56), (41, 51), (36, 40), (40, 50), (12, 32), (45, 67), (9, 25), (17, 69), (34, 70), (66, 69), (52, 72), (1, 55), (10, 74), (70, 74), (63, 76), (65, 77), (38, 44), (11, 79), (68, 80), (16, 66), (32, 82), (63, 83), (48, 54), (23, 43), (53, 86), (32, 86), (39, 88), (53, 89), (40, 88), (32, 62), (19, 65), (61, 93), (3, 62), (93, 95), (4, 42), (40, 97), (49, 98), (80, 98), (72, 78), (0, 50), (4, 20), (68, 103), (5, 21), (2, 10), (92, 106), (61, 107), (2, 17), (55, 109), (46, 109), (25, 111), (76, 111), (43, 105), (64, 114), (54, 114), (103, 105), (59, 117), (57, 117))
((7, 15), (0, 32), (8, 33), (16, 34), (18, 26), (15, 31), (27, 37), (6, 22), (23, 31), (14, 39), (19, 27), (22, 30), (20, 28), (3, 38), (10, 26), (13, 21), (30, 41), (12, 28), (24, 35), (5, 29), (1, 34), (37, 48), (14, 47), (9, 36), (35, 37), (13, 44), (51, 57), (49, 58), (47, 59), (45, 46), (11, 42), (33, 56), (41, 51), (36, 40), (40, 50), (12, 32), (45, 67), (9, 25), (17, 69), (34, 70), (66, 69), (52, 72), (1, 55), (10, 74), (70, 74), (63, 76), (65, 77), (38, 44), (11, 79), (68, 80), (16, 66), (32, 82), (63, 83), (48, 54), (23, 43), (53, 86), (32, 86), (39, 88), (53, 89), (40, 88), (32, 62), (19, 65), (61, 93), (3, 62), (93, 95), (4, 42), (40, 97), (49, 98), (80, 98), (72, 78), (0, 50), (4, 20), (68, 103), (5, 21), (43, 105), (103, 105), (2, 17), (46, 108), (59, 107), (64, 106), (55, 108), (76, 109), (57, 107), (54, 106), (2, 10), (92, 116), (25, 109), (61, 117))
((5, 21), (15, 31), (23, 31), (9, 25), (19, 34), (1, 25), (3, 27), (16, 34), (4, 28), (29, 40), (32, 41), (12, 40), (33, 38), (24, 39), (17, 45), (22, 30), (35, 46), (2, 10), (6, 14), (7, 50), (10, 26), (7, 33), (23, 53), (49, 54), (20, 43), (1, 17), (5, 13), (8, 24), (33, 59), (13, 29), (42, 61), (42, 56), (6, 22), (61, 64), (4, 20), (0, 34), (59, 67), (54, 59), (39, 69), (58, 66), (41, 71), (35, 52), (63, 71), (12, 44), (51, 54), (18, 37), (49, 77), (48, 57), (47, 53), (73, 77), (34, 64), (80, 82), (44, 52), (57, 78), (73, 85), (18, 26), (85, 87), (36, 87), (84, 89), (14, 58), (47, 91), (32, 92), (50, 93), (65, 93), (27, 36), (43, 96), (11, 96), (3, 98), (75, 99), (56, 100), (34, 99), (89, 102), (54, 102), (66, 104), (97, 105), (65, 91), (100, 105), (51, 82), (55, 98), (84, 110), (67, 70), (48, 112), (37, 60), (113, 114), (46, 114), (0, 33), (45, 117), (69, 118))
((7, 15), (0, 32), (8, 33), (16, 34), (18, 26), (15, 31), (27, 37), (6, 22), (23, 31), (14, 39), (19, 27), (22, 30), (20, 28), (3, 38), (24, 35), (40, 46), (12, 32), (38, 44), (4, 42), (36, 40), (35, 37), (9, 25), (17, 53), (12, 28), (11, 42), (40, 50), (5, 29), (30, 41), (37, 59), (34, 54), (0, 46), (33, 52), (23, 43), (47, 53), (3, 56), (19, 51), (66, 67), (16, 47), (9, 36), (45, 48), (2, 10), (32, 56), (72, 73), (32, 64), (40, 75), (39, 75), (60, 77), (1, 70), (13, 21), (14, 80), (59, 81), (13, 44), (58, 83), (60, 64), (5, 21), (10, 26), (45, 87), (55, 84), (80, 89), (32, 69), (4, 20), (71, 92), (86, 92), (89, 94), (83, 94), (10, 79), (54, 79), (63, 98), (63, 91), (11, 49), (71, 101), (1, 34), (65, 103), (67, 88), (74, 88), (51, 99), (65, 107), (57, 101), (2, 17), (70, 110), (87, 110), (25, 112), (98, 112), (41, 58), (55, 57), (43, 86), (81, 117), (115, 117))
((7, 15), (0, 32), (8, 33), (16, 34), (18, 26), (15, 31), (27, 37), (6, 22), (23, 31), (14, 39), (19, 27), (22, 30), (20, 28), (3, 38), (10, 26), (13, 21), (30, 41), (12, 28), (24, 35), (5, 29), (1, 34), (37, 48), (14, 47), (9, 36), (35, 37), (13, 44), (51, 57), (49, 58), (47, 59), (45, 46), (11, 42), (33, 56), (41, 51), (36, 40), (40, 50), (12, 32), (45, 67), (9, 25), (17, 69), (34, 70), (66, 69), (52, 72), (1, 55), (10, 74), (70, 74), (63, 76), (65, 77), (38, 44), (11, 79), (68, 80), (16, 66), (32, 82), (63, 83), (48, 54), (23, 43), (53, 86), (32, 86), (39, 88), (53, 89), (40, 88), (32, 62), (19, 65), (61, 93), (3, 62), (93, 95), (4, 42), (40, 97), (0, 50), (80, 98), (49, 98), (72, 78), (2, 92), (10, 103), (61, 104), (4, 20), (68, 106), (2, 17), (55, 108), (46, 108), (25, 110), (76, 110), (5, 21), (43, 113), (54, 114), (64, 114), (106, 113), (59, 117), (57, 117))
((23, 31), (27, 32), (15, 23), (2, 18), (17, 35), (11, 33), (12, 28), (20, 38), (7, 31), (9, 36), (1, 41), (0, 24), (21, 29), (32, 43), (14, 44), (19, 33), (20, 47), (16, 34), (8, 49), (10, 19), (6, 30), (4, 28), (34, 37), (53, 54), (18, 54), (51, 56), (35, 40), (42, 58), (13, 53), (18, 26), (57, 58), (13, 29), (10, 36), (4, 39), (31, 52), (26, 41), (47, 58), (48, 55), (6, 22), (32, 70), (38, 44), (0, 50), (45, 73), (40, 74), (60, 72), (43, 59), (14, 22), (15, 78), (71, 79), (61, 64), (42, 81), (25, 81), (8, 45), (5, 21), (60, 85), (65, 86), (72, 87), (63, 87), (70, 85), (43, 49), (46, 90), (34, 40), (73, 93), (79, 93), (66, 93), (71, 96), (1, 25), (17, 98), (64, 99), (50, 99), (16, 98), (74, 102), (77, 103), (3, 37), (61, 105), (68, 106), (27, 105), (57, 108), (93, 108), (39, 110), (55, 111), (48, 65), (46, 52), (63, 114), (78, 115), (90, 115), (9, 103), (50, 118))
((2, 10), (26, 32), (17, 25), (33, 34), (14, 22), (23, 36), (7, 31), (37, 38), (1, 9), (0, 24), (15, 31), (5, 21), (6, 22), (42, 44), (37, 45), (41, 42), (8, 47), (15, 23), (48, 49), (16, 49), (41, 51), (20, 28), (29, 53), (5, 13), (54, 55), (30, 55), (36, 57), (43, 44), (57, 59), (18, 33), (2, 40), (61, 62), (10, 18), (6, 30), (7, 65), (45, 66), (49, 66), (21, 29), (14, 69), (65, 70), (59, 70), (4, 12), (13, 73), (69, 74), (0, 48), (16, 76), (38, 77), (47, 78), (17, 38), (41, 80), (40, 81), (3, 38), (20, 27), (83, 84), (73, 85), (1, 8), (51, 87), (34, 88), (11, 19), (49, 90), (4, 91), (53, 92), (64, 91), (11, 27), (3, 95), (94, 96), (49, 61), (83, 98), (94, 99), (12, 28), (43, 101), (54, 102), (74, 102), (9, 25), (64, 105), (35, 106), (62, 106), (76, 105), (81, 109), (88, 109), (42, 95), (101, 112), (85, 113), (92, 113), (32, 112), (38, 116), (19, 117), (99, 117))
((7, 15), (0, 32), (8, 33), (16, 34), (18, 26), (15, 31), (27, 37), (6, 22), (23, 31), (14, 39), (19, 27), (22, 30), (20, 28), (3, 38), (10, 26), (13, 21), (30, 41), (12, 28), (24, 35), (5, 29), (1, 34), (37, 48), (14, 47), (9, 36), (35, 37), (13, 44), (51, 57), (49, 58), (45, 46), (11, 42), (33, 56), (41, 51), (36, 40), (40, 50), (12, 32), (45, 66), (9, 25), (17, 68), (34, 69), (65, 68), (52, 71), (1, 55), (10, 73), (69, 73), (62, 75), (64, 76), (38, 44), (11, 78), (67, 79), (16, 65), (32, 81), (62, 82), (48, 54), (23, 43), (53, 85), (32, 85), (39, 87), (53, 88), (40, 87), (32, 61), (19, 64), (60, 92), (3, 61), (92, 94), (4, 42), (40, 96), (49, 97), (79, 97), (71, 77), (0, 50), (4, 20), (67, 102), (5, 21), (43, 104), (63, 105), (54, 105), (102, 104), (59, 108), (57, 108), (2, 17), (55, 111), (46, 111), (25, 113), (75, 113), (2, 91), (10, 116), (60, 117), (47, 59))
((9, 25), (4, 20), (18, 26), (7, 15), (6, 22), (13, 21), (12, 28), (20, 28), (17, 32), (10, 26), (23, 31), (19, 27), (5, 21), (9, 34), (15, 31), (2, 17), (22, 30), (5, 29), (14, 37), (0, 35), (12, 35), (4, 43), (45, 47), (42, 53), (34, 42), (14, 36), (49, 57), (41, 47), (33, 44), (27, 46), (1, 45), (30, 57), (23, 48), (13, 39), (40, 62), (38, 55), (44, 48), (11, 43), (10, 62), (8, 51), (35, 69), (46, 63), (40, 71), (39, 61), (64, 73), (1, 71), (59, 66), (25, 59), (60, 65), (49, 65), (19, 56), (50, 68), (16, 71), (50, 63), (3, 61), (3, 69), (2, 72), (58, 68), (35, 64), (11, 75), (38, 81), (52, 86), (46, 84), (42, 90), (41, 86), (33, 93), (10, 88), (82, 96), (24, 84), (96, 98), (55, 91), (37, 92), (36, 90), (73, 104), (82, 87), (60, 92), (0, 100), (91, 93), (51, 94), (42, 100), (16, 111), (66, 110), (35, 112), (32, 111), (77, 115), (56, 113), (110, 114), (115, 117))
((7, 23), (5, 13), (13, 29), (19, 32), (3, 27), (9, 25), (15, 23), (8, 38), (6, 33), (16, 39), (32, 41), (7, 31), (18, 26), (15, 31), (37, 44), (0, 45), (14, 30), (1, 37), (42, 47), (40, 48), (17, 49), (4, 28), (9, 41), (20, 53), (12, 55), (4, 12), (17, 25), (5, 57), (39, 50), (24, 60), (3, 35), (2, 18), (14, 22), (21, 33), (6, 22), (35, 44), (58, 60), (53, 65), (10, 26), (29, 65), (51, 71), (24, 42), (11, 19), (36, 43), (67, 75), (34, 64), (40, 77), (72, 77), (34, 56), (74, 76), (28, 75), (56, 82), (60, 73), (23, 64), (43, 85), (45, 70), (76, 87), (55, 74), (69, 80), (51, 66), (59, 71), (59, 80), (38, 89), (45, 66), (85, 95), (43, 61), (47, 49), (97, 98), (57, 62), (94, 100), (82, 100), (62, 63), (81, 103), (36, 104), (87, 104), (52, 54), (2, 58), (70, 108), (48, 86), (38, 110), (95, 110), (46, 108), (52, 109), (63, 114), (46, 114), (45, 68), (99, 117), (54, 117))
((7, 15), (0, 32), (8, 33), (16, 34), (18, 26), (15, 31), (27, 37), (6, 22), (23, 31), (14, 39), (19, 27), (22, 30), (20, 28), (3, 38), (10, 26), (13, 21), (30, 41), (12, 28), (24, 35), (5, 29), (9, 36), (35, 37), (13, 44), (51, 54), (49, 55), (11, 42), (33, 53), (36, 40), (40, 50), (12, 32), (45, 61), (9, 25), (17, 63), (1, 52), (38, 44), (23, 43), (32, 67), (39, 68), (19, 59), (4, 42), (40, 71), (49, 72), (4, 20), (5, 21), (43, 75), (74, 75), (2, 17), (46, 78), (45, 46), (14, 47), (1, 34), (41, 51), (54, 77), (2, 10), (60, 63), (82, 86), (58, 59), (48, 81), (10, 65), (11, 66), (62, 91), (72, 91), (76, 81), (25, 79), (56, 77), (52, 78), (37, 48), (16, 32), (3, 70), (57, 100), (47, 56), (64, 65), (88, 103), (86, 104), (34, 64), (40, 68), (60, 99), (58, 108), (57, 85), (32, 110), (80, 111), (0, 50), (67, 98), (69, 98), (79, 103), (70, 80), (76, 83), (62, 74))
((7, 15), (0, 32), (8, 33), (16, 34), (18, 26), (15, 31), (27, 37), (6, 22), (23, 31), (14, 39), (19, 27), (22, 30), (20, 28), (3, 38), (10, 26), (13, 21), (30, 41), (12, 28), (24, 35), (5, 29), (37, 48), (14, 47), (9, 36), (35, 37), (13, 44), (51, 56), (49, 57), (47, 58), (45, 46), (11, 42), (33, 55), (41, 51), (36, 40), (40, 50), (12, 32), (45, 66), (9, 25), (17, 68), (34, 69), (65, 68), (34, 71), (1, 72), (1, 54), (10, 74), (69, 74), (62, 76), (64, 77), (11, 38), (44, 79), (67, 80), (32, 65), (16, 82), (62, 83), (48, 53), (23, 43), (52, 86), (32, 86), (39, 88), (52, 89), (40, 88), (19, 64), (60, 92), (3, 61), (92, 94), (40, 42), (4, 96), (49, 97), (80, 97), (71, 78), (0, 50), (4, 20), (67, 102), (5, 21), (43, 104), (63, 105), (53, 105), (102, 104), (58, 108), (56, 108), (2, 17), (54, 111), (46, 111), (25, 113), (76, 113), (2, 32), (10, 116), (61, 117), (60, 118))
((7, 15), (0, 32), (8, 33), (16, 34), (18, 26), (15, 31), (27, 37), (6, 22), (23, 31), (14, 39), (19, 27), (22, 30), (20, 28), (3, 38), (10, 26), (13, 21), (30, 41), (12, 28), (24, 35), (5, 29), (1, 34), (9, 36), (14, 47), (37, 48), (35, 37), (13, 44), (51, 57), (49, 58), (11, 42), (33, 56), (45, 46), (47, 59), (12, 32), (36, 40), (40, 50), (41, 51), (45, 64), (9, 25), (17, 69), (34, 70), (66, 69), (52, 72), (1, 53), (10, 74), (11, 38), (61, 65), (44, 76), (70, 74), (77, 79), (68, 78), (16, 66), (32, 82), (61, 83), (48, 54), (23, 43), (32, 86), (39, 87), (40, 87), (55, 86), (55, 88), (3, 60), (19, 65), (32, 60), (62, 93), (92, 93), (4, 42), (40, 97), (49, 98), (78, 98), (72, 80), (0, 50), (4, 20), (68, 103), (5, 21), (43, 105), (54, 106), (67, 106), (103, 105), (57, 109), (59, 109), (2, 17), (53, 112), (46, 112), (25, 114), (79, 114), (2, 94), (10, 117), (62, 118))
((7, 15), (0, 32), (8, 33), (16, 34), (18, 26), (15, 31), (27, 37), (6, 22), (23, 31), (14, 39), (19, 27), (22, 30), (20, 28), (3, 38), (10, 26), (13, 21), (30, 41), (12, 28), (24, 35), (5, 29), (1, 34), (37, 48), (14, 47), (9, 36), (35, 37), (13, 44), (51, 57), (49, 58), (47, 59), (45, 46), (11, 42), (33, 56), (41, 51), (36, 40), (40, 50), (12, 32), (45, 67), (9, 25), (17, 69), (34, 70), (66, 69), (52, 72), (1, 55), (10, 74), (70, 74), (63, 76), (65, 77), (38, 44), (11, 79), (68, 80), (32, 66), (16, 82), (63, 83), (48, 54), (23, 43), (53, 86), (32, 86), (39, 88), (53, 89), (40, 88), (32, 62), (19, 65), (61, 93), (3, 62), (93, 95), (4, 42), (40, 97), (49, 98), (80, 98), (72, 78), (0, 50), (4, 20), (68, 103), (5, 21), (43, 105), (64, 106), (54, 106), (103, 105), (59, 109), (57, 109), (2, 17), (55, 112), (46, 112), (25, 114), (76, 114), (2, 92), (10, 117), (61, 118))
((7, 15), (0, 32), (8, 33), (16, 34), (18, 26), (15, 31), (27, 37), (6, 22), (23, 31), (14, 39), (19, 27), (22, 30), (20, 28), (3, 38), (10, 26), (13, 21), (30, 41), (12, 28), (24, 35), (5, 29), (1, 34), (37, 48), (14, 47), (9, 36), (35, 37), (13, 44), (51, 57), (49, 58), (47, 59), (45, 46), (11, 42), (33, 56), (41, 51), (36, 40), (40, 50), (12, 32), (45, 67), (9, 25), (17, 69), (34, 70), (66, 69), (52, 72), (1, 55), (10, 74), (70, 74), (63, 76), (65, 77), (38, 44), (11, 79), (68, 80), (16, 66), (32, 82), (63, 83), (48, 54), (23, 43), (53, 86), (0, 50), (72, 78), (32, 86), (40, 90), (39, 90), (53, 92), (2, 17), (55, 94), (46, 94), (25, 96), (76, 96), (19, 65), (61, 99), (4, 20), (68, 101), (3, 62), (99, 103), (5, 21), (101, 105), (59, 106), (57, 106), (43, 105), (54, 109), (64, 109), (2, 10), (32, 62), (112, 113), (61, 114), (40, 42), (4, 116), (80, 117), (49, 117))
((7, 15), (2, 17), (4, 20), (15, 31), (23, 31), (9, 25), (10, 26), (18, 26), (19, 27), (12, 28), (20, 28), (5, 29), (22, 30), (6, 22), (13, 21), (5, 21), (0, 32), (12, 32), (27, 35), (17, 37), (33, 38), (9, 39), (36, 39), (11, 40), (4, 40), (13, 42), (23, 44), (14, 45), (14, 46), (34, 47), (44, 47), (8, 48), (3, 50), (42, 50), (25, 52), (1, 53), (33, 53), (19, 54), (3, 55), (32, 55), (36, 56), (43, 57), (32, 58), (30, 59), (43, 59), (57, 61), (60, 62), (1, 63), (16, 63), (51, 63), (38, 64), (49, 64), (11, 65), (10, 67), (51, 67), (69, 70), (2, 71), (41, 72), (41, 73), (36, 74), (45, 74), (35, 75), (60, 75), (62, 76), (24, 80), (35, 80), (69, 82), (34, 83), (72, 84), (83, 84), (52, 86), (10, 88), (46, 90), (61, 90), (58, 93), (92, 93), (0, 96), (36, 96), (48, 97), (82, 103), (16, 109), (37, 109), (86, 110), (32, 112), (79, 113), (54, 114), (110, 115), (113, 117))
((7, 15), (0, 32), (8, 33), (16, 34), (18, 26), (15, 31), (27, 37), (6, 22), (23, 31), (14, 39), (19, 27), (22, 30), (20, 28), (3, 38), (10, 26), (13, 21), (30, 41), (12, 28), (24, 35), (5, 29), (1, 34), (37, 48), (14, 47), (9, 36), (35, 37), (13, 44), (51, 57), (49, 58), (47, 59), (45, 46), (11, 42), (33, 56), (41, 51), (36, 40), (40, 50), (12, 32), (45, 67), (9, 25), (17, 69), (34, 70), (66, 69), (52, 72), (1, 55), (10, 74), (70, 74), (63, 76), (65, 77), (38, 44), (11, 79), (68, 80), (16, 66), (32, 82), (63, 83), (48, 54), (23, 43), (53, 86), (32, 86), (39, 88), (53, 89), (40, 88), (32, 62), (19, 65), (61, 93), (3, 62), (93, 95), (4, 42), (40, 97), (49, 98), (80, 98), (72, 78), (0, 50), (4, 20), (68, 103), (5, 21), (43, 105), (64, 106), (54, 106), (103, 105), (59, 109), (57, 109), (2, 17), (55, 112), (46, 112), (25, 114), (76, 114), (2, 92), (10, 117), (61, 118))
((16, 24), (15, 31), (19, 27), (12, 28), (18, 26), (0, 32), (5, 21), (7, 15), (11, 39), (15, 23), (37, 41), (7, 27), (2, 10), (4, 28), (22, 33), (3, 20), (7, 30), (17, 25), (14, 23), (8, 39), (46, 48), (41, 48), (34, 41), (6, 53), (32, 51), (33, 54), (31, 43), (9, 49), (40, 41), (0, 59), (39, 50), (13, 38), (45, 58), (58, 60), (44, 60), (4, 57), (51, 61), (36, 65), (35, 67), (35, 47), (46, 62), (45, 63), (64, 71), (3, 69), (40, 71), (54, 66))
((23, 31), (16, 32), (1, 25), (0, 32), (8, 24), (7, 15), (15, 31), (27, 38), (24, 33), (35, 36), (3, 39), (13, 21), (12, 28), (14, 30), (20, 28), (4, 27), (5, 21), (9, 25), (11, 46), (13, 46), (36, 38), (17, 40), (38, 40), (37, 41), (16, 55), (35, 56), (34, 53), (54, 55), (49, 56), (52, 58), (53, 60), (12, 37), (42, 63), (9, 17), (39, 50), (6, 30), (19, 32), (47, 68), (44, 69), (22, 43), (66, 69), (11, 27), (19, 73), (2, 10), (37, 74), (75, 76), (67, 71), (60, 61), (0, 54), (18, 34), (75, 81), (64, 66), (18, 26), (68, 84), (10, 26), (49, 86), (81, 87), (42, 86), (4, 20), (64, 90), (48, 90), (5, 29), (51, 93), (44, 94), (92, 95), (6, 93), (45, 48), (97, 98), (43, 95), (71, 98), (51, 92), (3, 74), (85, 103), (85, 89), (77, 89), (14, 22), (97, 107), (7, 107), (32, 109), (38, 45), (109, 111), (58, 65), (2, 65), (87, 114), (84, 114), (23, 67), (111, 117), (37, 117))
((0, 24), (15, 31), (32, 33), (2, 10), (7, 31), (26, 35), (15, 23), (11, 27), (33, 39), (10, 18), (5, 13), (3, 39), (11, 19), (38, 44), (30, 42), (17, 25), (1, 8), (14, 22), (9, 25), (41, 50), (35, 40), (36, 52), (18, 37), (16, 38), (12, 28), (6, 22), (4, 12), (3, 36), (38, 54), (23, 49), (5, 21), (56, 62), (57, 62), (46, 64), (20, 28), (8, 34), (38, 67), (17, 36), (32, 69), (1, 9), (40, 56), (41, 45), (43, 73), (21, 29), (14, 75), (64, 76), (48, 55), (47, 78), (37, 47), (59, 60), (73, 81), (53, 81), (33, 57), (61, 84), (32, 55), (13, 58), (75, 87), (63, 87), (19, 53), (29, 66), (42, 91), (63, 91), (4, 45), (66, 94), (72, 94), (70, 71), (51, 80), (36, 61), (46, 49), (2, 71), (54, 101), (51, 101), (0, 67), (50, 104), (78, 105), (70, 105), (16, 104), (36, 108), (34, 109), (20, 27), (59, 111), (72, 112), (58, 112), (6, 30), (76, 115), (7, 115), (84, 117), (38, 117))
((7, 15), (0, 32), (8, 33), (16, 34), (18, 26), (15, 31), (27, 37), (6, 22), (23, 31), (14, 39), (19, 27), (22, 30), (20, 28), (3, 38), (10, 26), (13, 21), (30, 41), (12, 28), (24, 35), (5, 29), (1, 34), (37, 48), (14, 47), (9, 36), (35, 37), (13, 44), (51, 57), (49, 58), (47, 59), (45, 46), (11, 42), (33, 56), (41, 51), (36, 40), (40, 50), (12, 32), (45, 67), (9, 25), (17, 69), (34, 70), (66, 69), (52, 72), (1, 55), (10, 74), (70, 74), (63, 76), (65, 77), (38, 44), (11, 79), (68, 80), (16, 66), (32, 82), (63, 83), (48, 54), (23, 43), (53, 86), (32, 86), (39, 88), (53, 89), (40, 88), (32, 62), (19, 65), (61, 93), (3, 62), (93, 95), (4, 42), (40, 97), (49, 98), (80, 98), (72, 78), (0, 50), (4, 20), (68, 103), (5, 21), (43, 105), (64, 106), (54, 106), (103, 105), (59, 109), (57, 109), (2, 17), (55, 112), (46, 112), (25, 114), (76, 114), (2, 92), (10, 117), (61, 118))
((18, 26), (10, 26), (13, 21), (6, 22), (7, 15), (12, 36), (0, 36), (8, 38), (1, 39), (16, 39), (24, 41), (0, 42), (15, 31), (41, 44), (38, 45), (5, 21), (22, 30), (47, 48), (9, 25), (17, 50), (39, 51), (9, 32), (1, 53), (51, 54), (46, 55), (10, 54), (2, 17), (33, 58), (55, 59), (25, 59), (53, 58), (4, 20), (47, 63), (23, 31), (42, 65), (16, 66), (36, 67), (46, 68), (50, 66), (40, 70), (32, 65), (19, 72), (56, 72), (70, 74), (23, 48), (36, 76), (35, 77), (65, 77), (19, 27), (4, 80), (65, 81), (11, 80), (36, 83), (2, 84), (10, 85), (3, 83), (73, 87), (27, 44), (3, 89), (37, 90), (63, 91), (33, 90), (86, 93), (73, 93), (12, 28), (82, 96), (20, 28), (89, 98), (11, 99), (91, 100), (82, 100), (13, 98), (64, 103), (5, 29), (103, 105), (96, 106), (34, 107), (64, 107), (14, 34), (49, 110), (14, 35), (30, 112), (44, 113), (78, 114), (76, 114), (110, 113), (105, 112), (49, 118))
((19, 27), (18, 26), (13, 21), (4, 20), (22, 30), (5, 21), (36, 37), (35, 37), (2, 17), (15, 31), (9, 25), (20, 28), (6, 22), (11, 32), (23, 36), (23, 31), (27, 41), (13, 43), (39, 49), (10, 26), (40, 51), (14, 44), (30, 53), (41, 54), (46, 55), (4, 32), (47, 57), (3, 45), (14, 34), (38, 60), (54, 60), (7, 15), (46, 63), (47, 64), (44, 64), (12, 63), (0, 63), (45, 63), (2, 69), (25, 52), (12, 28), (58, 72), (17, 42), (3, 48), (43, 48), (11, 76), (51, 75), (5, 29), (49, 79), (53, 79), (9, 33), (40, 82), (1, 82), (10, 84), (8, 68), (1, 86), (16, 86), (10, 70), (78, 89), (72, 80), (34, 91), (39, 91), (74, 86), (38, 81), (33, 47), (19, 96), (59, 97), (78, 97), (67, 75), (35, 100), (77, 100), (58, 77), (41, 88), (68, 104), (24, 88), (0, 106), (47, 106), (42, 108), (87, 109), (16, 108), (63, 111), (105, 112), (55, 66), (74, 84), (52, 115), (105, 115), (96, 117), (109, 118))
((18, 26), (9, 25), (2, 17), (19, 27), (23, 31), (20, 28), (9, 32), (17, 33), (4, 20), (4, 35), (36, 41), (1, 38), (5, 21), (5, 29), (10, 26), (15, 31), (27, 47), (40, 44), (2, 10), (34, 46), (11, 35), (6, 22), (50, 52), (12, 28), (7, 15), (12, 56), (0, 56), (54, 56), (22, 30), (13, 21), (13, 37), (32, 36), (8, 58), (1, 64), (39, 64), (23, 60), (19, 63), (10, 43), (3, 68), (3, 48), (34, 38), (39, 43), (42, 55), (45, 62), (44, 60), (55, 75), (37, 48), (61, 77), (49, 62), (25, 51), (51, 73), (14, 53), (30, 83), (47, 84), (11, 78), (45, 83), (52, 70), (56, 67), (36, 89), (57, 71), (86, 91), (40, 91), (53, 89), (14, 61), (16, 64), (76, 95), (46, 71), (63, 73), (49, 77), (42, 86), (67, 85), (76, 87), (84, 95), (68, 98), (85, 94), (59, 98), (47, 96), (24, 96), (36, 109), (33, 110), (65, 111), (58, 108), (99, 113), (0, 109), (16, 110), (111, 114), (56, 116), (113, 118))
((7, 15), (0, 32), (8, 33), (16, 34), (18, 26), (15, 31), (27, 37), (6, 22), (23, 31), (14, 39), (19, 27), (22, 30), (20, 28), (3, 38), (10, 26), (13, 21), (30, 41), (12, 28), (24, 35), (5, 29), (1, 34), (37, 48), (14, 47), (9, 36), (35, 37), (13, 44), (51, 57), (49, 58), (47, 59), (45, 46), (33, 56), (41, 51), (36, 40), (0, 50), (40, 50), (12, 32), (45, 67), (9, 25), (17, 69), (34, 70), (66, 69), (52, 72), (1, 55), (10, 74), (48, 54), (70, 74), (38, 44), (62, 77), (64, 79), (11, 78), (68, 81), (16, 66), (32, 83), (62, 84), (72, 80), (23, 43), (53, 87), (32, 87), (40, 89), (39, 89), (11, 42), (53, 91), (19, 64), (61, 94), (3, 92), (94, 96), (4, 42), (40, 98), (49, 99), (81, 99), (4, 20), (68, 102), (5, 21), (43, 104), (32, 92), (63, 105), (54, 105), (102, 104), (57, 109), (59, 109), (2, 17), (55, 112), (2, 106), (46, 112), (77, 115), (25, 115), (10, 114), (61, 118))
((19, 27), (18, 26), (12, 28), (4, 20), (23, 31), (9, 25), (5, 29), (20, 28), (2, 17), (5, 21), (9, 33), (4, 32), (10, 26), (35, 41), (17, 37), (22, 30), (23, 47), (6, 22), (41, 47), (15, 31), (11, 32), (3, 52), (13, 21), (14, 49), (14, 54), (1, 42), (30, 55), (40, 42), (38, 55), (7, 15), (12, 61), (33, 36), (48, 61), (52, 61), (0, 61), (27, 51), (50, 60), (8, 66), (39, 67), (3, 67), (13, 39), (45, 72), (38, 72), (46, 57), (10, 57), (40, 44), (50, 56), (62, 71), (25, 77), (46, 69), (51, 58), (35, 79), (19, 63), (36, 64), (1, 69), (11, 70), (36, 43), (16, 69), (75, 77), (24, 89), (36, 91), (2, 65), (37, 92), (34, 74), (0, 91), (44, 71), (51, 89), (49, 64), (53, 84), (10, 93), (16, 92), (56, 58), (34, 88), (82, 99), (48, 82), (84, 97), (45, 95), (87, 88), (79, 87), (54, 95), (97, 101), (66, 98), (75, 113), (63, 114), (86, 94), (94, 115), (61, 102), (113, 118))
((7, 15), (0, 32), (8, 33), (16, 34), (18, 26), (15, 31), (27, 37), (6, 22), (23, 31), (14, 39), (19, 27), (22, 30), (20, 28), (3, 38), (10, 26), (13, 21), (30, 41), (12, 28), (24, 35), (5, 29), (1, 34), (37, 48), (14, 47), (9, 36), (35, 37), (13, 44), (51, 57), (49, 58), (45, 46), (11, 42), (33, 56), (41, 51), (36, 40), (40, 50), (12, 32), (45, 66), (9, 25), (17, 68), (34, 69), (65, 68), (1, 55), (69, 72), (62, 73), (64, 74), (38, 44), (11, 76), (16, 65), (32, 78), (62, 79), (23, 43), (53, 81), (32, 81), (39, 83), (53, 84), (32, 61), (19, 64), (3, 61), (4, 42), (40, 89), (49, 90), (77, 90), (4, 20), (5, 21), (43, 94), (63, 95), (93, 94), (2, 17), (46, 98), (25, 99), (73, 99), (2, 86), (10, 102), (60, 103), (52, 71), (0, 50), (10, 72), (59, 97), (67, 93), (40, 83), (60, 87), (55, 98), (54, 95), (47, 59), (48, 54), (67, 77), (71, 75), (57, 97), (87, 88))
((5, 21), (15, 31), (23, 31), (9, 25), (19, 34), (1, 25), (16, 34), (4, 28), (29, 39), (32, 40), (12, 39), (3, 27), (33, 43), (24, 38), (17, 45), (22, 30), (35, 46), (2, 10), (6, 14), (7, 50), (10, 26), (7, 33), (23, 53), (49, 54), (20, 42), (1, 17), (5, 13), (8, 24), (33, 59), (13, 29), (41, 61), (41, 56), (6, 22), (61, 64), (4, 20), (0, 34), (59, 67), (54, 59), (38, 69), (58, 66), (40, 71), (35, 52), (63, 71), (12, 44), (51, 54), (18, 37), (49, 77), (48, 57), (47, 53), (73, 77), (34, 64), (80, 82), (44, 52), (57, 78), (73, 85), (18, 26), (85, 87), (36, 87), (84, 89), (14, 58), (47, 91), (32, 92), (50, 93), (65, 93), (27, 36), (42, 96), (11, 96), (3, 98), (75, 99), (56, 100), (34, 99), (89, 102), (54, 102), (66, 104), (97, 105), (100, 105), (51, 82), (37, 60), (46, 109), (0, 33), (45, 111), (69, 112), (65, 91), (55, 98), (84, 115), (67, 70), (48, 117), (109, 118))
((18, 26), (7, 15), (0, 33), (8, 34), (16, 35), (20, 28), (15, 31), (27, 38), (6, 22), (23, 31), (14, 40), (19, 27), (22, 30), (3, 39), (10, 26), (13, 21), (2, 17), (30, 42), (12, 28), (24, 36), (5, 29), (1, 35), (38, 49), (14, 47), (9, 32), (36, 38), (13, 37), (52, 58), (50, 59), (47, 60), (45, 46), (11, 43), (34, 57), (42, 52), (32, 41), (41, 51), (12, 33), (45, 68), (9, 25), (17, 70), (35, 71), (67, 70), (53, 73), (1, 56), (10, 75), (71, 75), (64, 77), (66, 78), (48, 56), (37, 39), (11, 81), (69, 82), (16, 67), (33, 84), (64, 85), (49, 55), (23, 44), (54, 88), (33, 88), (40, 90), (54, 91), (41, 90), (33, 63), (19, 66), (62, 95), (3, 63), (95, 97), (4, 43), (41, 99), (50, 100), (82, 100), (73, 79), (0, 51), (4, 20), (69, 105), (5, 21), (44, 107), (65, 108), (55, 108), (105, 107), (60, 111), (58, 111), (46, 48), (25, 114), (77, 114), (2, 94), (10, 117), (62, 118))
((2, 17), (4, 20), (5, 29), (5, 21), (6, 22), (7, 15), (9, 25), (10, 26), (12, 28), (12, 37), (13, 21), (14, 36), (14, 42), (15, 31), (17, 38), (18, 26), (19, 27), (20, 28), (22, 30), (23, 31), (23, 50), (27, 45), (30, 43), (32, 39), (33, 35), (34, 43), (35, 50), (0, 37), (37, 52), (44, 54), (44, 58), (45, 54), (47, 51), (9, 47), (4, 48), (11, 48), (13, 49), (49, 53), (51, 66), (51, 60), (52, 63), (3, 53), (25, 55), (56, 68), (57, 58), (8, 59), (36, 60), (63, 78), (19, 64), (1, 65), (32, 65), (3, 67), (37, 67), (34, 68), (11, 69), (70, 86), (40, 70), (41, 73), (39, 73), (16, 77), (1, 77), (46, 77), (80, 83), (80, 90), (46, 81), (10, 81), (2, 84), (40, 85), (86, 89), (33, 89), (45, 91), (24, 91), (55, 96), (10, 98), (56, 99), (42, 99), (59, 102), (0, 103), (51, 103), (90, 105), (96, 108), (16, 110), (38, 110), (64, 112), (37, 113), (92, 114), (114, 115), (108, 116))
((6, 22), (7, 15), (18, 26), (5, 21), (22, 30), (0, 33), (20, 28), (19, 27), (8, 37), (14, 32), (35, 36), (15, 31), (13, 21), (23, 36), (11, 39), (14, 44), (4, 39), (23, 31), (2, 17), (27, 43), (5, 29), (30, 41), (9, 34), (13, 38), (12, 28), (41, 52), (34, 49), (52, 55), (10, 26), (47, 53), (43, 53), (1, 54), (42, 57), (16, 40), (9, 25), (43, 65), (17, 66), (33, 46), (2, 69), (38, 51), (3, 46), (37, 67), (4, 20), (24, 65), (49, 75), (33, 45), (3, 51), (35, 74), (10, 63), (66, 76), (11, 71), (19, 58), (63, 68), (56, 59), (55, 79), (10, 70), (12, 33), (72, 83), (1, 40), (44, 85), (78, 88), (73, 84), (50, 60), (84, 94), (49, 77), (16, 76), (48, 49), (60, 78), (0, 75), (42, 47), (87, 99), (74, 92), (82, 98), (33, 97), (83, 99), (45, 62), (79, 85), (32, 77), (62, 109), (82, 92), (81, 90), (58, 93), (73, 105), (56, 98), (40, 68), (25, 94), (50, 54), (81, 113))
((23, 31), (2, 10), (16, 32), (9, 25), (0, 32), (1, 25), (7, 15), (5, 21), (26, 37), (14, 30), (11, 27), (13, 21), (10, 18), (15, 31), (3, 11), (33, 38), (41, 45), (42, 47), (4, 20), (45, 50), (24, 34), (17, 52), (35, 53), (18, 26), (46, 55), (35, 44), (37, 45), (45, 52), (4, 12), (33, 40), (22, 43), (20, 28), (55, 61), (6, 30), (14, 22), (7, 66), (48, 67), (32, 67), (29, 60), (43, 70), (39, 41), (42, 51), (38, 46), (12, 74), (63, 75), (73, 75), (8, 24), (36, 78), (58, 78), (1, 17), (54, 81), (0, 59), (62, 72), (5, 29), (6, 85), (72, 86), (62, 65), (19, 49), (23, 65), (38, 90), (48, 90), (61, 81), (57, 93), (66, 86), (39, 50), (70, 96), (53, 80), (40, 57), (13, 63), (96, 100), (85, 100), (38, 79), (59, 103), (27, 32), (56, 105), (16, 103), (54, 107), (36, 107), (80, 108), (19, 105), (28, 111), (60, 112), (73, 112), (45, 111), (44, 115), (3, 116), (106, 116), (47, 118))
((7, 15), (0, 32), (8, 33), (16, 34), (18, 26), (15, 31), (27, 37), (6, 22), (23, 31), (14, 39), (19, 27), (22, 30), (20, 28), (3, 38), (10, 26), (36, 40), (45, 46), (2, 17), (11, 42), (4, 20), (5, 29), (12, 32), (13, 44), (23, 43), (5, 21), (24, 35), (13, 21), (38, 44), (12, 28), (35, 37), (2, 10), (4, 42), (1, 34), (30, 41), (0, 57), (41, 52), (32, 55), (37, 65), (14, 58), (43, 56), (46, 49), (51, 56), (40, 63), (45, 53), (11, 59), (19, 47), (9, 25), (33, 61), (40, 57), (75, 76), (70, 71), (55, 69), (48, 77), (74, 76), (65, 70), (25, 72), (60, 74), (52, 54), (67, 71), (40, 68), (51, 75), (54, 73), (39, 68), (69, 94), (60, 89), (73, 96), (58, 96), (78, 80), (64, 99), (17, 78), (34, 101), (9, 36), (49, 103), (1, 103), (10, 105), (3, 50), (77, 107), (32, 50), (62, 109), (48, 110), (16, 80), (32, 112), (79, 113), (101, 105), (72, 115), (79, 115), (47, 117), (99, 118))
((23, 31), (13, 21), (7, 15), (12, 34), (4, 20), (19, 27), (20, 28), (13, 38), (9, 25), (15, 31), (4, 37), (10, 26), (12, 28), (22, 30), (11, 37), (14, 33), (5, 21), (0, 34), (3, 46), (23, 45), (34, 46), (18, 26), (32, 53), (19, 54), (5, 29), (34, 51), (8, 49), (6, 22), (1, 58), (39, 56), (2, 17), (17, 40), (27, 41), (32, 57), (14, 59), (9, 53), (2, 52), (57, 59), (56, 66), (36, 48), (50, 55), (45, 48), (16, 58), (24, 74), (43, 62), (32, 42), (47, 73), (44, 77), (0, 75), (58, 63), (25, 76), (3, 64), (38, 64), (1, 67), (62, 67), (41, 74), (63, 85), (49, 87), (32, 75), (35, 83), (36, 91), (44, 61), (40, 90), (88, 89), (54, 95), (10, 85), (70, 73), (39, 71), (60, 94), (16, 90), (43, 83), (71, 93), (34, 101), (94, 96), (89, 104), (55, 102), (30, 66), (41, 108), (47, 108), (51, 109), (33, 93), (10, 68), (102, 113), (69, 109), (11, 84), (91, 116), (76, 88), (77, 116))
((7, 15), (0, 32), (8, 33), (16, 34), (18, 26), (15, 31), (27, 37), (6, 22), (23, 31), (14, 39), (19, 27), (22, 30), (20, 28), (3, 38), (10, 26), (13, 21), (30, 41), (12, 28), (24, 35), (5, 29), (1, 34), (37, 48), (14, 47), (9, 36), (35, 37), (13, 44), (51, 57), (49, 58), (47, 59), (45, 46), (11, 42), (33, 56), (41, 51), (36, 40), (40, 50), (12, 32), (45, 67), (9, 25), (17, 69), (34, 70), (66, 69), (52, 72), (1, 55), (10, 74), (70, 74), (63, 76), (65, 77), (38, 44), (11, 79), (68, 80), (16, 66), (32, 82), (63, 83), (48, 54), (23, 43), (53, 86), (32, 86), (39, 88), (53, 89), (40, 88), (32, 62), (19, 65), (61, 93), (3, 62), (93, 95), (4, 42), (40, 97), (49, 98), (80, 98), (72, 78), (0, 50), (4, 20), (68, 103), (5, 21), (43, 105), (64, 106), (54, 106), (103, 105), (59, 109), (57, 109), (2, 17), (55, 112), (46, 112), (25, 114), (76, 114), (2, 92), (10, 117), (61, 118))
((6, 22), (23, 31), (32, 33), (15, 31), (7, 35), (22, 30), (36, 37), (34, 38), (5, 13), (14, 40), (13, 29), (32, 42), (41, 43), (4, 28), (29, 45), (5, 21), (46, 47), (42, 48), (19, 33), (27, 50), (11, 51), (3, 52), (33, 53), (23, 36), (54, 55), (4, 20), (56, 57), (3, 27), (35, 59), (12, 60), (53, 61), (58, 62), (2, 10), (55, 64), (52, 65), (10, 26), (60, 67), (66, 68), (1, 25), (18, 70), (64, 71), (8, 24), (55, 73), (16, 33), (74, 75), (0, 33), (76, 77), (24, 75), (17, 79), (9, 25), (80, 81), (78, 82), (35, 73), (70, 84), (83, 85), (0, 35), (79, 87), (74, 88), (37, 41), (47, 90), (43, 91), (40, 57), (46, 93), (12, 45), (51, 95), (18, 26), (50, 97), (54, 98), (1, 17), (72, 100), (97, 101), (82, 100), (73, 77), (6, 14), (7, 105), (34, 106), (91, 105), (20, 95), (48, 109), (62, 109), (68, 98), (67, 81), (101, 113), (80, 85), (55, 106), (93, 110), (58, 96), (71, 113))
((9, 25), (5, 29), (20, 28), (15, 31), (27, 35), (2, 17), (6, 22), (19, 27), (12, 28), (4, 20), (7, 15), (4, 39), (11, 39), (34, 36), (5, 21), (42, 44), (10, 26), (14, 38), (30, 49), (37, 48), (3, 36), (17, 32), (23, 31), (2, 47), (43, 54), (11, 45), (33, 49), (41, 46), (22, 30), (3, 44), (40, 56), (46, 60), (48, 52), (58, 63), (25, 51), (13, 21), (23, 60), (35, 50), (56, 57), (14, 67), (42, 68), (10, 55), (64, 73), (0, 42), (18, 26), (8, 75), (50, 71), (63, 71), (12, 42), (13, 34), (52, 80), (53, 77), (16, 77), (41, 82), (9, 76), (57, 82), (54, 76), (38, 72), (37, 86), (68, 69), (54, 72), (19, 88), (69, 89), (61, 93), (35, 84), (64, 93), (75, 96), (1, 86), (24, 84), (10, 99), (53, 99), (1, 77), (51, 102), (33, 81), (40, 105), (67, 106), (59, 106), (59, 81), (0, 100), (98, 102), (88, 111), (54, 100), (16, 113), (42, 114), (98, 115), (32, 113), (112, 117), (103, 117))
((7, 15), (0, 32), (8, 33), (16, 34), (18, 26), (15, 31), (27, 37), (6, 22), (23, 31), (14, 39), (19, 27), (22, 30), (20, 28), (3, 38), (10, 26), (13, 21), (30, 41), (12, 28), (24, 35), (5, 29), (1, 34), (37, 48), (14, 47), (9, 36), (35, 37), (13, 44), (51, 57), (49, 58), (47, 59), (45, 46), (11, 42), (33, 56), (41, 51), (36, 40), (40, 50), (12, 32), (45, 67), (9, 25), (17, 69), (34, 70), (66, 69), (52, 72), (1, 55), (10, 74), (70, 74), (63, 76), (65, 77), (38, 44), (11, 79), (68, 80), (16, 66), (32, 82), (63, 83), (48, 54), (23, 43), (53, 86), (32, 86), (39, 88), (53, 89), (40, 88), (32, 62), (19, 65), (61, 93), (3, 62), (93, 95), (4, 42), (40, 97), (49, 98), (80, 98), (72, 78), (0, 50), (4, 20), (68, 103), (5, 21), (43, 105), (64, 106), (54, 106), (103, 105), (59, 109), (57, 109), (2, 17), (55, 112), (46, 112), (25, 114), (76, 114), (2, 92), (10, 117), (61, 118))
((7, 15), (0, 32), (19, 27), (18, 26), (22, 30), (20, 28), (8, 33), (16, 38), (23, 31), (10, 26), (15, 31), (27, 42), (24, 39), (4, 34), (35, 40), (5, 21), (9, 25), (2, 10), (3, 43), (37, 43), (6, 22), (14, 52), (12, 32), (50, 54), (13, 37), (30, 53), (17, 48), (4, 20), (55, 59), (11, 51), (55, 61), (40, 45), (36, 47), (61, 63), (12, 28), (39, 42), (63, 66), (19, 46), (23, 36), (41, 50), (32, 70), (40, 72), (52, 72), (40, 44), (48, 75), (33, 67), (38, 58), (1, 38), (76, 79), (47, 59), (69, 71), (56, 81), (5, 29), (56, 84), (53, 84), (64, 86), (2, 17), (41, 88), (25, 89), (13, 21), (16, 75), (32, 92), (66, 85), (91, 94), (14, 91), (64, 96), (57, 96), (11, 34), (32, 99), (3, 99), (69, 101), (77, 93), (0, 44), (42, 57), (74, 105), (70, 105), (9, 35), (88, 108), (1, 108), (10, 110), (58, 110), (89, 112), (77, 112), (46, 114), (76, 115), (81, 94), (49, 100), (71, 118))
((7, 23), (3, 32), (5, 13), (16, 24), (32, 35), (9, 25), (1, 37), (21, 34), (3, 11), (0, 36), (17, 38), (18, 26), (13, 29), (27, 43), (40, 45), (6, 14), (19, 33), (7, 15), (4, 28), (12, 50), (8, 49), (0, 52), (22, 34), (2, 18), (32, 55), (46, 56), (29, 39), (15, 47), (40, 49), (17, 25), (35, 52), (20, 28), (10, 26), (2, 61), (64, 65), (20, 51), (1, 53), (6, 22), (14, 30), (54, 70), (32, 70), (35, 38), (23, 31), (46, 74), (73, 74), (59, 74), (69, 77), (48, 64), (48, 63), (59, 72), (24, 41), (61, 82), (74, 82), (19, 27), (74, 85), (44, 47), (54, 87), (49, 79), (57, 89), (45, 89), (8, 84), (36, 92), (41, 49), (58, 71), (69, 95), (37, 43), (65, 97), (44, 67), (21, 63), (99, 100), (58, 100), (68, 83), (87, 95), (72, 78), (39, 50), (99, 106), (42, 68), (42, 66), (97, 109), (55, 109), (51, 86), (80, 112), (57, 86), (76, 83), (49, 78), (4, 60), (67, 117), (80, 117))
((7, 15), (0, 32), (8, 33), (16, 34), (18, 26), (15, 31), (27, 37), (6, 22), (23, 31), (14, 39), (19, 27), (22, 30), (20, 28), (3, 38), (10, 26), (13, 21), (30, 41), (12, 28), (24, 35), (5, 29), (1, 34), (37, 48), (14, 47), (9, 36), (35, 37), (13, 44), (51, 57), (49, 58), (47, 59), (45, 46), (11, 42), (33, 56), (41, 51), (36, 40), (40, 50), (12, 32), (45, 67), (9, 25), (17, 69), (34, 70), (66, 69), (52, 72), (1, 55), (10, 74), (70, 74), (63, 76), (65, 77), (38, 44), (11, 79), (68, 80), (16, 66), (32, 62), (19, 65), (61, 84), (3, 62), (84, 86), (4, 42), (40, 88), (49, 89), (80, 89), (72, 78), (0, 50), (4, 20), (68, 94), (5, 21), (43, 96), (64, 97), (54, 97), (94, 96), (59, 100), (57, 100), (2, 17), (55, 103), (46, 103), (25, 105), (76, 105), (2, 83), (10, 108), (61, 109), (32, 82), (63, 111), (48, 54), (23, 43), (53, 114), (32, 114), (39, 116), (53, 117), (40, 116))
((13, 21), (14, 32), (15, 31), (22, 30), (5, 29), (19, 27), (2, 17), (23, 31), (5, 21), (11, 37), (6, 22), (7, 15), (12, 28), (41, 43), (23, 35), (0, 43), (35, 40), (8, 47), (14, 42), (4, 20), (9, 25), (33, 48), (18, 26), (4, 37), (2, 45), (9, 54), (17, 52), (10, 26), (20, 28), (36, 50), (27, 34), (48, 61), (43, 46), (1, 57), (3, 41), (13, 60), (30, 50), (36, 67), (60, 62), (12, 43), (39, 64), (11, 70), (3, 62), (38, 59), (39, 55), (59, 74), (39, 54), (40, 51), (34, 68), (42, 64), (33, 68), (1, 49), (71, 74), (73, 76), (51, 84), (46, 80), (25, 75), (44, 76), (19, 78), (16, 49), (38, 57), (73, 84), (66, 90), (58, 65), (10, 65), (75, 95), (34, 91), (77, 90), (24, 91), (39, 100), (44, 69), (47, 98), (49, 58), (79, 102), (32, 102), (67, 79), (52, 101), (83, 108), (80, 81), (95, 103), (78, 111), (108, 112), (16, 101), (10, 56), (43, 114), (103, 116), (0, 100), (77, 115))
((7, 15), (3, 11), (7, 31), (1, 16), (25, 35), (6, 14), (3, 27), (2, 10), (32, 36), (23, 31), (15, 37), (27, 41), (17, 34), (0, 24), (33, 43), (5, 29), (1, 9), (18, 26), (44, 45), (19, 38), (48, 50), (22, 30), (4, 12), (32, 53), (20, 54), (33, 51), (8, 41), (48, 49), (31, 55), (10, 59), (22, 47), (5, 13), (54, 63), (14, 63), (53, 65), (44, 58), (34, 56), (37, 62), (40, 67), (46, 49), (32, 57), (21, 47), (38, 68), (39, 72), (64, 73), (41, 42), (12, 72), (68, 78), (43, 79), (28, 80))
((7, 15), (0, 32), (8, 33), (0, 24), (16, 35), (34, 36), (17, 34), (9, 25), (38, 39), (10, 18), (1, 25), (2, 42), (41, 43), (39, 44), (2, 26), (45, 46), (11, 19), (7, 31), (3, 49), (48, 50), (46, 51), (10, 26), (27, 50), (32, 54), (53, 55), (52, 56), (4, 12), (20, 58), (54, 59), (4, 28), (3, 11), (55, 62), (61, 63), (60, 64), (5, 58), (13, 21), (5, 67), (29, 68), (66, 69), (14, 67), (6, 22), (71, 72), (69, 73), (13, 29), (6, 30), (75, 76), (74, 77), (14, 30), (15, 23), (31, 76), (80, 81), (79, 82), (36, 80), (33, 84), (35, 85), (42, 86), (38, 87), (1, 17), (53, 89), (45, 90), (48, 80), (41, 92), (27, 62), (93, 94), (12, 92), (28, 59), (96, 97), (61, 68), (75, 97), (99, 100), (73, 79), (32, 72), (83, 103), (35, 49), (32, 105), (37, 106), (85, 107), (9, 105), (87, 109), (43, 90), (19, 56), (93, 112), (64, 96), (66, 100), (71, 77), (81, 103), (89, 109), (49, 82))
((23, 31), (27, 32), (15, 23), (2, 18), (17, 35), (11, 33), (12, 28), (20, 38), (7, 31), (9, 36), (1, 41), (0, 24), (21, 29), (32, 43), (14, 44), (19, 33), (20, 47), (16, 34), (8, 49), (10, 19), (6, 30), (4, 28), (34, 37), (53, 54), (18, 54), (51, 56), (35, 40), (42, 58), (13, 53), (18, 26), (57, 58), (13, 29), (10, 36), (4, 39), (31, 52), (26, 41), (47, 58), (48, 55), (6, 22), (32, 70), (38, 44), (0, 50), (45, 73), (40, 74), (60, 72), (43, 59), (14, 22), (15, 78), (71, 79), (61, 64), (42, 81), (25, 81), (8, 45), (5, 21), (60, 85), (65, 86), (43, 49), (48, 65), (63, 87), (72, 87), (46, 52), (34, 40), (79, 93), (73, 93), (66, 93), (71, 96), (70, 85), (46, 98), (63, 92), (98, 100), (78, 100), (3, 37), (61, 103), (68, 104), (27, 103), (57, 106), (93, 106), (39, 108), (55, 109), (1, 25), (17, 111), (50, 112), (64, 112), (16, 111), (74, 115), (77, 116), (9, 116), (50, 118))
((7, 15), (0, 32), (8, 33), (16, 34), (18, 26), (15, 31), (27, 37), (6, 22), (23, 31), (14, 39), (19, 27), (22, 30), (20, 28), (3, 38), (10, 26), (13, 21), (30, 41), (12, 28), (24, 35), (0, 50), (5, 29), (1, 34), (37, 48), (14, 47), (41, 52), (9, 36), (48, 55), (35, 37), (13, 44), (52, 60), (49, 61), (47, 62), (45, 46), (11, 42), (33, 59), (36, 40), (40, 50), (12, 32), (45, 69), (9, 25), (17, 71), (34, 72), (68, 71), (53, 74), (1, 57), (10, 76), (72, 76), (66, 78), (67, 79), (38, 44), (11, 81), (74, 80), (70, 82), (16, 68), (32, 85), (66, 86), (23, 43), (54, 88), (32, 88), (40, 90), (39, 90), (54, 92), (32, 65), (19, 67), (64, 95), (3, 65), (95, 97), (4, 42), (40, 99), (49, 100), (82, 100), (4, 20), (70, 103), (5, 21), (43, 105), (56, 106), (55, 106), (103, 105), (62, 109), (60, 109), (2, 17), (57, 112), (46, 112), (25, 114), (78, 114), (2, 94), (10, 117), (64, 118))
((2, 10), (7, 15), (12, 33), (0, 33), (8, 35), (16, 36), (18, 26), (15, 31), (27, 39), (6, 22), (23, 31), (14, 41), (19, 27), (4, 44), (22, 30), (20, 28), (3, 40), (10, 26), (13, 21), (30, 43), (12, 28), (24, 37), (5, 29), (1, 36), (39, 51), (14, 50), (9, 38), (37, 39), (13, 47), (54, 60), (52, 61), (50, 62), (48, 49), (11, 44), (35, 59), (43, 54), (38, 42), (42, 53), (16, 69), (34, 48), (9, 25), (17, 72), (36, 73), (69, 72), (55, 75), (1, 58), (10, 77), (73, 77), (66, 79), (68, 80), (40, 47), (11, 82), (71, 83), (33, 70), (66, 85), (51, 57), (23, 46), (56, 88), (33, 88), (41, 90), (56, 91), (42, 90), (33, 65), (19, 68), (64, 95), (3, 65), (95, 97), (42, 45), (52, 99), (83, 99), (75, 81), (0, 53), (4, 20), (71, 104), (5, 21), (46, 106), (67, 107), (57, 107), (104, 106), (62, 110), (60, 110), (2, 17), (58, 113), (49, 113), (25, 115), (79, 115), (32, 94), (64, 118))
((7, 15), (0, 32), (8, 33), (16, 34), (18, 26), (15, 31), (27, 37), (6, 22), (23, 31), (14, 39), (19, 27), (22, 30), (20, 28), (3, 38), (10, 26), (13, 21), (30, 41), (12, 28), (24, 35), (0, 50), (5, 29), (1, 34), (37, 48), (14, 47), (9, 36), (35, 37), (13, 44), (52, 58), (49, 59), (45, 46), (47, 60), (11, 42), (33, 57), (41, 52), (36, 40), (40, 50), (12, 32), (45, 68), (9, 25), (17, 70), (67, 70), (53, 72), (34, 71), (1, 56), (71, 75), (64, 76), (10, 75), (66, 77), (38, 44), (72, 79), (11, 80), (16, 67), (32, 83), (48, 55), (64, 84), (23, 43), (32, 87), (40, 88), (69, 82), (39, 88), (54, 91), (54, 87), (32, 63), (19, 66), (3, 63), (4, 42), (40, 97), (82, 98), (49, 98), (61, 95), (4, 20), (69, 102), (5, 21), (43, 104), (65, 105), (55, 105), (102, 104), (58, 108), (2, 17), (56, 110), (60, 108), (46, 110), (25, 113), (76, 113), (2, 94), (10, 116), (61, 117), (95, 96))
((7, 15), (0, 32), (8, 33), (16, 34), (18, 26), (15, 31), (27, 37), (6, 22), (23, 31), (14, 39), (19, 27), (22, 30), (20, 28), (3, 38), (10, 26), (13, 21), (30, 41), (12, 28), (24, 35), (5, 29), (1, 34), (37, 48), (14, 47), (9, 36), (35, 37), (13, 44), (51, 57), (49, 58), (47, 59), (45, 46), (11, 42), (33, 56), (41, 51), (36, 40), (40, 50), (12, 32), (45, 67), (9, 25), (17, 69), (34, 70), (66, 69), (52, 72), (1, 55), (10, 74), (70, 74), (63, 76), (65, 77), (38, 44), (11, 79), (68, 80), (16, 66), (32, 82), (63, 83), (48, 54), (23, 43), (53, 86), (32, 86), (39, 88), (53, 89), (40, 88), (32, 62), (19, 65), (61, 93), (3, 62), (93, 95), (4, 42), (40, 97), (49, 98), (80, 98), (72, 78), (0, 50), (4, 20), (68, 103), (5, 21), (43, 105), (64, 106), (54, 106), (103, 105), (59, 109), (57, 109), (2, 17), (55, 112), (46, 112), (25, 114), (76, 114), (2, 92), (10, 117), (61, 118))
((7, 15), (0, 32), (8, 33), (16, 34), (18, 26), (15, 31), (27, 37), (6, 22), (23, 31), (14, 39), (19, 27), (22, 30), (20, 28), (3, 38), (10, 26), (13, 21), (30, 41), (12, 28), (24, 35), (5, 29), (1, 34), (37, 48), (14, 47), (9, 36), (35, 37), (13, 44), (51, 57), (49, 58), (47, 59), (45, 46), (11, 42), (33, 56), (41, 51), (36, 40), (40, 50), (12, 32), (45, 67), (9, 25), (17, 69), (34, 70), (66, 69), (52, 72), (1, 55), (10, 74), (70, 74), (63, 76), (65, 77), (38, 44), (11, 79), (68, 80), (16, 66), (32, 82), (63, 83), (48, 54), (23, 43), (53, 86), (32, 86), (39, 88), (53, 89), (40, 88), (32, 62), (19, 65), (61, 93), (3, 62), (93, 95), (4, 42), (40, 97), (49, 98), (80, 98), (72, 78), (0, 50), (4, 20), (68, 103), (2, 17), (55, 105), (46, 105), (25, 107), (76, 107), (10, 92), (2, 110), (61, 111), (5, 21), (43, 113), (64, 114), (54, 114), (103, 113), (59, 117), (57, 117))
((7, 31), (2, 10), (3, 32), (12, 28), (13, 21), (35, 36), (17, 25), (26, 33), (38, 39), (5, 29), (35, 41), (18, 39), (15, 23), (0, 24), (16, 44), (45, 46), (1, 17), (33, 48), (43, 49), (1, 9), (2, 51), (43, 52), (20, 27), (1, 25), (4, 28), (29, 56), (37, 57), (42, 58), (43, 44), (7, 15), (5, 21), (13, 29), (22, 30), (62, 64), (14, 36), (34, 60), (14, 22), (63, 68), (65, 69), (23, 68), (32, 71), (6, 22), (61, 73), (23, 64), (14, 73), (41, 76), (15, 31), (45, 78), (7, 78), (8, 79), (44, 81), (47, 82), (0, 61), (83, 84), (11, 19), (8, 84), (0, 81), (55, 88), (11, 27), (78, 90), (56, 91), (10, 18), (3, 90), (33, 91), (32, 95), (21, 29), (4, 20), (97, 98), (59, 99), (44, 86), (93, 101), (9, 25), (17, 103), (87, 104), (4, 101), (35, 91), (20, 28), (34, 54), (107, 109), (1, 8), (46, 111), (88, 103))
((6, 22), (22, 30), (23, 31), (13, 21), (20, 28), (10, 26), (9, 25), (19, 27), (15, 31), (11, 39), (14, 32), (23, 33), (18, 26), (7, 15), (0, 45), (12, 28), (8, 46), (27, 40), (16, 48), (13, 36), (5, 29), (24, 50), (43, 45), (9, 44), (51, 52), (1, 48), (1, 55), (3, 49), (30, 42), (12, 45), (42, 52), (37, 59), (3, 41), (4, 34), (47, 56), (16, 45), (11, 49), (34, 53), (40, 60), (14, 35), (2, 17), (67, 69), (10, 58), (35, 66), (34, 44), (5, 21), (19, 76), (38, 69), (17, 38), (32, 54), (58, 80), (43, 70), (48, 80), (59, 61), (40, 50), (64, 78), (46, 86), (55, 72), (0, 53), (33, 77), (73, 88), (39, 65), (4, 20), (2, 45), (10, 95), (76, 88), (41, 96), (82, 97), (36, 68), (77, 94), (51, 101), (37, 72), (85, 94), (63, 78), (60, 71), (93, 100), (70, 81), (25, 103), (34, 54), (85, 100), (66, 101), (57, 79), (63, 98), (47, 93), (62, 91), (82, 103), (79, 99), (71, 91))
((7, 15), (0, 32), (8, 33), (16, 34), (18, 26), (15, 31), (27, 37), (6, 22), (23, 31), (14, 39), (19, 27), (22, 30), (20, 28), (3, 38), (10, 26), (13, 21), (30, 41), (12, 28), (24, 35), (5, 29), (1, 34), (37, 48), (14, 47), (9, 36), (35, 37), (13, 44), (51, 57), (49, 58), (47, 59), (45, 46), (11, 42), (33, 56), (41, 51), (36, 40), (40, 50), (12, 32), (45, 67), (9, 25), (17, 69), (34, 70), (66, 69), (52, 72), (1, 55), (10, 74), (70, 74), (63, 76), (65, 77), (38, 44), (11, 79), (68, 80), (16, 66), (32, 82), (63, 83), (48, 54), (23, 43), (53, 86), (32, 86), (39, 88), (53, 89), (40, 88), (32, 62), (19, 65), (61, 93), (3, 62), (93, 95), (4, 42), (40, 97), (49, 98), (80, 98), (72, 78), (0, 50), (4, 20), (68, 103), (5, 21), (43, 105), (64, 106), (54, 106), (103, 105), (59, 109), (57, 109), (2, 17), (55, 112), (46, 112), (25, 114), (76, 114), (2, 92), (10, 117), (61, 118))
((9, 25), (17, 32), (2, 17), (18, 26), (9, 35), (1, 36), (33, 37), (15, 31), (27, 39), (3, 40), (34, 36), (19, 27), (22, 30), (4, 43), (4, 20), (10, 26), (5, 29), (5, 21), (44, 49), (46, 49), (34, 47), (38, 52), (25, 52), (10, 37), (20, 28), (40, 56), (6, 22), (14, 58), (30, 59), (39, 60), (11, 43), (11, 57), (41, 47), (48, 59), (50, 65), (3, 62), (12, 28), (7, 15), (12, 69), (0, 69), (41, 70), (63, 72), (46, 72), (62, 69), (2, 75), (10, 76), (64, 77), (13, 21), (14, 79), (50, 80), (60, 80), (13, 56), (48, 83), (68, 84), (51, 85), (79, 85), (51, 83), (23, 31), (45, 89), (68, 90), (63, 90), (35, 89), (19, 93), (64, 94), (67, 94), (8, 71), (16, 97), (24, 98), (0, 99), (39, 98), (71, 101), (38, 102), (93, 103), (1, 97), (89, 99), (16, 106), (69, 107), (102, 108), (32, 106), (105, 110), (104, 110), (33, 97), (23, 44), (61, 114), (69, 114), (89, 116), (58, 116), (61, 118))
((7, 15), (0, 32), (8, 33), (16, 34), (18, 26), (15, 31), (27, 37), (6, 22), (23, 31), (14, 39), (19, 27), (22, 30), (20, 28), (3, 38), (10, 26), (13, 21), (30, 41), (12, 28), (24, 35), (5, 29), (1, 34), (37, 48), (14, 47), (9, 36), (35, 37), (13, 44), (51, 57), (49, 58), (45, 46), (11, 42), (33, 56), (41, 51), (36, 40), (40, 50), (12, 32), (45, 66), (9, 25), (17, 68), (65, 68), (1, 55), (69, 71), (62, 72), (64, 73), (38, 44), (11, 75), (16, 65), (32, 77), (23, 43), (32, 79), (39, 80), (32, 61), (19, 64), (3, 61), (4, 42), (40, 85), (4, 20), (5, 21), (43, 88), (87, 88), (2, 17), (46, 91), (2, 82), (10, 93), (47, 59), (62, 78), (59, 90), (10, 71), (48, 54), (25, 92), (40, 80), (49, 86), (67, 87), (67, 76), (57, 90), (83, 84), (0, 50), (34, 69), (63, 89), (52, 70), (72, 92), (55, 91), (76, 86), (53, 79), (53, 81), (60, 83), (60, 94), (70, 74), (54, 89))
((7, 15), (0, 32), (8, 33), (16, 34), (24, 35), (0, 36), (9, 25), (17, 38), (34, 39), (18, 26), (9, 41), (1, 42), (10, 43), (23, 31), (36, 45), (16, 32), (46, 47), (15, 31), (35, 49), (33, 50), (48, 51), (19, 27), (11, 53), (32, 54), (2, 55), (10, 56), (39, 43), (51, 58), (41, 45), (59, 60), (2, 17), (42, 62), (22, 30), (23, 64), (32, 65), (6, 22), (66, 67), (14, 67), (30, 69), (49, 70), (68, 71), (27, 49), (20, 28), (73, 74), (11, 75), (12, 32), (3, 73), (77, 78), (76, 79), (19, 60), (10, 26), (78, 82), (81, 83), (62, 82), (25, 85), (3, 54), (81, 87), (45, 66), (58, 85), (57, 83), (13, 74), (5, 29), (92, 93), (12, 28), (94, 95), (5, 21), (4, 20), (97, 98), (96, 99), (4, 53), (45, 101), (76, 102), (95, 102), (79, 98), (38, 46), (1, 34), (106, 107), (64, 97), (13, 21), (14, 110), (109, 111), (96, 110), (61, 106), (92, 99), (65, 71), (70, 111), (69, 93), (109, 118))
((7, 15), (0, 32), (8, 33), (16, 34), (18, 26), (15, 31), (27, 37), (6, 22), (23, 31), (19, 27), (14, 39), (22, 30), (20, 28), (3, 38), (10, 26), (13, 21), (30, 42), (12, 28), (24, 35), (5, 29), (1, 34), (37, 48), (5, 21), (14, 47), (9, 36), (35, 37), (13, 44), (51, 58), (49, 59), (47, 60), (45, 46), (11, 41), (33, 57), (42, 51), (36, 40), (40, 50), (12, 32), (45, 68), (9, 25), (17, 70), (34, 71), (67, 70), (52, 73), (1, 56), (10, 75), (71, 75), (64, 77), (66, 78), (38, 44), (11, 80), (69, 81), (16, 67), (32, 83), (64, 84), (48, 55), (23, 43), (53, 87), (32, 87), (39, 89), (53, 90), (40, 89), (32, 63), (19, 66), (62, 94), (3, 63), (94, 96), (4, 41), (40, 98), (49, 99), (81, 99), (73, 79), (0, 50), (4, 20), (69, 104), (43, 54), (65, 106), (55, 106), (54, 104), (60, 109), (58, 109), (2, 17), (56, 112), (46, 112), (25, 114), (77, 114), (2, 93), (10, 117), (62, 118))
((13, 21), (20, 28), (2, 10), (25, 34), (12, 20), (9, 25), (7, 31), (6, 14), (17, 26), (13, 29), (19, 33), (6, 32), (4, 42), (14, 41), (19, 38), (0, 38), (31, 39), (1, 18), (34, 46), (3, 10), (11, 51), (35, 40), (23, 31), (5, 33), (41, 55), (35, 49), (27, 54), (1, 54), (30, 43), (8, 47), (45, 60), (26, 50), (16, 59), (44, 58), (15, 23), (24, 64), (48, 66), (11, 66), (22, 60), (44, 69), (16, 61), (36, 65), (37, 67), (52, 63), (50, 69), (58, 76))
((7, 15), (0, 32), (8, 33), (16, 34), (18, 26), (15, 31), (27, 37), (6, 22), (23, 31), (14, 39), (19, 27), (22, 30), (20, 28), (24, 35), (9, 36), (35, 37), (9, 25), (17, 48), (1, 46), (10, 26), (5, 29), (13, 44), (40, 45), (3, 38), (5, 21), (4, 20), (36, 40), (38, 44), (11, 42), (13, 21), (12, 28), (52, 53), (4, 42), (33, 47), (48, 54), (2, 17), (40, 64), (14, 61), (49, 50), (65, 70), (43, 56), (19, 58), (41, 52), (3, 60), (62, 63), (30, 41), (32, 60), (23, 43), (1, 34), (32, 79), (37, 77), (39, 81), (62, 68), (12, 32), (16, 54), (32, 86), (51, 67), (56, 57), (73, 75), (55, 85), (69, 77), (82, 83), (66, 80), (58, 71), (65, 87), (57, 91), (2, 78), (10, 98), (11, 59), (51, 55), (69, 72), (40, 81), (68, 100), (0, 45), (73, 101), (99, 101), (46, 67), (66, 95), (76, 89), (61, 76), (53, 89), (34, 49), (91, 100), (72, 74), (25, 88), (79, 82), (70, 88), (10, 50))
((18, 26), (15, 31), (27, 33), (23, 31), (19, 27), (22, 30), (20, 28), (12, 28), (23, 37), (9, 32), (9, 25), (17, 42), (5, 29), (10, 26), (5, 21), (34, 38), (37, 46), (32, 35), (19, 49), (6, 22), (14, 51), (30, 52), (33, 53), (11, 36), (11, 47), (40, 54), (44, 52), (48, 58), (13, 38), (44, 60), (39, 61), (7, 15), (40, 63), (35, 64), (12, 63), (55, 63), (13, 21), (14, 68), (62, 68), (48, 69), (53, 69), (51, 64), (54, 73), (0, 63), (8, 75), (16, 76), (24, 77), (0, 78), (33, 77), (75, 80), (35, 78), (16, 82), (63, 83), (81, 84), (43, 76), (42, 82), (1, 41), (43, 88), (81, 89), (49, 90), (10, 88), (87, 91), (1, 76), (87, 94), (2, 17), (41, 96), (45, 96), (25, 98), (2, 67), (10, 100), (89, 98), (3, 34), (45, 103), (50, 104), (3, 55), (66, 103), (56, 107), (4, 36), (35, 109), (50, 106), (56, 110), (39, 110), (4, 20), (46, 114), (62, 115), (60, 115), (107, 114), (101, 104))
((7, 15), (0, 32), (8, 33), (16, 34), (18, 26), (15, 31), (27, 37), (6, 22), (23, 31), (14, 39), (19, 27), (22, 30), (20, 28), (3, 38), (10, 26), (13, 21), (30, 41), (12, 28), (24, 35), (5, 29), (1, 34), (37, 48), (14, 47), (9, 36), (35, 37), (13, 44), (51, 57), (49, 58), (47, 59), (45, 46), (11, 42), (33, 56), (41, 51), (36, 40), (40, 50), (12, 32), (45, 67), (9, 25), (17, 69), (34, 70), (66, 69), (52, 72), (1, 55), (10, 74), (70, 74), (63, 76), (65, 77), (38, 44), (11, 79), (68, 80), (16, 66), (32, 82), (63, 83), (48, 54), (23, 43), (53, 86), (32, 86), (39, 88), (53, 89), (40, 88), (32, 62), (19, 65), (61, 93), (3, 62), (93, 95), (4, 42), (40, 97), (49, 98), (80, 98), (72, 78), (0, 50), (4, 20), (68, 103), (2, 17), (55, 105), (2, 10), (92, 107), (61, 108), (46, 105), (25, 110), (76, 110), (5, 21), (103, 113), (59, 114), (57, 114), (43, 113), (54, 117), (64, 117))
((7, 15), (0, 32), (8, 33), (16, 34), (18, 26), (15, 31), (27, 37), (6, 22), (23, 31), (14, 39), (19, 27), (22, 30), (20, 28), (3, 38), (10, 26), (13, 21), (30, 41), (12, 28), (24, 35), (5, 29), (1, 34), (37, 48), (14, 47), (9, 36), (35, 37), (13, 44), (51, 57), (49, 58), (45, 46), (11, 42), (33, 56), (41, 51), (36, 40), (40, 50), (12, 32), (45, 66), (9, 25), (17, 68), (65, 68), (1, 55), (69, 71), (62, 72), (64, 73), (38, 44), (11, 75), (16, 65), (32, 77), (23, 43), (32, 79), (39, 80), (32, 61), (19, 64), (3, 61), (4, 42), (40, 85), (4, 20), (5, 21), (43, 88), (87, 88), (2, 17), (46, 91), (2, 82), (10, 93), (40, 80), (49, 86), (54, 89), (63, 89), (57, 90), (72, 92), (0, 50), (76, 86), (60, 94), (67, 76), (55, 91), (83, 84), (48, 54), (53, 81), (25, 92), (62, 78), (70, 74), (59, 90), (67, 87), (52, 70), (47, 59), (53, 79), (34, 69), (10, 71), (60, 83))
((2, 17), (4, 20), (5, 29), (5, 21), (6, 22), (7, 15), (9, 25), (10, 26), (12, 28), (12, 37), (13, 21), (14, 36), (14, 42), (15, 31), (17, 38), (18, 26), (19, 27), (20, 28), (22, 30), (23, 31), (23, 50), (27, 45), (30, 43), (32, 39), (33, 35), (34, 43), (35, 50), (0, 37), (37, 52), (44, 58), (44, 54), (45, 54), (47, 51), (9, 47), (4, 48), (11, 48), (13, 49), (49, 53), (51, 66), (51, 60), (52, 63), (3, 53), (25, 55), (56, 68), (57, 58), (8, 59), (36, 60), (63, 78), (19, 64), (1, 65), (32, 65), (3, 67), (37, 67), (34, 68), (11, 69), (70, 86), (40, 70), (39, 73), (41, 73), (1, 77), (16, 77), (46, 77), (80, 89), (80, 83), (46, 81), (10, 81), (2, 84), (40, 85), (86, 90), (33, 90), (24, 92), (45, 92), (55, 96), (10, 98), (56, 99), (42, 99), (0, 102), (51, 102), (59, 103), (89, 105), (16, 109), (38, 109), (96, 110), (37, 112), (91, 113), (64, 114), (110, 115), (113, 117))
((7, 15), (0, 32), (8, 33), (16, 34), (18, 26), (15, 31), (27, 37), (6, 22), (23, 31), (14, 39), (19, 27), (22, 30), (20, 28), (3, 38), (10, 26), (13, 21), (30, 41), (12, 28), (24, 35), (5, 29), (1, 34), (37, 48), (14, 47), (9, 36), (35, 37), (13, 44), (51, 57), (49, 58), (47, 59), (45, 46), (11, 42), (33, 56), (41, 51), (36, 40), (40, 50), (12, 32), (45, 67), (9, 25), (17, 69), (34, 70), (66, 69), (1, 55), (10, 73), (70, 73), (63, 75), (65, 76), (38, 44), (11, 78), (16, 66), (32, 80), (63, 81), (48, 54), (23, 43), (53, 84), (32, 84), (39, 86), (40, 86), (32, 62), (19, 65), (3, 62), (90, 91), (4, 42), (40, 93), (49, 94), (79, 94), (72, 77), (0, 50), (4, 20), (68, 99), (5, 21), (43, 101), (64, 102), (54, 102), (99, 101), (59, 105), (57, 105), (2, 17), (55, 108), (46, 108), (25, 110), (75, 110), (2, 89), (10, 113), (61, 114), (53, 87), (61, 90), (68, 79), (52, 72))
((7, 15), (0, 32), (8, 33), (16, 34), (18, 26), (15, 31), (27, 37), (6, 22), (23, 31), (14, 39), (19, 27), (22, 30), (20, 28), (3, 38), (10, 26), (13, 21), (30, 41), (12, 28), (24, 35), (5, 29), (1, 34), (37, 48), (14, 47), (9, 36), (35, 37), (13, 44), (51, 57), (49, 58), (47, 59), (45, 46), (11, 42), (33, 56), (41, 51), (36, 40), (40, 50), (12, 32), (45, 67), (9, 25), (17, 69), (34, 70), (66, 69), (52, 72), (1, 55), (10, 74), (70, 74), (63, 76), (65, 77), (38, 44), (11, 79), (68, 80), (16, 66), (32, 82), (63, 83), (48, 54), (23, 43), (53, 86), (32, 86), (39, 88), (53, 89), (40, 88), (32, 62), (19, 65), (61, 93), (3, 62), (93, 95), (4, 42), (40, 97), (49, 98), (80, 98), (72, 78), (0, 50), (4, 20), (68, 103), (5, 21), (43, 105), (64, 106), (54, 106), (103, 105), (59, 109), (57, 109), (2, 17), (55, 112), (46, 112), (25, 114), (76, 114), (2, 92), (10, 117), (61, 118))
((7, 15), (0, 32), (8, 33), (16, 34), (18, 26), (15, 31), (27, 37), (6, 22), (23, 31), (14, 39), (19, 27), (22, 30), (20, 28), (3, 38), (10, 26), (13, 21), (30, 41), (12, 28), (24, 35), (5, 29), (1, 34), (37, 48), (14, 47), (9, 36), (35, 37), (13, 44), (51, 57), (49, 58), (47, 59), (45, 46), (11, 42), (33, 56), (41, 51), (36, 40), (40, 50), (12, 32), (45, 67), (9, 25), (17, 69), (34, 70), (66, 69), (52, 72), (1, 55), (70, 74), (63, 75), (65, 76), (38, 44), (11, 78), (68, 79), (16, 66), (32, 81), (48, 54), (23, 43), (53, 84), (32, 84), (39, 86), (53, 87), (32, 62), (19, 65), (61, 90), (4, 42), (40, 92), (49, 93), (79, 93), (72, 77), (0, 50), (4, 20), (68, 98), (5, 21), (43, 100), (64, 101), (54, 101), (98, 100), (59, 104), (57, 104), (2, 17), (55, 107), (46, 107), (2, 89), (10, 110), (61, 111), (25, 109), (75, 109), (40, 86), (62, 90), (3, 116), (10, 74), (63, 82))
((7, 15), (0, 32), (8, 33), (16, 34), (18, 26), (15, 31), (27, 37), (6, 22), (23, 31), (14, 39), (19, 27), (22, 30), (20, 28), (3, 38), (10, 26), (13, 21), (30, 41), (12, 28), (24, 35), (5, 29), (1, 34), (37, 48), (14, 47), (9, 36), (35, 37), (13, 44), (51, 57), (49, 58), (47, 59), (45, 46), (11, 42), (33, 56), (41, 51), (36, 40), (40, 50), (12, 32), (45, 67), (9, 25), (17, 69), (66, 69), (1, 55), (70, 72), (63, 73), (65, 74), (38, 44), (16, 66), (32, 77), (48, 54), (23, 43), (32, 80), (39, 81), (32, 62), (19, 65), (3, 62), (84, 85), (4, 42), (40, 87), (49, 88), (71, 75), (4, 20), (5, 21), (2, 17), (55, 93), (46, 93), (73, 95), (2, 83), (10, 97), (11, 76), (88, 99), (91, 92), (59, 101), (57, 101), (52, 71), (43, 92), (40, 81), (53, 80), (61, 84), (0, 50), (34, 70), (68, 99), (64, 105), (53, 82), (25, 95), (54, 105), (63, 78), (68, 91), (10, 72), (61, 98))
((7, 15), (0, 32), (8, 33), (16, 34), (18, 26), (15, 31), (27, 37), (6, 22), (23, 31), (14, 39), (19, 27), (22, 30), (20, 28), (3, 38), (10, 26), (13, 21), (30, 41), (12, 28), (24, 35), (5, 29), (1, 34), (37, 48), (14, 47), (9, 36), (35, 37), (13, 44), (51, 57), (49, 58), (47, 59), (45, 46), (11, 42), (33, 56), (41, 51), (36, 40), (40, 50), (12, 32), (45, 67), (9, 25), (17, 69), (34, 70), (66, 69), (52, 72), (1, 55), (10, 74), (70, 74), (63, 76), (65, 77), (38, 44), (11, 79), (16, 66), (32, 81), (63, 82), (48, 54), (23, 43), (32, 85), (40, 86), (32, 62), (4, 42), (40, 89), (72, 78), (0, 50), (4, 20), (68, 93), (5, 21), (93, 95), (59, 96), (57, 96), (2, 17), (2, 88), (10, 100), (19, 65), (61, 102), (49, 90), (46, 99), (76, 105), (43, 95), (54, 107), (64, 107), (61, 101), (80, 90), (55, 99), (62, 102), (3, 113), (68, 80), (39, 86), (53, 116), (25, 105), (53, 85))
((7, 15), (0, 32), (8, 33), (16, 34), (18, 26), (15, 31), (27, 37), (6, 22), (23, 31), (14, 39), (19, 27), (22, 30), (20, 28), (3, 38), (10, 26), (13, 21), (30, 41), (12, 28), (24, 35), (5, 29), (1, 34), (37, 48), (14, 47), (9, 36), (35, 37), (13, 44), (51, 57), (49, 58), (47, 59), (45, 46), (11, 42), (33, 56), (36, 40), (40, 50), (12, 32), (45, 66), (9, 25), (17, 68), (34, 69), (65, 68), (1, 55), (10, 72), (69, 72), (63, 74), (64, 75), (38, 44), (11, 77), (48, 54), (23, 43), (32, 80), (40, 81), (32, 62), (19, 64), (61, 84), (4, 42), (40, 86), (78, 87), (71, 76), (4, 20), (5, 21), (43, 91), (90, 91), (2, 17), (55, 94), (2, 83), (32, 65), (16, 97), (63, 98), (62, 84), (46, 94), (54, 92), (67, 78), (53, 80), (0, 50), (49, 87), (25, 101), (59, 93), (67, 90), (10, 96), (57, 93), (61, 110), (74, 101), (39, 81), (53, 114), (3, 100), (52, 71), (41, 51), (92, 118))
((7, 15), (0, 32), (8, 33), (16, 34), (18, 26), (15, 31), (27, 37), (6, 22), (23, 31), (14, 39), (19, 27), (22, 30), (20, 28), (3, 38), (10, 26), (13, 21), (30, 41), (12, 28), (24, 35), (5, 29), (1, 34), (37, 48), (14, 47), (9, 36), (35, 37), (13, 44), (51, 57), (49, 58), (47, 59), (45, 46), (11, 42), (33, 56), (41, 51), (36, 40), (40, 50), (12, 32), (45, 67), (9, 25), (17, 69), (66, 69), (52, 71), (1, 55), (10, 73), (70, 73), (63, 75), (38, 44), (11, 77), (16, 66), (32, 79), (48, 54), (23, 43), (32, 82), (40, 83), (32, 62), (19, 65), (4, 42), (40, 87), (4, 20), (68, 89), (5, 21), (43, 91), (54, 92), (89, 91), (59, 94), (57, 94), (2, 17), (55, 97), (46, 97), (75, 99), (2, 85), (61, 86), (62, 86), (3, 103), (10, 101), (61, 105), (64, 92), (0, 50), (78, 88), (65, 76), (71, 110), (63, 80), (53, 82), (34, 70), (68, 78), (49, 88), (25, 99), (39, 83), (53, 118))
((15, 31), (0, 24), (32, 33), (23, 31), (16, 34), (35, 36), (24, 37), (2, 26), (9, 17), (7, 15), (10, 40), (38, 41), (3, 11), (19, 27), (14, 22), (18, 26), (35, 47), (14, 30), (32, 49), (5, 21), (34, 38), (1, 17), (10, 18), (35, 45), (28, 55), (27, 44), (48, 57), (41, 44), (12, 59), (32, 39), (59, 61), (4, 12), (56, 63), (4, 20), (40, 43), (8, 35), (47, 53), (51, 65), (49, 51), (7, 46), (35, 71), (50, 71), (42, 68), (43, 67), (33, 67), (34, 75), (39, 42), (54, 78), (20, 28), (60, 80), (13, 80), (69, 82), (25, 76), (9, 25), (78, 85), (68, 86), (29, 63), (69, 88), (13, 21), (88, 90), (3, 32), (54, 92), (55, 93), (62, 94), (48, 95), (1, 52), (66, 97), (85, 97), (36, 84), (66, 100), (53, 100), (22, 90), (70, 103), (6, 30), (103, 105), (23, 105), (50, 107), (57, 65), (92, 109), (60, 110), (56, 110), (19, 62), (41, 107), (5, 29), (82, 115), (6, 115), (70, 117), (46, 117))
((9, 25), (2, 10), (18, 26), (10, 26), (19, 27), (11, 36), (3, 37), (20, 28), (4, 20), (12, 28), (13, 21), (5, 21), (6, 22), (22, 30), (14, 44), (30, 46), (7, 15), (23, 31), (15, 31), (0, 48), (8, 51), (16, 52), (27, 50), (3, 54), (24, 53), (5, 29), (1, 52), (47, 50), (14, 42), (9, 34), (50, 53), (13, 39), (57, 63), (41, 64), (42, 65), (35, 55), (51, 62), (46, 57), (34, 49), (49, 56), (12, 48), (55, 72), (17, 32), (52, 74), (32, 71), (58, 76), (1, 61), (10, 78), (74, 78), (68, 80), (70, 81), (39, 54), (11, 83), (73, 84), (16, 71), (48, 86), (68, 87), (47, 60), (23, 45), (59, 90), (48, 90), (44, 92), (59, 93), (49, 92), (37, 48), (19, 70), (67, 97), (38, 97), (4, 36), (49, 100), (41, 101), (84, 101), (76, 82), (0, 56), (40, 73), (43, 45), (69, 107), (60, 107), (40, 43), (65, 110), (63, 110), (2, 17), (61, 113), (35, 113), (25, 115), (80, 115), (33, 96), (67, 118))
((7, 15), (22, 30), (15, 31), (20, 28), (23, 31), (10, 32), (5, 21), (2, 17), (23, 33), (9, 25), (4, 20), (13, 21), (17, 41), (6, 22), (0, 32), (10, 26), (39, 47), (19, 27), (18, 26), (13, 35), (12, 28), (9, 50), (39, 53), (36, 49), (4, 55), (52, 56), (2, 37), (1, 53), (14, 45), (38, 42), (5, 29), (25, 48), (27, 34), (11, 49), (44, 59), (32, 40), (3, 64), (8, 46), (45, 67), (36, 50), (35, 64), (16, 32), (33, 38), (16, 69), (36, 67), (32, 68), (51, 62), (11, 72), (51, 61), (52, 78), (10, 59), (56, 79), (60, 62), (12, 77), (14, 43), (34, 75), (58, 65), (47, 68), (24, 75), (36, 90), (0, 90), (44, 69), (73, 91), (88, 89), (42, 85), (74, 84), (74, 86), (41, 91), (30, 60), (86, 100), (34, 100), (43, 81), (46, 87), (69, 99), (66, 104), (94, 104), (1, 105), (71, 106), (61, 81), (79, 85), (40, 102), (99, 109), (70, 102), (19, 71), (89, 115), (65, 115), (3, 117), (48, 66))
((7, 15), (0, 32), (8, 33), (16, 34), (18, 26), (1, 34), (15, 31), (27, 38), (6, 22), (23, 31), (14, 40), (19, 27), (4, 43), (22, 30), (20, 28), (3, 39), (12, 32), (39, 46), (10, 26), (13, 21), (30, 42), (35, 38), (12, 28), (24, 35), (0, 55), (5, 29), (38, 52), (14, 51), (9, 36), (13, 46), (57, 61), (54, 62), (51, 63), (47, 50), (11, 43), (33, 53), (42, 57), (52, 59), (36, 41), (41, 55), (47, 48), (16, 71), (9, 25), (17, 74), (34, 75), (32, 73), (71, 74), (37, 78), (1, 60), (10, 80), (75, 80), (67, 82), (70, 83), (3, 66), (11, 49), (72, 86), (67, 77), (23, 45), (58, 89), (32, 89), (78, 84), (41, 91), (40, 91), (58, 94), (19, 70), (65, 96), (85, 96), (41, 44), (86, 99), (54, 99), (4, 20), (72, 102), (5, 21), (45, 104), (59, 105), (68, 105), (102, 104), (63, 108), (61, 108), (2, 17), (60, 111), (50, 111), (25, 113), (32, 66), (82, 113), (2, 115), (10, 117), (65, 118))
((7, 15), (0, 32), (8, 33), (16, 34), (18, 26), (15, 31), (27, 37), (6, 22), (23, 31), (14, 39), (19, 27), (22, 30), (20, 28), (3, 38), (10, 26), (13, 21), (30, 41), (12, 28), (24, 35), (5, 29), (37, 48), (14, 47), (9, 36), (35, 37), (13, 44), (51, 56), (49, 57), (47, 58), (45, 46), (11, 42), (33, 55), (41, 51), (36, 40), (40, 50), (12, 32), (45, 66), (9, 25), (17, 68), (34, 69), (65, 68), (1, 54), (10, 72), (69, 72), (62, 74), (64, 75), (38, 44), (11, 77), (67, 78), (16, 65), (32, 80), (62, 81), (48, 53), (23, 43), (52, 84), (32, 84), (39, 86), (52, 87), (40, 86), (32, 61), (19, 64), (60, 91), (3, 61), (91, 93), (4, 42), (40, 95), (49, 96), (78, 96), (71, 76), (0, 50), (4, 20), (67, 101), (5, 21), (43, 103), (63, 104), (53, 104), (2, 17), (54, 107), (46, 107), (25, 109), (74, 109), (2, 90), (10, 112), (60, 113), (34, 71), (1, 115), (101, 103), (58, 117), (56, 117))
((20, 28), (19, 27), (18, 26), (11, 33), (9, 25), (22, 30), (7, 15), (6, 22), (15, 31), (14, 39), (5, 29), (0, 38), (23, 31), (13, 32), (8, 43), (23, 37), (16, 46), (27, 40), (13, 21), (3, 49), (42, 45), (32, 49), (5, 21), (24, 48), (12, 28), (12, 51), (9, 34), (52, 56), (1, 58), (33, 44), (35, 38), (44, 55), (17, 36), (11, 53), (40, 48), (2, 17), (37, 54), (4, 20), (14, 50), (36, 63), (38, 57), (38, 47), (30, 41), (10, 26), (41, 42), (68, 76), (10, 60), (68, 70), (34, 44), (46, 64), (10, 62), (51, 75), (44, 73), (40, 74), (60, 64), (38, 63), (69, 72), (47, 85), (46, 71), (0, 55), (43, 66), (86, 92), (50, 59), (67, 75), (4, 61), (58, 67), (1, 90), (19, 80), (54, 69), (70, 74), (80, 93), (56, 96), (65, 72), (35, 99), (3, 105), (71, 102), (39, 73), (85, 108), (59, 100), (16, 87), (92, 111), (83, 99), (2, 82), (25, 95), (83, 114), (86, 95), (65, 96), (45, 100))
((9, 25), (7, 15), (12, 28), (20, 28), (5, 29), (18, 26), (17, 32), (2, 17), (5, 21), (4, 20), (15, 31), (27, 42), (12, 33), (0, 33), (23, 31), (37, 46), (3, 43), (19, 27), (8, 45), (10, 26), (39, 51), (22, 30), (16, 50), (23, 53), (6, 22), (14, 56), (40, 41), (19, 47), (13, 21), (48, 51), (44, 48), (24, 54), (30, 57), (11, 49), (9, 37), (4, 49), (1, 50), (39, 66), (42, 54), (14, 60), (45, 70), (46, 63), (1, 66), (42, 64), (38, 74), (40, 53), (13, 35), (36, 78), (10, 74), (16, 73), (34, 79), (32, 73), (35, 43), (36, 57), (68, 83), (60, 82), (64, 71), (0, 63), (33, 55), (3, 65), (33, 65), (77, 85), (2, 92), (38, 50), (25, 52), (41, 62), (72, 76), (47, 98), (59, 61), (11, 84), (62, 101), (83, 99), (33, 81), (72, 104), (55, 75), (71, 77), (56, 90), (75, 108), (59, 91), (46, 90), (46, 67), (34, 112), (52, 76), (101, 112), (58, 82), (58, 78), (10, 94), (61, 118))
((15, 31), (6, 22), (14, 33), (30, 34), (32, 35), (22, 30), (23, 37), (36, 38), (5, 29), (20, 28), (13, 41), (40, 42), (12, 28), (43, 44), (13, 21), (45, 46), (18, 26), (9, 48), (1, 49), (10, 50), (7, 15), (0, 52), (8, 53), (16, 54), (32, 55), (53, 56), (9, 25), (17, 58), (50, 59), (57, 60), (23, 31), (48, 62), (61, 63), (24, 55), (62, 65), (58, 66), (64, 67), (5, 21), (37, 69), (34, 40), (70, 71), (1, 54), (67, 73), (4, 20), (69, 75), (42, 76), (2, 17), (49, 78), (54, 59), (19, 27), (11, 81), (3, 82), (19, 63), (83, 84), (27, 32), (41, 86), (11, 87), (3, 86), (12, 52), (89, 90), (88, 91), (14, 46), (35, 93), (52, 82), (2, 95), (10, 96), (10, 26), (78, 98), (60, 99), (38, 52), (33, 101), (36, 102), (16, 66), (52, 104), (57, 105), (4, 81), (62, 107), (88, 108), (45, 76), (25, 99), (89, 98), (97, 112), (70, 93), (44, 108), (62, 101), (84, 112), (0, 65), (75, 91))
((12, 28), (4, 20), (15, 31), (5, 29), (27, 34), (2, 17), (13, 21), (22, 30), (18, 26), (6, 22), (14, 41), (35, 42), (7, 15), (10, 26), (5, 21), (19, 27), (14, 38), (4, 47), (9, 25), (2, 10), (16, 44), (0, 44), (20, 28), (37, 45), (33, 46), (8, 53), (16, 57), (24, 58), (34, 58), (17, 50), (23, 31), (53, 60), (30, 42), (59, 62), (23, 39), (49, 62), (3, 36), (9, 40), (1, 57), (0, 59), (40, 62), (52, 65), (19, 72), (25, 55), (34, 64), (13, 54), (1, 69), (35, 77), (32, 79), (44, 68), (38, 80), (56, 77), (36, 54), (39, 46), (37, 69), (63, 72), (11, 84), (45, 68), (11, 47), (3, 90), (12, 81), (44, 51), (66, 76), (57, 61), (50, 65), (43, 85), (70, 96), (10, 78), (61, 78), (87, 100), (88, 92), (63, 73), (48, 64), (44, 66), (41, 105), (76, 106), (62, 105), (74, 89), (74, 91), (32, 67), (67, 88), (96, 101), (33, 92), (48, 85), (56, 80), (55, 100), (90, 93), (89, 118))
((2, 10), (7, 15), (2, 17), (4, 20), (5, 21), (13, 21), (6, 22), (9, 25), (18, 26), (10, 26), (19, 27), (20, 28), (12, 28), (5, 29), (22, 30), (23, 31), (15, 31), (12, 33), (32, 33), (0, 33), (16, 33), (35, 36), (14, 37), (14, 38), (17, 39), (9, 40), (34, 41), (11, 42), (4, 42), (11, 43), (13, 43), (23, 46), (36, 46), (40, 47), (27, 48), (8, 51), (45, 55), (30, 55), (34, 57), (1, 57), (25, 58), (50, 59), (3, 59), (47, 60), (53, 62), (45, 62), (33, 63), (54, 64), (19, 65), (61, 66), (3, 66), (1, 67), (16, 67), (56, 67), (64, 68), (48, 69), (54, 69), (56, 71), (10, 71), (44, 75), (44, 77), (47, 78), (38, 78), (74, 80), (75, 81), (41, 82), (49, 82), (24, 84), (48, 84), (63, 87), (65, 89), (58, 89), (37, 92), (53, 92), (87, 94), (80, 97), (73, 97), (35, 98), (81, 98), (0, 99), (47, 99), (51, 100), (39, 112), (52, 112), (102, 113), (83, 114), (113, 115), (114, 116))
((15, 23), (7, 31), (32, 33), (12, 28), (17, 25), (5, 21), (13, 29), (0, 24), (16, 32), (39, 40), (37, 38), (5, 29), (6, 22), (14, 44), (43, 45), (5, 13), (18, 26), (22, 30), (37, 49), (23, 49), (34, 51), (6, 47), (14, 47), (4, 20), (47, 55), (35, 55), (38, 57), (4, 28), (29, 59), (42, 60), (58, 61), (10, 18), (2, 26), (10, 36), (64, 65), (1, 9), (26, 67), (8, 40), (1, 69), (1, 17), (0, 69), (34, 72), (48, 66), (71, 74), (32, 52), (14, 30), (76, 77), (65, 75), (24, 33), (72, 80), (8, 73), (9, 69), (23, 31), (69, 84), (44, 84), (34, 78), (11, 19), (9, 36), (3, 27), (32, 88), (12, 91), (82, 85), (89, 93), (81, 94), (71, 95), (63, 91), (11, 90), (48, 84), (83, 96), (97, 99), (88, 90), (27, 33), (64, 103), (33, 90), (12, 105), (55, 106), (15, 31), (11, 27), (108, 109), (59, 110))
((7, 15), (0, 32), (8, 33), (16, 34), (18, 26), (15, 31), (27, 37), (6, 22), (23, 31), (14, 39), (19, 27), (22, 30), (20, 28), (3, 38), (10, 26), (13, 21), (30, 41), (12, 28), (24, 35), (5, 29), (1, 34), (37, 48), (14, 47), (9, 36), (35, 37), (13, 44), (51, 57), (49, 58), (47, 59), (45, 46), (11, 42), (33, 56), (41, 51), (36, 40), (40, 50), (12, 32), (45, 67), (9, 25), (17, 69), (34, 70), (66, 69), (52, 72), (1, 55), (10, 74), (70, 74), (63, 76), (65, 77), (38, 44), (11, 79), (68, 80), (16, 66), (32, 82), (63, 83), (48, 54), (23, 43), (53, 86), (32, 86), (39, 88), (53, 89), (40, 88), (32, 62), (19, 65), (61, 93), (3, 62), (93, 95), (4, 42), (40, 97), (49, 98), (80, 98), (72, 78), (0, 50), (4, 20), (68, 103), (5, 21), (43, 105), (64, 106), (54, 106), (103, 105), (59, 109), (57, 109), (2, 17), (55, 112), (46, 112), (25, 114), (76, 114), (2, 92), (10, 117), (61, 118))
((0, 24), (15, 31), (32, 33), (2, 10), (7, 31), (26, 35), (15, 23), (11, 27), (33, 39), (10, 18), (5, 13), (3, 39), (11, 19), (38, 44), (30, 42), (17, 25), (1, 8), (14, 22), (9, 25), (41, 50), (35, 40), (36, 52), (18, 37), (16, 38), (12, 28), (6, 22), (4, 12), (3, 36), (38, 54), (23, 49), (5, 21), (56, 62), (57, 62), (46, 64), (20, 28), (8, 34), (38, 67), (17, 36), (32, 69), (1, 9), (40, 56), (41, 45), (43, 73), (21, 29), (14, 75), (64, 76), (48, 55), (47, 78), (37, 47), (59, 60), (73, 81), (53, 81), (33, 57), (61, 84), (32, 55), (13, 58), (75, 87), (63, 87), (19, 53), (29, 66), (42, 91), (63, 91), (4, 45), (66, 94), (72, 94), (70, 71), (51, 80), (36, 61), (46, 49), (2, 71), (54, 101), (51, 101), (0, 67), (50, 104), (78, 105), (70, 105), (16, 104), (36, 108), (34, 109), (20, 27), (59, 111), (72, 112), (58, 112), (6, 30), (76, 115), (7, 115), (84, 117), (38, 117))
((7, 15), (0, 32), (8, 33), (16, 34), (18, 26), (15, 31), (27, 37), (6, 22), (23, 31), (14, 39), (19, 27), (22, 30), (20, 28), (3, 38), (10, 26), (13, 21), (30, 41), (12, 28), (24, 35), (11, 42), (40, 50), (38, 44), (23, 43), (5, 21), (9, 25), (0, 50), (4, 42), (2, 10), (36, 40), (19, 60), (3, 51), (40, 58), (5, 29), (13, 44), (2, 17), (17, 56), (35, 37), (45, 46), (37, 48), (12, 32), (52, 56), (34, 67), (61, 69), (32, 54), (46, 66), (32, 51), (16, 52), (45, 71), (1, 34), (4, 20), (14, 47), (43, 55), (11, 53), (33, 68), (59, 77), (32, 78), (85, 87), (25, 76), (79, 84), (61, 62), (40, 75), (69, 86), (39, 75), (70, 94), (63, 84), (49, 63), (79, 81), (48, 82), (72, 80), (82, 83), (64, 65), (54, 70), (55, 81), (65, 104), (9, 36), (66, 106), (41, 64), (83, 108), (49, 102), (47, 110), (104, 110), (1, 106), (10, 113), (67, 113), (76, 115), (85, 115), (60, 117), (72, 118))
((6, 22), (23, 31), (5, 21), (10, 26), (13, 21), (4, 20), (2, 17), (19, 27), (5, 29), (11, 39), (12, 28), (22, 30), (9, 25), (23, 43), (15, 31), (14, 32), (7, 15), (34, 43), (30, 47), (18, 26), (35, 38), (40, 47), (20, 28), (3, 41), (4, 39), (17, 44), (12, 48), (34, 37), (33, 51), (45, 48), (41, 48), (0, 48), (9, 51), (33, 56), (25, 52), (14, 36), (13, 54), (49, 67), (40, 68), (42, 65), (38, 64), (42, 70), (8, 63), (16, 74), (57, 74), (27, 46), (1, 74), (59, 68), (1, 64), (3, 77), (46, 75), (58, 81), (59, 73), (24, 75), (0, 85), (35, 81), (50, 67), (54, 77), (2, 62), (46, 50), (49, 53), (11, 89), (36, 73), (33, 85), (63, 82), (65, 93), (16, 95), (10, 90), (19, 60), (37, 83), (32, 61), (10, 80), (55, 100), (57, 80), (48, 98), (52, 105), (33, 61), (87, 99), (87, 100), (45, 91), (91, 102), (96, 105), (83, 93), (44, 95), (96, 106), (60, 113), (115, 117), (78, 115))
((5, 13), (7, 23), (19, 33), (3, 27), (9, 25), (15, 23), (8, 37), (16, 38), (33, 39), (7, 31), (6, 32), (18, 26), (15, 31), (0, 44), (1, 36), (40, 45), (14, 30), (42, 48), (17, 46), (4, 28), (20, 51), (12, 52), (4, 12), (17, 25), (38, 47), (21, 32), (6, 22), (55, 56), (13, 29), (14, 22), (51, 57), (10, 26), (29, 57), (49, 64), (24, 40), (11, 19), (35, 41), (60, 61), (65, 69), (42, 69), (53, 60), (28, 68), (53, 73), (56, 66), (23, 61), (41, 76), (44, 63), (52, 67), (62, 72), (49, 58), (5, 54), (72, 82), (37, 79), (44, 58), (76, 85), (24, 41), (56, 87), (45, 46), (88, 89), (3, 34), (54, 91), (84, 92), (73, 92), (36, 43), (9, 39), (2, 55), (63, 97), (48, 77), (37, 99), (85, 99), (95, 97), (50, 98), (95, 103), (44, 59), (96, 105), (50, 96), (90, 105), (64, 82), (2, 18), (103, 110), (91, 110), (34, 43), (68, 113), (78, 114), (67, 114), (112, 116), (78, 117), (35, 117))
((7, 15), (0, 32), (8, 33), (16, 34), (18, 26), (15, 31), (27, 37), (6, 22), (23, 31), (14, 39), (19, 27), (22, 30), (20, 28), (3, 38), (10, 26), (13, 21), (30, 41), (12, 28), (24, 35), (5, 29), (1, 34), (37, 48), (14, 47), (9, 36), (35, 37), (13, 44), (51, 57), (49, 58), (45, 46), (11, 42), (33, 56), (41, 51), (36, 40), (40, 50), (12, 32), (45, 66), (9, 25), (17, 68), (65, 68), (1, 55), (69, 71), (62, 72), (64, 73), (38, 44), (11, 75), (16, 65), (32, 77), (23, 43), (32, 79), (39, 80), (32, 61), (0, 50), (19, 64), (3, 61), (4, 42), (40, 86), (4, 20), (48, 54), (5, 21), (43, 90), (88, 90), (2, 17), (46, 93), (2, 82), (47, 59), (10, 95), (63, 91), (10, 71), (52, 70), (53, 81), (40, 80), (67, 76), (53, 79), (34, 69), (72, 94), (70, 74), (59, 92), (62, 78), (25, 94), (55, 93), (54, 91), (84, 85), (57, 92), (60, 84), (49, 87), (67, 88), (60, 97), (76, 87))
((7, 15), (0, 32), (8, 33), (16, 34), (18, 26), (15, 31), (27, 37), (6, 22), (23, 31), (14, 39), (19, 27), (22, 30), (20, 28), (3, 38), (10, 26), (13, 21), (30, 41), (12, 28), (24, 35), (5, 29), (1, 34), (37, 48), (14, 47), (9, 36), (35, 37), (13, 44), (51, 57), (49, 58), (47, 59), (45, 46), (11, 42), (33, 56), (41, 51), (36, 40), (40, 50), (12, 32), (45, 67), (9, 25), (17, 69), (34, 70), (66, 69), (52, 72), (1, 55), (10, 74), (70, 74), (63, 76), (65, 77), (38, 44), (11, 79), (68, 80), (16, 66), (32, 82), (63, 83), (48, 54), (23, 43), (53, 86), (32, 86), (39, 88), (53, 89), (40, 88), (32, 62), (19, 65), (61, 93), (3, 62), (93, 95), (4, 42), (40, 97), (49, 98), (80, 98), (72, 78), (0, 50), (4, 20), (68, 103), (5, 21), (43, 105), (64, 106), (54, 106), (103, 105), (59, 109), (57, 109), (2, 17), (55, 112), (46, 112), (25, 114), (76, 114), (2, 92), (10, 117), (61, 118))
((5, 21), (4, 20), (6, 22), (22, 30), (15, 31), (7, 36), (35, 37), (23, 31), (34, 39), (38, 40), (10, 26), (5, 13), (14, 43), (35, 44), (32, 45), (6, 14), (46, 47), (7, 47), (40, 49), (23, 37), (49, 51), (33, 43), (1, 25), (18, 26), (3, 27), (18, 54), (2, 10), (57, 58), (1, 17), (59, 60), (55, 61), (4, 28), (29, 63), (53, 64), (36, 56), (0, 36), (16, 39), (24, 68), (67, 69), (12, 66), (32, 64), (13, 29), (72, 73), (34, 73), (46, 75), (44, 75), (8, 24), (51, 78), (70, 79), (68, 79), (0, 39), (78, 82), (12, 63), (20, 84), (72, 85), (53, 86), (36, 78), (54, 88), (17, 69), (89, 90), (81, 82), (42, 66), (9, 25), (42, 94), (61, 95), (57, 95), (90, 94), (92, 98), (89, 99), (60, 98), (51, 58), (19, 39), (27, 103), (84, 104), (11, 104), (102, 106), (93, 107), (55, 103), (93, 109), (3, 106), (39, 111), (109, 112), (71, 111), (85, 114), (51, 112), (33, 116), (114, 117), (105, 117))
((7, 15), (0, 32), (8, 33), (16, 34), (18, 26), (15, 31), (27, 37), (6, 22), (23, 31), (14, 39), (19, 27), (22, 30), (20, 28), (3, 38), (10, 26), (13, 21), (30, 41), (12, 28), (24, 35), (5, 29), (1, 34), (37, 48), (14, 47), (9, 36), (35, 37), (13, 44), (51, 57), (49, 58), (47, 59), (45, 46), (11, 42), (33, 56), (41, 51), (36, 40), (40, 50), (12, 32), (45, 67), (9, 25), (17, 69), (34, 70), (66, 69), (52, 72), (1, 55), (10, 74), (70, 74), (63, 76), (65, 77), (38, 44), (11, 79), (68, 80), (16, 66), (32, 82), (63, 83), (48, 54), (23, 43), (53, 86), (32, 86), (39, 88), (53, 89), (40, 88), (32, 62), (19, 65), (61, 93), (3, 62), (93, 95), (4, 42), (40, 97), (49, 98), (80, 98), (72, 78), (0, 50), (4, 20), (68, 103), (5, 21), (43, 105), (64, 106), (54, 106), (103, 105), (59, 109), (57, 109), (2, 17), (55, 112), (46, 112), (25, 114), (76, 114), (2, 92), (10, 117), (61, 118))
((7, 31), (23, 31), (0, 24), (33, 34), (15, 23), (16, 36), (8, 37), (0, 38), (35, 39), (32, 40), (2, 18), (17, 42), (9, 43), (1, 44), (32, 42), (45, 46), (34, 47), (1, 25), (16, 49), (40, 50), (48, 51), (18, 26), (10, 43), (53, 54), (45, 55), (10, 19), (27, 33), (11, 58), (36, 59), (18, 60), (57, 61), (46, 62), (12, 28), (20, 64), (32, 36), (3, 59), (27, 67), (66, 68), (65, 69), (4, 28), (13, 71), (21, 29), (64, 73), (72, 74), (6, 22), (5, 21), (76, 77), (13, 29), (14, 73), (6, 30), (80, 81), (79, 82), (78, 83), (33, 76), (14, 22), (15, 86), (85, 87), (34, 37), (17, 49), (38, 90), (26, 44), (62, 68), (19, 58), (20, 94), (60, 71), (95, 96), (4, 65), (72, 77), (98, 99), (79, 100), (83, 86), (66, 87), (8, 35), (9, 51), (38, 105), (25, 55), (53, 67), (95, 98), (74, 100), (31, 81), (66, 111), (85, 112), (39, 66), (54, 90), (46, 94), (108, 116), (70, 96), (78, 80))
((7, 15), (0, 32), (8, 33), (16, 34), (18, 26), (15, 31), (27, 37), (6, 22), (23, 31), (14, 39), (19, 27), (22, 30), (20, 28), (3, 38), (10, 26), (13, 21), (30, 41), (12, 28), (24, 35), (5, 29), (1, 34), (37, 48), (14, 47), (9, 36), (35, 37), (13, 44), (51, 57), (49, 58), (45, 46), (11, 42), (33, 56), (41, 51), (36, 40), (40, 50), (12, 32), (45, 66), (9, 25), (17, 68), (65, 68), (1, 55), (69, 71), (62, 72), (64, 73), (38, 44), (11, 75), (16, 65), (32, 77), (23, 43), (32, 79), (39, 80), (32, 61), (19, 64), (3, 61), (4, 42), (40, 85), (4, 20), (5, 21), (43, 88), (87, 88), (2, 17), (46, 91), (2, 82), (10, 93), (57, 90), (67, 87), (67, 76), (54, 89), (49, 86), (72, 92), (52, 70), (55, 91), (63, 89), (47, 59), (34, 69), (0, 50), (48, 54), (60, 83), (83, 84), (60, 94), (70, 74), (59, 90), (53, 81), (10, 71), (53, 79), (25, 92), (62, 78), (40, 80), (76, 86))
((7, 15), (0, 32), (8, 33), (16, 34), (18, 26), (15, 31), (27, 37), (6, 22), (23, 31), (14, 39), (19, 27), (22, 30), (20, 28), (3, 38), (10, 26), (13, 21), (30, 41), (12, 28), (24, 35), (5, 29), (1, 34), (37, 48), (14, 47), (9, 36), (35, 37), (13, 44), (51, 57), (49, 58), (47, 59), (45, 46), (11, 42), (33, 56), (41, 51), (36, 40), (40, 50), (12, 32), (45, 67), (9, 25), (17, 69), (34, 70), (66, 69), (52, 72), (1, 55), (10, 74), (70, 74), (63, 76), (65, 77), (38, 44), (11, 79), (68, 80), (16, 66), (32, 82), (63, 83), (48, 54), (23, 43), (53, 86), (32, 86), (39, 88), (53, 89), (40, 88), (32, 62), (19, 65), (61, 93), (3, 62), (93, 95), (4, 42), (40, 97), (49, 98), (80, 98), (72, 78), (0, 50), (4, 20), (68, 103), (5, 21), (43, 105), (64, 106), (54, 106), (103, 105), (59, 109), (57, 109), (2, 17), (55, 112), (46, 112), (25, 114), (76, 114), (2, 92), (10, 117), (61, 118))
((2, 10), (0, 24), (15, 23), (1, 17), (9, 26), (14, 23), (10, 18), (4, 27), (7, 23), (36, 38), (6, 29), (19, 27), (3, 20), (12, 39), (7, 31), (44, 45), (20, 28), (33, 35), (22, 46), (37, 50), (15, 50), (5, 48), (39, 48), (3, 38), (14, 42), (21, 56), (30, 52), (29, 53), (5, 56), (8, 34), (13, 59), (22, 60), (30, 57), (46, 47), (34, 43), (55, 66), (17, 41), (25, 61), (32, 68), (11, 66), (32, 71), (46, 49), (54, 71), (9, 73), (16, 69), (35, 76), (40, 72))
((7, 15), (0, 32), (8, 33), (16, 34), (18, 26), (15, 31), (27, 37), (6, 22), (23, 31), (14, 39), (19, 27), (22, 30), (20, 28), (3, 38), (10, 26), (13, 21), (30, 41), (12, 28), (24, 35), (5, 29), (1, 34), (37, 48), (14, 47), (9, 36), (35, 37), (13, 44), (51, 57), (49, 58), (47, 59), (45, 46), (11, 42), (33, 56), (41, 51), (36, 40), (40, 50), (12, 45), (32, 67), (9, 25), (17, 69), (34, 70), (66, 69), (52, 72), (1, 55), (10, 74), (70, 74), (63, 76), (65, 77), (38, 44), (11, 79), (68, 80), (16, 66), (32, 82), (63, 83), (48, 54), (23, 43), (53, 86), (32, 86), (39, 88), (53, 89), (40, 88), (10, 32), (19, 65), (61, 93), (3, 62), (93, 95), (4, 42), (40, 97), (49, 98), (80, 98), (72, 78), (0, 50), (4, 20), (68, 103), (5, 21), (43, 105), (64, 106), (54, 106), (103, 105), (59, 109), (57, 109), (2, 17), (55, 112), (46, 112), (25, 114), (76, 114), (2, 92), (62, 117), (61, 118))
((7, 15), (0, 32), (8, 33), (16, 34), (18, 26), (15, 31), (27, 37), (6, 22), (23, 31), (14, 39), (19, 27), (22, 30), (20, 28), (3, 38), (10, 26), (13, 21), (30, 41), (12, 28), (24, 35), (5, 29), (1, 34), (37, 48), (14, 47), (9, 36), (35, 37), (13, 44), (51, 57), (49, 58), (45, 46), (11, 42), (33, 56), (41, 51), (36, 40), (40, 50), (12, 32), (45, 66), (9, 25), (17, 68), (65, 68), (1, 55), (69, 71), (64, 72), (38, 44), (11, 74), (16, 65), (32, 76), (23, 43), (32, 78), (39, 79), (32, 61), (4, 42), (40, 82), (4, 20), (5, 21), (43, 85), (84, 85), (2, 17), (2, 81), (19, 64), (46, 88), (61, 90), (10, 89), (10, 71), (57, 87), (60, 93), (53, 80), (49, 83), (54, 86), (60, 90), (55, 88), (72, 91), (52, 70), (63, 86), (62, 77), (47, 59), (59, 87), (53, 78), (34, 69), (75, 83), (48, 54), (67, 84), (67, 75), (62, 73), (70, 114), (40, 79), (0, 50), (25, 91), (3, 92))
((7, 15), (0, 32), (8, 33), (16, 34), (18, 26), (15, 31), (27, 37), (6, 22), (23, 31), (14, 39), (19, 27), (22, 30), (20, 28), (3, 38), (10, 26), (13, 21), (30, 41), (12, 28), (24, 35), (5, 29), (1, 34), (37, 48), (14, 47), (9, 36), (35, 37), (13, 44), (51, 57), (49, 58), (47, 59), (45, 46), (11, 42), (33, 56), (41, 51), (36, 40), (40, 50), (12, 32), (45, 67), (9, 25), (17, 69), (34, 70), (66, 69), (52, 72), (1, 55), (10, 74), (70, 74), (63, 76), (65, 77), (38, 44), (11, 79), (68, 80), (16, 66), (32, 82), (63, 83), (48, 54), (23, 43), (53, 86), (32, 86), (39, 88), (53, 89), (40, 88), (32, 62), (19, 65), (61, 93), (3, 62), (93, 95), (4, 42), (0, 50), (72, 78), (2, 10), (92, 100), (61, 101), (40, 97), (80, 103), (49, 103), (4, 20), (68, 106), (5, 21), (106, 108), (59, 109), (57, 109), (43, 108), (54, 112), (64, 112), (2, 17), (55, 115), (46, 115), (25, 117), (76, 117))
((15, 31), (23, 31), (12, 28), (7, 15), (9, 25), (20, 28), (13, 21), (18, 26), (6, 22), (13, 37), (14, 38), (22, 30), (23, 43), (27, 32), (12, 35), (33, 39), (19, 27), (0, 35), (8, 49), (9, 39), (5, 29), (3, 45), (41, 52), (16, 50), (1, 51), (14, 40), (1, 50), (17, 36), (24, 55), (33, 60), (10, 26), (37, 45), (11, 63), (32, 55), (56, 59), (46, 53), (4, 48), (11, 48), (34, 54), (5, 21), (19, 47), (30, 57), (38, 70), (35, 44), (53, 62), (49, 65), (66, 77), (35, 69), (16, 61), (35, 80), (77, 81), (2, 79), (32, 73), (36, 61), (42, 73), (64, 67), (3, 69), (33, 68), (4, 20), (64, 89), (2, 17), (10, 56), (34, 89), (51, 92), (47, 78), (72, 88), (72, 76), (40, 75), (71, 90), (62, 92), (50, 59), (10, 83), (70, 100), (33, 75), (0, 60), (43, 71), (25, 101), (44, 84), (76, 103), (52, 57), (107, 111), (84, 99), (85, 96), (41, 100), (42, 107), (66, 101), (67, 90), (58, 85))
((7, 15), (23, 31), (5, 21), (4, 20), (6, 22), (12, 28), (18, 26), (9, 38), (10, 26), (9, 25), (15, 31), (2, 17), (22, 30), (13, 21), (39, 43), (19, 27), (20, 28), (23, 44), (14, 45), (13, 48), (34, 44), (12, 32), (32, 49), (17, 41), (40, 43), (4, 47), (0, 32), (1, 39), (27, 42), (5, 29), (34, 35), (11, 47), (36, 54), (3, 60), (8, 58), (40, 65), (33, 57), (55, 66), (33, 38), (48, 60), (11, 71), (14, 36), (68, 72), (37, 68), (51, 62), (1, 66), (32, 63), (19, 70), (53, 65), (50, 52), (35, 80), (16, 66), (42, 83), (3, 63), (55, 59), (2, 78), (10, 87), (67, 88), (24, 83), (51, 61), (37, 91), (33, 54), (61, 73), (30, 73), (62, 92), (50, 95), (52, 94), (0, 90), (45, 92), (67, 79), (42, 95), (25, 56), (10, 59), (33, 90), (79, 85), (49, 102), (64, 102), (16, 105), (58, 84), (72, 80), (32, 109), (86, 110), (56, 86), (41, 105), (70, 113), (77, 115), (115, 116), (110, 112))
((20, 28), (0, 8), (2, 17), (11, 19), (4, 12), (5, 29), (19, 27), (23, 31), (13, 37), (29, 36), (7, 15), (10, 38), (16, 17), (4, 32), (6, 30), (33, 39), (8, 25), (13, 21), (22, 49), (18, 26), (32, 40), (41, 49), (1, 48), (34, 51), (24, 47), (9, 55), (23, 42), (46, 50), (46, 58), (42, 43), (15, 23), (6, 22), (11, 61), (28, 36), (44, 62), (18, 62), (43, 67), (3, 68), (45, 62), (35, 70), (2, 64), (54, 66), (39, 65), (38, 74), (37, 63), (14, 76))
((2, 10), (15, 23), (7, 30), (8, 33), (15, 31), (24, 35), (6, 33), (11, 36), (23, 37), (7, 40), (4, 12), (1, 9), (0, 37), (5, 14), (1, 25), (29, 45), (34, 38), (21, 42), (36, 44), (4, 20), (7, 31), (27, 52), (3, 51), (22, 47), (12, 53), (54, 56), (17, 46), (32, 53), (29, 49), (35, 58), (5, 51), (39, 59), (6, 55), (19, 63), (13, 60), (39, 52), (42, 67), (16, 61), (18, 46), (43, 61), (32, 70), (44, 71), (41, 73), (60, 62), (28, 68), (54, 76), (46, 73), (52, 78))
((7, 15), (0, 32), (8, 33), (16, 34), (18, 26), (15, 31), (27, 37), (6, 22), (23, 31), (14, 39), (19, 27), (22, 30), (20, 28), (3, 38), (10, 26), (13, 21), (30, 41), (12, 28), (24, 35), (5, 29), (1, 34), (37, 48), (14, 47), (9, 36), (35, 37), (13, 44), (51, 57), (49, 58), (47, 59), (45, 46), (11, 42), (33, 56), (41, 51), (36, 40), (40, 50), (12, 32), (45, 67), (9, 25), (17, 69), (34, 70), (66, 69), (52, 72), (1, 55), (10, 74), (70, 74), (63, 76), (65, 77), (38, 44), (11, 79), (68, 80), (16, 66), (32, 82), (63, 83), (48, 54), (23, 43), (53, 86), (32, 86), (39, 88), (53, 89), (40, 88), (32, 62), (19, 65), (61, 93), (3, 62), (93, 95), (4, 42), (40, 97), (49, 98), (80, 98), (72, 78), (0, 50), (4, 20), (68, 103), (2, 17), (55, 105), (2, 10), (92, 107), (61, 108), (46, 105), (25, 110), (76, 110), (5, 21), (43, 113), (54, 114), (64, 114), (103, 113), (59, 117), (57, 117))
((7, 15), (0, 32), (8, 33), (16, 34), (18, 26), (15, 31), (27, 37), (6, 22), (23, 31), (14, 39), (19, 27), (22, 30), (20, 28), (3, 38), (10, 26), (13, 21), (30, 41), (12, 28), (24, 35), (5, 29), (1, 34), (37, 48), (14, 47), (9, 36), (35, 37), (13, 44), (51, 57), (49, 58), (47, 59), (45, 46), (11, 42), (33, 56), (41, 51), (36, 40), (40, 50), (12, 32), (45, 67), (9, 25), (17, 69), (34, 70), (66, 69), (52, 72), (1, 55), (10, 74), (70, 74), (63, 76), (65, 77), (38, 44), (11, 79), (68, 80), (16, 66), (32, 82), (63, 83), (48, 54), (23, 43), (53, 86), (32, 86), (39, 88), (53, 89), (40, 88), (32, 62), (19, 65), (61, 93), (3, 62), (93, 95), (4, 42), (40, 97), (49, 98), (80, 98), (72, 78), (0, 50), (4, 20), (68, 103), (5, 21), (43, 105), (64, 106), (54, 106), (103, 105), (59, 109), (57, 109), (2, 17), (55, 112), (46, 112), (25, 114), (76, 114), (2, 92), (10, 117), (61, 118))
((7, 15), (0, 32), (8, 33), (16, 34), (18, 26), (15, 31), (27, 37), (6, 22), (23, 31), (14, 39), (19, 27), (22, 30), (20, 28), (3, 38), (10, 26), (13, 21), (30, 41), (12, 28), (24, 35), (5, 29), (1, 34), (37, 48), (14, 47), (9, 36), (35, 37), (13, 44), (51, 57), (49, 58), (47, 59), (45, 46), (11, 42), (33, 56), (41, 51), (36, 40), (40, 50), (12, 32), (45, 67), (9, 25), (17, 69), (34, 70), (66, 69), (52, 72), (1, 55), (10, 74), (70, 74), (63, 76), (65, 77), (38, 44), (11, 79), (68, 80), (16, 66), (32, 82), (63, 83), (48, 54), (23, 43), (53, 86), (32, 86), (39, 88), (53, 89), (0, 50), (40, 88), (72, 78), (2, 17), (55, 94), (46, 94), (25, 96), (76, 96), (4, 20), (68, 99), (19, 65), (61, 101), (62, 101), (3, 103), (5, 21), (43, 105), (54, 106), (64, 106), (99, 105), (59, 109), (57, 109), (4, 42), (40, 112), (80, 113), (49, 113), (10, 32), (62, 116), (2, 117), (61, 118))
((7, 15), (0, 32), (8, 33), (16, 34), (18, 26), (15, 31), (27, 37), (6, 22), (23, 31), (14, 39), (19, 27), (22, 30), (20, 28), (3, 38), (10, 26), (13, 21), (30, 41), (12, 28), (24, 35), (5, 29), (37, 48), (14, 47), (9, 36), (35, 37), (13, 44), (51, 56), (49, 57), (45, 46), (11, 42), (33, 55), (36, 40), (40, 50), (12, 32), (45, 64), (9, 25), (17, 66), (63, 66), (1, 54), (67, 69), (38, 44), (11, 71), (32, 63), (23, 43), (32, 74), (19, 62), (4, 42), (40, 77), (4, 20), (5, 21), (43, 80), (79, 80), (2, 17), (46, 83), (61, 70), (3, 60), (1, 34), (2, 10), (32, 88), (68, 87), (52, 74), (49, 78), (0, 50), (65, 72), (56, 82), (10, 69), (54, 83), (70, 84), (39, 75), (65, 79), (60, 89), (59, 101), (48, 53), (40, 75), (59, 76), (76, 86), (52, 99), (62, 85), (68, 108), (41, 51), (81, 110), (53, 81), (16, 73), (61, 113), (47, 58), (58, 82), (34, 67), (72, 78), (25, 84))
((0, 24), (15, 31), (32, 33), (2, 10), (7, 31), (26, 35), (15, 23), (11, 27), (33, 39), (10, 18), (5, 13), (11, 19), (38, 43), (30, 42), (17, 25), (1, 8), (14, 22), (9, 25), (41, 49), (35, 40), (36, 51), (18, 37), (16, 38), (12, 28), (6, 22), (4, 12), (3, 36), (38, 53), (23, 48), (5, 21), (55, 61), (56, 61), (20, 28), (8, 34), (17, 36), (32, 66), (1, 9), (40, 55), (41, 44), (21, 29), (14, 71), (47, 54), (58, 59), (33, 56), (13, 57), (29, 64), (4, 44), (2, 68), (0, 65), (49, 80), (20, 27), (58, 82), (6, 30), (7, 84), (37, 46), (70, 74), (45, 63), (73, 81), (63, 72), (16, 36), (69, 78), (46, 73), (80, 91), (45, 48), (32, 54), (53, 79), (36, 60), (71, 76), (67, 81), (50, 86), (62, 76), (75, 85), (3, 70), (62, 77), (50, 79), (67, 68), (69, 83), (64, 78), (38, 65), (60, 75), (52, 74), (42, 77), (72, 84), (38, 85), (57, 83), (19, 52), (34, 94), (39, 104))
((7, 15), (0, 32), (8, 33), (16, 34), (18, 26), (15, 31), (27, 37), (6, 22), (23, 31), (14, 39), (19, 27), (22, 30), (20, 28), (3, 38), (10, 26), (13, 21), (30, 41), (12, 28), (24, 35), (5, 29), (9, 36), (35, 37), (13, 44), (51, 54), (11, 42), (33, 53), (36, 40), (40, 50), (12, 32), (9, 25), (17, 61), (1, 52), (62, 63), (38, 44), (23, 43), (32, 66), (4, 42), (4, 20), (5, 21), (2, 17), (45, 46), (58, 64), (40, 68), (19, 58), (45, 60), (16, 59), (11, 65), (74, 78), (43, 70), (49, 55), (72, 75), (10, 63), (14, 47), (48, 84), (80, 84), (40, 67), (76, 78), (2, 10), (32, 77), (34, 62), (39, 67), (46, 71), (47, 81), (3, 75), (59, 61), (69, 70), (54, 97), (69, 76), (0, 50), (41, 51), (80, 101), (57, 73), (96, 103), (32, 56), (89, 105), (72, 106), (37, 48), (66, 108), (92, 108), (1, 34), (96, 111), (57, 90), (81, 97), (25, 93), (56, 95), (64, 93), (49, 74), (52, 71))
((7, 15), (0, 32), (8, 33), (16, 34), (18, 26), (15, 31), (27, 37), (6, 22), (23, 31), (14, 39), (19, 27), (22, 30), (20, 28), (3, 38), (10, 26), (13, 21), (30, 41), (12, 28), (24, 35), (5, 29), (1, 34), (37, 48), (14, 47), (9, 36), (35, 37), (13, 44), (51, 57), (49, 58), (47, 59), (45, 46), (11, 42), (33, 56), (41, 51), (36, 40), (40, 50), (12, 32), (45, 67), (9, 25), (17, 69), (34, 70), (66, 69), (52, 72), (1, 55), (10, 74), (70, 74), (63, 76), (65, 77), (38, 44), (11, 79), (68, 80), (16, 66), (32, 82), (63, 83), (48, 54), (23, 43), (53, 86), (32, 86), (39, 88), (53, 89), (40, 88), (32, 62), (19, 65), (61, 93), (3, 62), (93, 95), (4, 42), (40, 97), (49, 98), (80, 98), (72, 78), (0, 50), (4, 20), (68, 103), (5, 21), (43, 105), (64, 106), (54, 106), (103, 105), (59, 109), (57, 109), (2, 17), (55, 112), (46, 112), (25, 114), (76, 114), (2, 92), (10, 117), (61, 118))
((15, 23), (16, 24), (0, 32), (33, 34), (9, 25), (1, 25), (26, 37), (2, 18), (3, 19), (17, 36), (1, 41), (22, 30), (27, 40), (39, 42), (4, 20), (12, 46), (28, 47), (2, 26), (13, 29), (3, 47), (5, 13), (10, 18), (32, 53), (14, 52), (43, 55), (5, 21), (15, 43), (38, 53), (46, 52), (36, 59), (20, 28), (6, 14), (11, 19), (31, 63), (32, 65), (6, 22), (50, 67), (49, 59), (44, 54), (55, 68), (11, 44), (21, 62), (7, 23), (7, 31), (27, 75), (49, 76), (40, 74), (62, 78), (58, 75), (39, 78), (64, 81), (72, 77), (51, 76), (50, 73), (67, 74), (12, 64), (32, 87), (58, 86), (38, 45), (48, 85), (79, 84), (48, 88), (56, 57), (60, 91), (57, 85), (60, 73), (45, 61), (63, 94), (68, 94), (77, 82), (33, 74), (65, 86), (17, 102), (70, 82), (79, 88), (8, 102), (32, 107), (16, 108), (35, 107), (41, 110), (75, 104), (42, 112), (75, 109), (37, 114), (112, 115), (34, 114), (102, 117), (111, 115))
((18, 26), (1, 17), (8, 24), (13, 29), (23, 31), (0, 36), (34, 37), (9, 25), (16, 36), (4, 20), (24, 40), (22, 30), (6, 14), (5, 13), (14, 45), (43, 46), (10, 26), (2, 10), (5, 21), (47, 50), (44, 51), (41, 45), (39, 48), (15, 31), (7, 55), (43, 56), (0, 55), (42, 58), (6, 22), (35, 60), (51, 61), (46, 61), (36, 60), (57, 64), (7, 44), (64, 66), (23, 56), (66, 68), (34, 68), (40, 70), (59, 70), (37, 71), (17, 42), (39, 74), (73, 75), (33, 75), (34, 55), (1, 25), (78, 79), (74, 80), (76, 80), (18, 79), (54, 83), (49, 83), (33, 85), (54, 86), (32, 86), (4, 28), (29, 89), (53, 90), (50, 90), (35, 92), (3, 27), (12, 89), (20, 95), (92, 96), (53, 97), (19, 36), (27, 99), (95, 100), (55, 94), (32, 99), (48, 102), (103, 104), (49, 68), (11, 100), (106, 107), (104, 108), (3, 107), (36, 110), (103, 111), (12, 102), (110, 113), (96, 114), (68, 111), (41, 116), (101, 117), (114, 117))
((7, 15), (0, 32), (8, 33), (16, 34), (18, 26), (15, 31), (27, 37), (6, 22), (23, 31), (14, 39), (19, 27), (22, 30), (20, 28), (3, 38), (10, 26), (13, 21), (30, 41), (12, 28), (24, 35), (5, 29), (1, 34), (37, 48), (14, 47), (9, 36), (35, 37), (13, 44), (51, 57), (49, 58), (47, 59), (45, 46), (11, 42), (33, 56), (41, 51), (36, 40), (40, 50), (12, 32), (45, 67), (9, 25), (17, 69), (34, 70), (66, 69), (52, 72), (1, 55), (10, 74), (70, 74), (63, 76), (65, 77), (38, 44), (11, 79), (68, 80), (16, 66), (32, 82), (63, 83), (48, 54), (23, 43), (53, 86), (32, 86), (39, 88), (53, 89), (40, 88), (32, 62), (19, 65), (61, 93), (3, 93), (62, 95), (4, 42), (40, 97), (49, 98), (80, 98), (72, 78), (0, 50), (4, 20), (68, 103), (5, 21), (43, 105), (64, 106), (54, 106), (103, 105), (59, 109), (57, 109), (2, 17), (55, 112), (46, 112), (25, 114), (76, 114), (2, 92), (10, 117), (61, 118))
((7, 15), (0, 32), (8, 33), (16, 34), (18, 26), (15, 31), (27, 37), (6, 22), (23, 31), (14, 39), (19, 27), (22, 30), (20, 28), (3, 38), (10, 26), (13, 21), (30, 41), (12, 28), (24, 35), (5, 29), (37, 48), (14, 47), (9, 36), (35, 37), (13, 44), (45, 46), (11, 42), (33, 55), (41, 51), (36, 40), (40, 50), (12, 32), (45, 63), (9, 25), (17, 65), (62, 65), (1, 54), (66, 68), (38, 44), (11, 70), (16, 62), (32, 72), (23, 43), (32, 74), (39, 75), (32, 58), (19, 61), (4, 42), (40, 79), (4, 20), (5, 21), (43, 82), (2, 17), (81, 82), (10, 77), (2, 86), (0, 50), (51, 56), (49, 89), (47, 90), (64, 71), (64, 81), (34, 67), (54, 84), (52, 76), (58, 78), (52, 74), (71, 80), (10, 68), (57, 78), (49, 80), (46, 84), (25, 103), (69, 103), (53, 83), (40, 75), (56, 85), (85, 90), (3, 97), (59, 73), (61, 69), (59, 112), (67, 113), (60, 83), (34, 66), (48, 53), (1, 94), (57, 87))
((7, 15), (0, 32), (8, 33), (16, 34), (18, 26), (15, 31), (27, 37), (6, 22), (23, 31), (14, 39), (19, 27), (22, 30), (20, 28), (3, 38), (10, 26), (13, 21), (30, 41), (12, 28), (24, 35), (5, 29), (1, 34), (37, 48), (14, 47), (9, 36), (35, 37), (13, 44), (51, 57), (49, 58), (47, 59), (45, 46), (11, 42), (33, 56), (41, 51), (36, 40), (40, 50), (12, 32), (45, 67), (9, 25), (17, 69), (34, 70), (66, 69), (52, 72), (1, 55), (10, 74), (70, 74), (63, 76), (65, 77), (38, 44), (11, 79), (68, 80), (16, 66), (32, 82), (63, 83), (48, 54), (23, 43), (53, 86), (32, 86), (39, 88), (53, 89), (40, 88), (19, 65), (61, 92), (3, 62), (92, 94), (4, 42), (40, 96), (49, 97), (80, 97), (72, 78), (0, 50), (4, 20), (68, 102), (5, 21), (43, 104), (64, 105), (54, 105), (102, 104), (59, 108), (57, 108), (2, 17), (55, 111), (46, 111), (25, 113), (76, 113), (2, 32), (62, 116), (10, 117), (61, 118))
((23, 31), (27, 32), (15, 23), (2, 18), (17, 35), (11, 33), (12, 28), (20, 38), (7, 31), (9, 36), (1, 41), (0, 24), (21, 29), (32, 43), (14, 44), (19, 33), (20, 47), (16, 34), (8, 49), (10, 19), (6, 30), (4, 28), (34, 37), (53, 54), (18, 54), (51, 56), (35, 40), (42, 58), (13, 53), (18, 26), (57, 58), (13, 29), (10, 36), (4, 39), (31, 52), (26, 41), (47, 58), (48, 55), (6, 22), (32, 70), (38, 44), (0, 50), (45, 73), (40, 74), (60, 72), (43, 59), (14, 22), (15, 78), (71, 79), (61, 64), (42, 81), (25, 81), (8, 45), (5, 21), (60, 85), (65, 86), (72, 87), (63, 87), (70, 85), (43, 49), (46, 90), (34, 40), (73, 93), (79, 93), (66, 93), (71, 96), (1, 25), (17, 98), (64, 99), (50, 99), (16, 98), (74, 102), (77, 103), (46, 52), (48, 65), (63, 105), (90, 107), (78, 107), (3, 37), (61, 110), (68, 111), (27, 110), (57, 113), (9, 103), (50, 115), (93, 113), (39, 117), (55, 118))
((14, 30), (8, 17), (7, 23), (21, 29), (14, 34), (15, 23), (10, 17), (1, 16), (19, 37), (3, 27), (11, 18), (20, 28), (13, 29), (12, 34), (4, 43), (3, 19), (0, 37), (2, 25), (12, 46), (22, 36), (26, 42), (9, 34), (43, 44), (38, 49), (31, 51), (4, 45), (47, 57), (10, 41), (6, 32), (11, 40), (36, 60), (25, 53), (48, 63), (46, 58), (15, 62), (35, 60), (7, 31), (5, 54), (26, 55), (61, 65), (18, 59), (40, 72), (63, 68), (41, 68), (52, 75), (34, 76), (28, 75), (58, 78), (33, 64), (24, 74), (50, 78), (39, 81))
((20, 27), (17, 25), (14, 22), (13, 29), (34, 35), (6, 30), (35, 37), (4, 20), (21, 29), (39, 40), (14, 40), (37, 42), (15, 23), (7, 37), (23, 34), (45, 46), (7, 31), (46, 48), (5, 13), (39, 50), (30, 50), (34, 52), (7, 15), (6, 22), (54, 55), (49, 56), (23, 31), (20, 28), (29, 59), (50, 60), (18, 26), (1, 17), (62, 63), (2, 10), (26, 65), (33, 66), (18, 66), (16, 58), (0, 54), (69, 70), (8, 70), (44, 72), (24, 69), (48, 74), (70, 75), (73, 76), (19, 27), (17, 74), (1, 72), (4, 78), (11, 19), (1, 8), (44, 68), (1, 9), (2, 85), (16, 44), (83, 87), (33, 88), (11, 27), (0, 58), (77, 91), (9, 25), (92, 93), (10, 18), (13, 21), (12, 28), (96, 97), (61, 98), (58, 81), (97, 100), (3, 48), (84, 102), (19, 103), (3, 90), (58, 62), (105, 106), (44, 82), (95, 108), (4, 108), (32, 102), (110, 111), (4, 12))
((7, 15), (0, 32), (8, 33), (16, 34), (18, 26), (15, 31), (27, 37), (6, 22), (23, 31), (14, 39), (19, 27), (22, 30), (20, 28), (3, 38), (10, 26), (13, 21), (30, 41), (12, 28), (24, 35), (5, 29), (1, 34), (37, 48), (14, 47), (9, 36), (35, 37), (13, 44), (51, 57), (49, 58), (47, 59), (45, 46), (11, 42), (33, 56), (41, 51), (36, 40), (40, 50), (12, 32), (45, 67), (9, 25), (17, 69), (34, 70), (66, 69), (52, 72), (1, 55), (10, 74), (70, 74), (63, 76), (65, 77), (38, 44), (11, 79), (68, 80), (16, 66), (32, 82), (48, 54), (23, 43), (32, 85), (39, 86), (53, 87), (40, 86), (32, 62), (19, 65), (61, 91), (3, 62), (91, 93), (4, 42), (40, 95), (49, 96), (80, 96), (72, 78), (0, 50), (4, 20), (68, 101), (5, 21), (43, 103), (64, 104), (101, 103), (59, 106), (57, 106), (2, 17), (55, 109), (46, 109), (25, 111), (76, 111), (2, 90), (10, 114), (61, 115), (54, 104), (63, 83), (53, 85))
((10, 26), (2, 17), (5, 29), (4, 20), (15, 31), (6, 22), (19, 27), (23, 31), (12, 28), (22, 30), (13, 21), (20, 28), (9, 25), (7, 15), (18, 26), (5, 21), (17, 44), (11, 38), (41, 47), (12, 45), (35, 47), (3, 49), (0, 45), (23, 41), (32, 33), (13, 43), (9, 46), (14, 42), (52, 57), (27, 36), (39, 46), (4, 38), (3, 61), (34, 57), (14, 37), (45, 49), (33, 58), (43, 61), (1, 58), (34, 66), (45, 55), (11, 69), (19, 62), (51, 64), (8, 54), (10, 70), (25, 56), (53, 74), (35, 75), (40, 65), (39, 63), (39, 72), (50, 59), (30, 66), (59, 85), (32, 64), (48, 76), (2, 67), (37, 72), (48, 70), (42, 81), (36, 85), (90, 93), (10, 89), (16, 76), (1, 76), (73, 75), (40, 82), (73, 82), (55, 93), (52, 81), (50, 71), (36, 96), (74, 87), (24, 96), (87, 95), (56, 91), (54, 104), (39, 106), (44, 110), (0, 106), (16, 110), (45, 113), (91, 109), (97, 111), (109, 114), (62, 115), (111, 118))
((7, 15), (0, 32), (8, 33), (16, 34), (18, 26), (15, 31), (27, 37), (6, 22), (23, 31), (14, 39), (19, 27), (22, 30), (20, 28), (3, 38), (10, 26), (13, 21), (30, 41), (12, 28), (24, 35), (5, 29), (1, 34), (37, 48), (14, 47), (9, 36), (35, 37), (13, 44), (51, 57), (49, 58), (47, 59), (45, 46), (11, 42), (33, 56), (41, 51), (36, 40), (40, 50), (12, 32), (45, 67), (9, 25), (17, 69), (34, 70), (66, 69), (52, 72), (1, 55), (10, 74), (70, 74), (63, 76), (65, 77), (38, 44), (11, 79), (68, 80), (16, 66), (32, 82), (63, 83), (48, 54), (23, 43), (53, 86), (32, 86), (39, 88), (53, 89), (40, 88), (32, 62), (19, 65), (61, 93), (3, 62), (93, 95), (4, 42), (40, 97), (49, 98), (80, 98), (72, 78), (0, 50), (4, 20), (68, 103), (5, 21), (43, 105), (64, 106), (54, 106), (103, 105), (59, 109), (57, 109), (2, 17), (55, 112), (46, 112), (25, 114), (76, 114), (2, 92), (10, 117), (61, 118))
((7, 15), (0, 32), (8, 33), (16, 34), (18, 26), (15, 31), (27, 37), (6, 22), (23, 31), (14, 39), (19, 27), (22, 30), (20, 28), (3, 38), (10, 26), (13, 21), (13, 44), (30, 41), (12, 28), (24, 35), (5, 29), (1, 34), (37, 49), (14, 47), (9, 36), (36, 40), (35, 37), (38, 44), (48, 52), (50, 60), (47, 61), (45, 46), (11, 42), (33, 58), (41, 52), (40, 51), (12, 32), (45, 68), (9, 25), (17, 70), (34, 71), (67, 70), (53, 73), (1, 56), (10, 75), (71, 75), (65, 77), (57, 78), (11, 59), (69, 80), (16, 67), (32, 82), (65, 83), (49, 55), (23, 43), (54, 86), (32, 86), (39, 88), (54, 89), (40, 88), (32, 64), (19, 57), (63, 93), (3, 64), (93, 95), (4, 42), (40, 97), (50, 98), (80, 98), (73, 79), (0, 51), (4, 20), (69, 103), (5, 21), (43, 105), (66, 106), (55, 106), (103, 105), (61, 109), (48, 109), (2, 17), (56, 112), (46, 112), (25, 114), (77, 114), (2, 92), (10, 117), (63, 118))
((2, 10), (4, 12), (10, 18), (21, 29), (11, 26), (13, 29), (1, 25), (7, 31), (20, 28), (6, 14), (33, 40), (4, 11), (16, 39), (3, 33), (24, 44), (3, 27), (5, 40), (17, 25), (14, 31), (26, 49), (7, 23), (9, 52), (50, 52), (31, 41), (32, 51), (34, 47), (39, 47), (22, 54), (37, 48), (36, 58), (19, 52), (30, 41), (45, 62), (35, 63), (18, 52), (61, 66), (28, 58), (64, 68), (15, 23), (19, 70), (38, 53), (40, 71), (0, 70), (57, 71), (46, 72), (55, 70), (53, 74), (42, 68), (64, 73), (8, 78), (43, 80), (49, 81))
((14, 23), (3, 27), (0, 8), (7, 23), (11, 18), (5, 13), (3, 12), (9, 35), (2, 10), (22, 32), (39, 40), (21, 29), (25, 39), (10, 19), (18, 45), (33, 46), (17, 44), (15, 23), (11, 49), (26, 42), (6, 14), (49, 52), (7, 31), (16, 54), (24, 55), (4, 38), (33, 54), (35, 57), (4, 28), (31, 53), (48, 51), (44, 56), (41, 54), (1, 63), (47, 49), (34, 49), (28, 58), (20, 60), (50, 59), (37, 60), (43, 52), (19, 68), (48, 67), (12, 68), (30, 72), (69, 70), (59, 73), (69, 75), (26, 36), (58, 80), (35, 81), (21, 71))
((7, 15), (15, 31), (6, 22), (23, 31), (14, 34), (19, 27), (22, 30), (30, 36), (23, 38), (32, 40), (27, 33), (0, 32), (9, 25), (20, 28), (18, 26), (8, 43), (16, 47), (24, 48), (35, 49), (44, 50), (10, 26), (12, 32), (3, 42), (4, 37), (11, 37), (5, 21), (5, 29), (0, 49), (38, 57), (13, 21), (4, 20), (13, 45), (52, 54), (14, 61), (60, 65), (9, 46), (35, 55), (16, 50), (58, 63), (1, 67), (42, 45), (35, 46), (39, 65), (11, 72), (68, 75), (33, 48), (2, 17), (67, 78), (52, 78), (10, 71), (57, 62), (63, 82), (2, 10), (56, 84), (32, 85), (64, 86), (32, 69), (12, 28), (68, 89), (70, 89), (61, 91), (82, 91), (35, 41), (1, 47), (51, 95), (43, 77), (88, 97), (3, 56), (25, 80), (17, 44), (47, 101), (71, 101), (80, 103), (73, 103), (97, 105), (51, 106), (34, 41), (33, 39), (108, 109), (40, 109), (53, 54), (75, 112), (62, 112), (36, 58), (60, 115), (19, 73), (64, 117), (99, 117))
((7, 15), (0, 32), (8, 33), (16, 34), (18, 26), (15, 31), (27, 37), (6, 22), (23, 31), (14, 39), (19, 27), (22, 30), (20, 28), (3, 38), (10, 26), (13, 21), (30, 41), (12, 28), (24, 35), (5, 29), (1, 34), (37, 48), (14, 47), (9, 36), (35, 37), (13, 44), (51, 57), (49, 58), (47, 59), (45, 46), (11, 42), (33, 56), (41, 51), (36, 40), (40, 50), (12, 32), (45, 67), (9, 25), (17, 69), (34, 70), (66, 69), (52, 72), (1, 55), (10, 74), (70, 74), (63, 76), (65, 77), (38, 44), (11, 79), (68, 80), (16, 66), (32, 82), (63, 83), (48, 54), (23, 43), (53, 86), (32, 86), (39, 88), (53, 89), (40, 88), (32, 62), (19, 65), (61, 93), (3, 62), (93, 95), (4, 42), (40, 97), (49, 98), (80, 98), (72, 78), (0, 50), (4, 20), (68, 103), (5, 21), (43, 105), (64, 106), (54, 106), (103, 105), (59, 109), (57, 109), (2, 17), (55, 112), (46, 112), (25, 114), (76, 114), (2, 92), (10, 117), (61, 118))
((18, 26), (7, 15), (0, 33), (15, 31), (23, 31), (8, 34), (27, 35), (16, 37), (6, 22), (19, 27), (22, 30), (10, 26), (20, 28), (14, 40), (3, 38), (13, 21), (13, 44), (1, 37), (9, 32), (30, 45), (5, 29), (12, 28), (43, 46), (24, 39), (48, 52), (35, 51), (53, 56), (35, 39), (14, 47), (34, 59), (32, 36), (12, 33), (47, 58), (45, 52), (11, 41), (9, 25), (36, 55), (17, 67), (37, 69), (1, 50), (69, 71), (10, 71), (67, 68), (38, 44), (11, 75), (46, 63), (61, 72), (16, 68), (33, 79), (61, 80), (62, 78), (76, 77), (49, 74), (23, 42), (19, 62), (33, 85), (36, 87), (51, 60), (40, 87), (57, 85), (54, 86), (33, 66), (57, 90), (3, 66), (74, 82), (86, 95), (4, 41), (0, 55), (4, 20), (5, 21), (100, 101), (42, 101), (36, 98), (53, 104), (77, 100), (76, 104), (60, 103), (2, 93), (2, 17), (10, 109), (65, 103), (48, 102), (58, 102), (54, 111), (50, 110), (43, 110), (25, 117), (72, 117))
((7, 15), (15, 31), (20, 28), (0, 32), (27, 33), (23, 31), (18, 26), (8, 35), (6, 22), (22, 30), (19, 27), (16, 39), (5, 29), (13, 34), (37, 38), (3, 36), (24, 43), (14, 40), (23, 41), (11, 42), (37, 42), (11, 34), (5, 21), (9, 25), (33, 43), (44, 45), (4, 20), (12, 28), (19, 46), (37, 48), (10, 26), (13, 21), (12, 47), (30, 49), (35, 56), (32, 50), (55, 61), (32, 51), (4, 52), (36, 53), (54, 58), (57, 59), (3, 60), (16, 32), (47, 62), (41, 54), (14, 63), (17, 55), (44, 49), (32, 64), (9, 38), (33, 65), (46, 66), (40, 67), (39, 68), (10, 69), (59, 70), (70, 71), (72, 73), (61, 75), (51, 74), (60, 76), (45, 72), (77, 78), (39, 79), (63, 73), (65, 78), (77, 80), (71, 81), (50, 83), (37, 67), (66, 91), (83, 85), (1, 82), (79, 105), (0, 48), (84, 106), (10, 105), (58, 81), (1, 86), (68, 108), (2, 87), (76, 113), (2, 17), (62, 115), (82, 115), (25, 116), (106, 116))
((7, 15), (0, 32), (8, 33), (16, 34), (18, 26), (15, 31), (27, 37), (6, 22), (23, 31), (14, 39), (19, 27), (22, 30), (20, 28), (3, 38), (10, 26), (13, 21), (30, 41), (12, 28), (24, 35), (5, 29), (9, 36), (13, 44), (51, 53), (49, 54), (11, 42), (36, 40), (40, 50), (12, 32), (9, 25), (17, 60), (1, 52), (38, 44), (23, 43), (32, 64), (4, 42), (4, 20), (5, 21), (67, 68), (2, 17), (46, 70), (35, 37), (11, 63), (52, 70), (58, 60), (39, 65), (16, 32), (10, 62), (43, 68), (47, 55), (34, 61), (41, 51), (79, 82), (1, 34), (75, 84), (3, 56), (53, 69), (14, 47), (79, 88), (45, 59), (73, 90), (40, 65), (55, 69), (45, 46), (48, 88), (40, 66), (73, 96), (49, 96), (2, 10), (58, 77), (19, 57), (94, 101), (86, 101), (33, 72), (100, 104), (25, 71), (0, 50), (32, 56), (99, 108), (94, 109), (61, 62), (71, 111), (57, 104), (111, 113), (75, 114), (67, 90), (37, 48), (76, 117), (64, 117))
((7, 15), (0, 32), (8, 33), (16, 34), (18, 26), (15, 31), (27, 37), (6, 22), (23, 31), (14, 39), (19, 27), (22, 30), (20, 28), (3, 38), (10, 26), (13, 21), (30, 41), (12, 28), (24, 35), (5, 29), (1, 34), (37, 48), (14, 47), (9, 36), (35, 37), (13, 44), (51, 57), (49, 58), (47, 59), (45, 46), (11, 42), (33, 56), (41, 51), (36, 40), (40, 50), (12, 32), (45, 67), (9, 25), (17, 69), (34, 70), (66, 69), (1, 55), (10, 73), (70, 73), (63, 75), (38, 44), (11, 77), (68, 78), (16, 66), (32, 80), (63, 81), (48, 54), (23, 43), (53, 84), (32, 84), (32, 62), (19, 65), (4, 42), (40, 89), (4, 20), (5, 21), (43, 92), (64, 93), (91, 92), (59, 95), (2, 17), (2, 87), (10, 98), (52, 72), (57, 95), (61, 88), (65, 76), (40, 86), (39, 86), (78, 90), (49, 90), (0, 50), (61, 99), (72, 103), (68, 91), (54, 93), (62, 88), (3, 113), (55, 97), (53, 105), (46, 97), (75, 117), (25, 117))
((7, 15), (0, 32), (8, 33), (16, 34), (18, 26), (15, 31), (27, 37), (6, 22), (23, 31), (14, 39), (19, 27), (22, 30), (20, 28), (3, 38), (10, 26), (13, 21), (30, 41), (12, 28), (24, 35), (5, 29), (1, 34), (37, 48), (14, 47), (9, 36), (35, 37), (13, 44), (51, 57), (49, 58), (47, 59), (45, 46), (11, 42), (33, 56), (41, 51), (36, 40), (40, 50), (12, 32), (45, 67), (9, 25), (17, 69), (34, 70), (66, 69), (52, 72), (1, 55), (10, 74), (70, 74), (63, 76), (65, 77), (38, 44), (11, 79), (68, 80), (16, 66), (32, 82), (63, 83), (48, 54), (23, 43), (53, 86), (32, 86), (39, 88), (53, 89), (40, 88), (32, 62), (19, 65), (61, 93), (3, 62), (93, 95), (4, 42), (40, 97), (49, 98), (80, 98), (72, 78), (0, 50), (4, 20), (68, 103), (5, 21), (43, 105), (64, 106), (54, 106), (103, 105), (59, 109), (57, 109), (2, 17), (55, 112), (46, 112), (25, 114), (76, 114), (2, 92), (10, 117), (61, 118))
((7, 15), (0, 32), (8, 33), (16, 34), (18, 26), (15, 31), (27, 37), (6, 22), (23, 31), (14, 39), (19, 27), (22, 30), (20, 28), (3, 38), (10, 26), (13, 21), (30, 41), (12, 28), (24, 35), (5, 29), (1, 34), (37, 48), (14, 47), (9, 36), (35, 37), (13, 44), (51, 57), (49, 58), (45, 46), (11, 42), (33, 56), (41, 51), (36, 40), (40, 50), (12, 32), (45, 66), (9, 25), (17, 68), (65, 68), (1, 55), (69, 71), (62, 72), (64, 73), (38, 44), (11, 75), (16, 65), (32, 77), (23, 43), (32, 79), (39, 80), (32, 61), (19, 64), (3, 61), (4, 42), (40, 85), (4, 20), (5, 21), (87, 88), (2, 17), (46, 90), (2, 82), (10, 92), (43, 88), (60, 93), (60, 83), (67, 76), (72, 91), (47, 59), (54, 94), (67, 87), (63, 94), (53, 79), (83, 84), (34, 69), (10, 71), (40, 80), (62, 78), (57, 89), (52, 70), (49, 86), (53, 81), (55, 90), (70, 74), (59, 89), (48, 54), (0, 50), (76, 86), (25, 91))
((5, 21), (15, 31), (7, 15), (18, 26), (20, 28), (6, 22), (0, 34), (27, 33), (8, 38), (14, 37), (19, 27), (4, 20), (30, 41), (16, 40), (1, 40), (4, 42), (13, 21), (33, 45), (24, 45), (23, 31), (50, 51), (5, 29), (32, 43), (16, 52), (13, 36), (22, 30), (3, 39), (12, 34), (9, 25), (10, 26), (11, 42), (9, 35), (23, 57), (1, 63), (47, 51), (58, 61), (3, 62), (17, 60), (12, 28), (66, 70), (36, 39), (33, 44), (41, 53), (34, 64), (35, 51), (34, 55), (34, 62), (11, 72), (2, 78), (0, 50), (51, 75), (19, 76), (58, 59), (54, 56), (37, 75), (38, 49), (14, 48), (67, 83), (2, 17), (53, 56), (52, 60), (40, 69), (73, 86), (63, 90), (46, 92), (68, 83), (64, 73), (65, 69), (87, 99), (32, 57), (76, 100), (66, 79), (74, 101), (10, 65), (70, 91), (43, 84), (77, 87), (44, 88), (92, 102), (10, 80), (67, 111), (61, 90), (79, 84), (88, 101), (48, 106), (99, 113), (25, 113), (54, 106))
((7, 15), (0, 32), (8, 33), (16, 34), (18, 26), (15, 31), (27, 37), (6, 22), (23, 31), (14, 39), (19, 27), (22, 30), (20, 28), (3, 38), (10, 26), (13, 21), (30, 41), (12, 28), (24, 35), (5, 29), (37, 48), (14, 47), (9, 36), (35, 37), (13, 44), (51, 56), (49, 57), (47, 58), (45, 46), (11, 42), (33, 55), (41, 51), (36, 40), (40, 50), (12, 45), (32, 66), (9, 25), (17, 68), (34, 69), (65, 68), (34, 71), (1, 72), (1, 54), (10, 74), (69, 74), (11, 44), (38, 77), (67, 78), (16, 65), (32, 80), (62, 81), (48, 53), (23, 43), (52, 84), (32, 84), (39, 86), (52, 87), (40, 86), (32, 61), (0, 50), (4, 20), (67, 92), (5, 21), (43, 94), (63, 95), (53, 95), (92, 94), (58, 98), (56, 98), (2, 17), (54, 101), (46, 101), (25, 103), (76, 103), (2, 90), (10, 106), (60, 107), (62, 76), (64, 109), (71, 110), (19, 64), (60, 112), (61, 112), (3, 114), (4, 42), (40, 116), (78, 117), (49, 117))
((7, 15), (0, 32), (8, 33), (16, 34), (18, 26), (15, 31), (27, 37), (6, 22), (23, 31), (14, 39), (19, 27), (22, 30), (20, 28), (3, 38), (10, 26), (13, 21), (30, 41), (12, 28), (24, 35), (5, 29), (1, 34), (37, 48), (14, 47), (9, 36), (35, 37), (13, 44), (51, 57), (49, 58), (47, 59), (45, 46), (11, 42), (33, 56), (41, 51), (36, 40), (40, 50), (12, 32), (45, 67), (9, 25), (17, 69), (34, 70), (66, 69), (52, 72), (1, 55), (10, 74), (70, 74), (63, 76), (65, 77), (38, 44), (11, 79), (68, 80), (16, 66), (32, 82), (63, 83), (48, 54), (23, 43), (53, 86), (32, 86), (39, 88), (53, 89), (40, 88), (19, 65), (61, 92), (3, 62), (92, 94), (4, 40), (42, 96), (49, 97), (80, 97), (72, 78), (0, 50), (4, 20), (68, 102), (5, 21), (43, 104), (64, 105), (54, 105), (102, 104), (59, 108), (57, 108), (2, 17), (55, 111), (46, 111), (25, 113), (76, 113), (2, 10), (32, 116), (62, 117), (61, 118))
((7, 15), (0, 32), (8, 33), (16, 34), (18, 26), (15, 31), (27, 37), (6, 22), (23, 31), (14, 39), (19, 27), (22, 30), (20, 28), (3, 38), (10, 26), (13, 21), (30, 41), (12, 28), (24, 35), (5, 29), (1, 34), (37, 48), (14, 47), (9, 36), (35, 37), (13, 44), (51, 57), (49, 58), (47, 59), (45, 46), (11, 42), (33, 56), (41, 51), (36, 40), (40, 50), (12, 32), (45, 67), (9, 25), (17, 69), (34, 70), (66, 69), (52, 72), (1, 55), (10, 74), (70, 74), (63, 76), (65, 77), (38, 44), (11, 79), (68, 80), (16, 66), (32, 82), (63, 83), (48, 54), (23, 43), (53, 86), (32, 86), (39, 88), (53, 89), (40, 88), (32, 62), (19, 65), (61, 93), (3, 62), (93, 95), (4, 42), (40, 97), (49, 98), (80, 98), (72, 78), (0, 50), (4, 20), (68, 103), (5, 21), (43, 105), (64, 106), (54, 106), (103, 105), (59, 109), (57, 109), (2, 17), (55, 112), (46, 112), (25, 114), (76, 114), (2, 10), (92, 117), (61, 118))
((7, 15), (0, 32), (8, 33), (16, 34), (18, 26), (15, 31), (27, 37), (6, 22), (23, 31), (14, 39), (19, 27), (22, 30), (20, 28), (3, 38), (10, 26), (13, 21), (30, 41), (12, 28), (24, 35), (5, 29), (1, 34), (37, 48), (14, 47), (9, 36), (35, 37), (13, 44), (51, 57), (49, 58), (47, 59), (45, 46), (11, 42), (33, 56), (41, 51), (36, 40), (40, 50), (12, 32), (45, 67), (9, 25), (17, 69), (34, 70), (66, 69), (52, 72), (1, 55), (10, 74), (70, 74), (63, 76), (65, 77), (38, 44), (11, 79), (68, 80), (16, 66), (32, 82), (63, 83), (48, 54), (23, 43), (53, 86), (32, 86), (39, 88), (53, 89), (40, 88), (19, 65), (61, 92), (62, 92), (3, 94), (4, 42), (40, 96), (49, 97), (80, 97), (72, 78), (0, 50), (4, 20), (68, 102), (5, 21), (43, 104), (64, 105), (54, 105), (102, 104), (59, 108), (57, 108), (2, 17), (55, 111), (46, 111), (25, 113), (76, 113), (2, 62), (32, 116), (10, 117), (61, 118))
((7, 15), (0, 32), (8, 33), (16, 34), (18, 26), (15, 31), (27, 37), (23, 31), (19, 27), (22, 30), (20, 28), (3, 38), (10, 26), (12, 28), (24, 35), (5, 29), (1, 34), (9, 36), (35, 37), (33, 50), (36, 39), (39, 46), (9, 25), (38, 42), (11, 55), (23, 41), (32, 57), (39, 58), (19, 52), (53, 54), (6, 22), (58, 62), (14, 62), (30, 64), (11, 40), (13, 21), (5, 21), (4, 40), (39, 69), (45, 70), (12, 32), (43, 72), (56, 73), (37, 65), (63, 75), (48, 61), (14, 67), (65, 78), (43, 44), (60, 80), (56, 70), (2, 17), (44, 83), (25, 84), (13, 42), (47, 86), (45, 87), (0, 46), (49, 83), (67, 88), (57, 75), (4, 20), (73, 93), (3, 66), (60, 95), (68, 93), (88, 97), (86, 97), (16, 53), (32, 100), (51, 101), (17, 54), (34, 103), (2, 10), (32, 66), (105, 106), (80, 107), (47, 64), (41, 68), (78, 110), (109, 110), (1, 49), (10, 113), (103, 113), (84, 115), (51, 115), (52, 117), (61, 118))
((13, 21), (7, 15), (9, 25), (18, 26), (0, 33), (4, 20), (14, 32), (5, 29), (6, 22), (23, 31), (5, 21), (8, 36), (20, 28), (14, 40), (19, 27), (16, 43), (22, 30), (10, 26), (2, 17), (24, 47), (17, 34), (0, 51), (35, 41), (15, 31), (43, 52), (12, 28), (49, 50), (30, 45), (41, 51), (25, 58), (39, 45), (55, 59), (9, 35), (4, 41), (27, 55), (1, 64), (3, 66), (49, 68), (13, 44), (42, 48), (16, 60), (11, 46), (38, 59), (33, 68), (39, 70), (12, 75), (47, 55), (57, 76), (52, 67), (23, 48), (33, 81), (36, 78), (40, 82), (19, 54), (32, 79), (37, 77), (34, 60), (11, 44), (10, 67), (66, 89), (69, 85), (43, 88), (33, 72), (3, 85), (54, 80), (46, 65), (83, 96), (1, 93), (88, 98), (41, 82), (33, 73), (63, 84), (37, 42), (58, 80), (10, 102), (63, 81), (73, 95), (62, 71), (70, 104), (79, 104), (83, 94), (2, 106), (77, 91), (91, 97), (69, 113), (50, 64), (57, 97), (38, 71))
((2, 17), (19, 27), (20, 28), (4, 20), (9, 25), (5, 29), (5, 21), (15, 31), (10, 26), (6, 22), (12, 28), (7, 15), (22, 30), (13, 21), (18, 26), (23, 31), (13, 34), (23, 44), (32, 40), (17, 36), (9, 46), (4, 33), (27, 39), (38, 44), (35, 38), (14, 41), (11, 33), (12, 43), (0, 43), (14, 45), (46, 47), (32, 52), (25, 50), (3, 54), (47, 53), (1, 52), (55, 61), (37, 48), (34, 54), (48, 56), (30, 57), (37, 57), (3, 58), (43, 49), (43, 58), (19, 62), (8, 60), (10, 67), (74, 77), (40, 65), (42, 66), (42, 69), (61, 72), (55, 73), (11, 70), (39, 72), (47, 75), (59, 65), (2, 76), (41, 75), (1, 78), (16, 78), (51, 78), (51, 67), (50, 95), (77, 81), (56, 83), (66, 86), (45, 83), (49, 87), (87, 91), (86, 89), (10, 90), (35, 89), (39, 93), (24, 93), (81, 104), (60, 106), (0, 107), (47, 107), (95, 109), (16, 111), (36, 111), (92, 114), (62, 112), (43, 113), (109, 117), (114, 116))
((7, 15), (0, 32), (8, 33), (16, 34), (18, 26), (15, 31), (27, 37), (6, 22), (23, 31), (14, 39), (19, 27), (22, 30), (20, 28), (3, 38), (10, 26), (13, 21), (30, 41), (12, 28), (24, 35), (5, 29), (1, 34), (37, 48), (14, 47), (9, 36), (35, 37), (13, 44), (51, 57), (49, 58), (47, 59), (45, 46), (11, 42), (33, 56), (41, 51), (36, 40), (40, 50), (12, 32), (45, 67), (9, 25), (17, 69), (34, 70), (66, 69), (52, 72), (1, 55), (10, 74), (70, 74), (63, 76), (65, 77), (38, 44), (11, 79), (68, 80), (16, 66), (32, 82), (63, 83), (48, 54), (23, 43), (32, 86), (39, 87), (53, 88), (40, 87), (32, 62), (19, 65), (61, 92), (3, 62), (92, 94), (4, 42), (40, 96), (49, 97), (80, 97), (72, 78), (0, 50), (4, 20), (68, 102), (5, 21), (43, 104), (64, 105), (54, 105), (102, 104), (59, 108), (57, 108), (2, 17), (55, 111), (46, 111), (25, 113), (76, 113), (2, 91), (10, 116), (61, 117), (53, 86))
((7, 15), (22, 30), (23, 31), (4, 20), (19, 27), (11, 36), (2, 17), (12, 32), (0, 32), (8, 40), (16, 41), (24, 42), (6, 22), (14, 44), (18, 26), (34, 46), (19, 47), (9, 46), (38, 49), (13, 21), (5, 29), (15, 31), (30, 45), (45, 52), (20, 28), (12, 28), (5, 21), (35, 58), (10, 26), (38, 60), (9, 25), (17, 62), (41, 63), (1, 41), (42, 53), (0, 43), (27, 53), (3, 68), (39, 69), (35, 70), (60, 69), (48, 72), (25, 61), (23, 33), (32, 75), (44, 76), (34, 76), (14, 51), (54, 79), (53, 54), (75, 81), (4, 36), (34, 83), (57, 84), (1, 49), (10, 86), (63, 86), (61, 88), (3, 37), (48, 90), (32, 37), (2, 92), (40, 66), (88, 94), (47, 95), (34, 43), (16, 97), (62, 97), (96, 99), (10, 93), (72, 101), (13, 56), (52, 103), (59, 103), (57, 104), (51, 106), (56, 68), (11, 108), (70, 109), (84, 109), (59, 106), (33, 58), (79, 113), (55, 113), (77, 81), (65, 99), (32, 98), (94, 118))
((7, 15), (0, 32), (8, 33), (16, 34), (18, 26), (15, 31), (27, 37), (6, 22), (23, 31), (14, 39), (19, 27), (22, 30), (20, 28), (3, 38), (10, 26), (13, 21), (30, 41), (12, 28), (24, 35), (5, 29), (1, 34), (37, 48), (14, 47), (9, 36), (35, 37), (13, 44), (51, 57), (49, 58), (47, 59), (45, 46), (11, 42), (33, 56), (41, 51), (36, 40), (40, 50), (12, 45), (32, 67), (9, 25), (17, 69), (34, 70), (66, 69), (52, 72), (1, 55), (10, 74), (70, 74), (63, 65), (76, 77), (11, 38), (44, 79), (68, 80), (16, 66), (32, 82), (63, 83), (48, 54), (23, 43), (53, 86), (32, 86), (39, 88), (53, 89), (40, 88), (2, 32), (19, 65), (61, 93), (3, 93), (62, 95), (40, 42), (4, 97), (49, 98), (80, 98), (72, 78), (0, 50), (4, 20), (68, 103), (5, 21), (43, 105), (64, 106), (54, 106), (103, 105), (59, 109), (57, 109), (2, 17), (55, 112), (46, 112), (25, 114), (76, 114), (10, 92), (62, 117), (61, 118))
((7, 15), (0, 32), (8, 33), (16, 34), (18, 26), (15, 31), (27, 37), (6, 22), (23, 31), (14, 39), (19, 27), (22, 30), (20, 28), (3, 38), (10, 26), (13, 21), (30, 41), (12, 28), (24, 35), (5, 29), (1, 34), (37, 48), (14, 47), (9, 36), (35, 37), (13, 44), (51, 57), (49, 58), (47, 59), (45, 46), (11, 42), (33, 56), (41, 51), (36, 40), (40, 50), (12, 45), (32, 67), (9, 25), (17, 69), (34, 70), (66, 69), (52, 72), (1, 55), (10, 74), (70, 74), (65, 76), (63, 77), (38, 44), (11, 79), (68, 80), (16, 66), (32, 82), (63, 83), (48, 54), (23, 43), (53, 86), (32, 86), (39, 88), (53, 89), (40, 88), (10, 32), (19, 65), (61, 93), (62, 93), (3, 95), (40, 42), (4, 97), (49, 98), (80, 98), (72, 78), (0, 50), (4, 20), (68, 103), (5, 21), (43, 105), (64, 106), (54, 106), (103, 105), (59, 109), (57, 109), (2, 17), (55, 112), (46, 112), (25, 114), (76, 114), (62, 92), (2, 117), (61, 118))
((7, 15), (0, 32), (8, 33), (16, 34), (18, 26), (15, 31), (27, 37), (6, 22), (23, 31), (14, 39), (19, 27), (22, 30), (20, 28), (3, 38), (10, 26), (13, 21), (30, 41), (12, 28), (24, 35), (5, 29), (37, 48), (14, 47), (9, 36), (35, 37), (13, 44), (51, 56), (49, 57), (47, 58), (45, 46), (11, 42), (33, 55), (41, 51), (36, 40), (40, 50), (12, 32), (45, 66), (9, 25), (17, 68), (65, 68), (1, 70), (1, 54), (10, 72), (69, 72), (62, 74), (64, 75), (38, 44), (11, 77), (67, 78), (34, 69), (16, 65), (32, 81), (62, 82), (48, 53), (23, 43), (52, 85), (32, 85), (39, 87), (52, 88), (40, 87), (32, 61), (19, 64), (3, 61), (92, 93), (4, 42), (40, 95), (49, 96), (78, 96), (70, 76), (0, 50), (60, 92), (4, 20), (67, 102), (5, 21), (43, 104), (63, 105), (53, 105), (102, 104), (58, 108), (56, 108), (34, 71), (2, 17), (54, 112), (46, 112), (25, 114), (74, 114), (2, 91), (10, 117), (60, 118))
((2, 10), (7, 15), (2, 17), (4, 20), (5, 21), (13, 21), (6, 22), (9, 25), (10, 26), (18, 26), (19, 27), (12, 28), (20, 28), (5, 29), (22, 30), (15, 31), (23, 31), (0, 33), (12, 33), (35, 36), (14, 37), (14, 38), (17, 39), (34, 40), (9, 41), (4, 42), (11, 42), (13, 44), (23, 46), (36, 46), (27, 47), (41, 48), (8, 49), (30, 53), (45, 53), (25, 55), (1, 56), (34, 56), (48, 57), (3, 58), (33, 58), (45, 59), (51, 59), (33, 60), (52, 61), (3, 62), (11, 62), (19, 63), (1, 64), (16, 64), (54, 64), (47, 65), (52, 65), (61, 66), (10, 68), (54, 68), (43, 70), (32, 72), (43, 73), (38, 75), (48, 75), (40, 77), (50, 77), (44, 78), (71, 79), (24, 81), (47, 81), (60, 83), (55, 87), (37, 90), (51, 90), (83, 91), (79, 93), (89, 93), (35, 94), (70, 95), (94, 95), (0, 97), (48, 97), (49, 98), (16, 110), (39, 110), (87, 111), (33, 112), (80, 113), (63, 114), (111, 115), (113, 117))
((5, 29), (20, 28), (12, 28), (13, 21), (2, 17), (14, 35), (15, 31), (7, 15), (22, 30), (0, 39), (23, 40), (4, 20), (19, 27), (23, 31), (10, 26), (13, 33), (6, 22), (14, 48), (18, 26), (30, 49), (5, 21), (27, 38), (39, 42), (9, 25), (43, 52), (48, 54), (17, 55), (8, 41), (4, 44), (16, 59), (45, 60), (32, 47), (38, 61), (38, 51), (1, 59), (40, 52), (34, 62), (32, 49), (57, 65), (12, 39), (45, 54), (41, 64), (24, 61), (11, 44), (37, 51), (0, 74), (47, 56), (45, 50), (36, 46), (33, 53), (58, 59), (37, 67), (9, 50), (3, 53), (67, 69), (42, 65), (34, 63), (3, 75), (39, 75), (19, 79), (71, 85), (35, 88), (1, 84), (45, 74), (16, 95), (46, 85), (55, 95), (89, 91), (11, 81), (58, 94), (25, 80), (80, 101), (91, 97), (66, 98), (36, 84), (56, 88), (39, 96), (10, 94), (2, 90), (62, 100), (43, 92), (73, 101), (92, 100), (73, 108), (10, 110), (79, 113), (98, 117), (97, 116))
((7, 15), (0, 32), (8, 33), (16, 34), (18, 26), (15, 31), (27, 37), (6, 22), (23, 31), (14, 39), (19, 27), (22, 30), (20, 28), (3, 38), (10, 26), (13, 21), (30, 41), (12, 28), (24, 35), (5, 29), (37, 48), (14, 47), (9, 36), (35, 37), (13, 44), (51, 56), (49, 57), (47, 58), (45, 46), (11, 42), (33, 55), (41, 51), (36, 40), (40, 50), (12, 32), (45, 66), (9, 25), (17, 68), (34, 69), (65, 68), (1, 34), (71, 72), (1, 54), (10, 74), (69, 74), (64, 76), (62, 77), (11, 44), (38, 79), (67, 80), (32, 65), (16, 82), (62, 83), (48, 53), (23, 43), (52, 86), (32, 86), (39, 88), (52, 89), (40, 88), (19, 64), (60, 92), (3, 92), (61, 94), (4, 40), (42, 96), (49, 97), (80, 97), (71, 78), (0, 50), (4, 20), (67, 102), (5, 21), (43, 104), (63, 105), (53, 105), (102, 104), (58, 108), (56, 108), (2, 17), (54, 111), (46, 111), (25, 113), (76, 113), (10, 61), (2, 116), (32, 117), (60, 118))
((7, 15), (0, 32), (8, 33), (16, 34), (15, 31), (27, 36), (23, 31), (19, 27), (22, 30), (20, 28), (3, 37), (10, 26), (24, 35), (13, 41), (11, 39), (38, 44), (37, 41), (23, 40), (4, 39), (0, 44), (5, 21), (2, 17), (43, 53), (11, 48), (4, 20), (25, 54), (12, 28), (6, 22), (14, 59), (5, 29), (13, 21), (60, 61), (1, 34), (52, 56), (35, 36), (3, 46), (12, 32), (45, 65), (40, 52), (14, 62), (33, 66), (9, 25), (17, 73), (34, 74), (47, 73), (64, 76), (38, 50), (55, 78), (32, 49), (38, 80), (59, 80), (42, 43), (16, 47), (32, 84), (72, 85), (2, 10), (32, 46), (87, 88), (63, 70), (42, 68), (55, 91), (70, 71), (45, 61), (56, 91), (58, 94), (62, 96), (65, 96), (18, 26), (38, 99), (19, 100), (83, 101), (67, 101), (83, 89), (58, 78), (9, 99), (53, 106), (1, 106), (10, 108), (74, 108), (54, 110), (30, 60), (71, 112), (36, 112), (82, 114), (49, 114), (72, 110), (100, 117), (76, 118))
((7, 15), (2, 17), (4, 20), (5, 21), (13, 21), (6, 22), (9, 25), (10, 26), (18, 26), (19, 27), (12, 28), (20, 28), (5, 29), (22, 30), (15, 31), (23, 31), (0, 32), (12, 32), (14, 36), (34, 35), (14, 37), (17, 38), (33, 39), (9, 40), (4, 41), (11, 41), (13, 43), (35, 45), (23, 45), (40, 47), (27, 46), (8, 48), (1, 55), (33, 55), (25, 54), (3, 57), (32, 57), (51, 58), (44, 52), (44, 58), (30, 52), (50, 59), (32, 60), (19, 61), (3, 62), (47, 56), (43, 62), (1, 63), (16, 63), (53, 63), (10, 64), (53, 64), (2, 68), (42, 71), (50, 72), (37, 74), (59, 70), (49, 76), (39, 76), (67, 75), (11, 78), (42, 77), (47, 74), (46, 72), (24, 80), (54, 83), (10, 84), (75, 90), (89, 92), (77, 92), (51, 85), (36, 85), (46, 80), (60, 95), (87, 95), (34, 89), (0, 96), (48, 104), (47, 96), (90, 98), (16, 110), (38, 110), (83, 109), (61, 114), (32, 112), (79, 113), (109, 116), (113, 115))
((0, 24), (15, 31), (32, 33), (2, 10), (7, 31), (26, 35), (15, 23), (11, 27), (33, 39), (10, 18), (5, 13), (3, 39), (11, 19), (38, 44), (30, 42), (17, 25), (1, 8), (14, 22), (9, 25), (41, 50), (35, 40), (36, 52), (18, 37), (16, 38), (12, 28), (6, 22), (4, 12), (3, 36), (38, 54), (23, 49), (5, 21), (56, 62), (57, 62), (46, 64), (8, 34), (38, 66), (17, 36), (32, 68), (1, 9), (40, 56), (41, 45), (43, 72), (21, 29), (14, 74), (64, 75), (48, 55), (47, 77), (37, 47), (59, 60), (53, 80), (33, 57), (61, 82), (32, 55), (13, 58), (74, 85), (63, 85), (19, 53), (4, 45), (71, 89), (51, 79), (36, 61), (46, 49), (2, 70), (54, 94), (51, 94), (69, 70), (72, 80), (20, 28), (89, 99), (29, 99), (63, 101), (42, 101), (6, 30), (75, 104), (7, 104), (82, 106), (38, 106), (20, 27), (59, 109), (71, 110), (58, 110), (0, 66), (50, 113), (69, 114), (77, 114), (16, 113), (36, 117), (34, 118))
((4, 28), (3, 27), (23, 31), (15, 23), (5, 29), (8, 16), (1, 9), (16, 25), (4, 12), (22, 36), (24, 38), (20, 32), (18, 26), (6, 30), (11, 43), (7, 23), (9, 44), (6, 41), (3, 40), (2, 17), (48, 51), (47, 50), (14, 49), (34, 47), (11, 44), (28, 55), (39, 42), (34, 58), (35, 46), (17, 42), (33, 56), (34, 62), (53, 60), (12, 43), (36, 65), (33, 57), (65, 67), (15, 47), (45, 69), (0, 55), (40, 66), (13, 72), (53, 67), (61, 71), (37, 71), (21, 32), (66, 77), (19, 74))
((9, 25), (6, 22), (5, 21), (13, 29), (5, 13), (22, 30), (7, 31), (4, 20), (15, 23), (7, 23), (33, 35), (12, 39), (11, 19), (28, 43), (2, 18), (17, 32), (1, 47), (6, 14), (27, 38), (3, 19), (41, 51), (27, 51), (11, 53), (10, 18), (16, 24), (33, 41), (46, 52), (0, 40), (56, 59), (20, 28), (46, 48), (36, 39), (21, 61), (63, 64), (35, 64), (45, 66), (63, 67), (34, 66), (14, 36), (42, 70), (37, 70), (34, 72), (42, 73), (49, 73), (1, 25), (26, 76), (62, 77), (55, 77), (32, 79), (62, 80), (15, 37), (57, 82), (38, 82), (12, 44), (40, 85), (45, 86), (41, 56), (17, 88), (38, 89), (48, 90), (2, 26), (79, 92), (50, 92), (54, 94), (40, 53), (55, 96), (31, 49), (40, 98), (57, 98), (44, 58), (97, 101), (94, 101), (8, 88), (40, 104), (60, 104), (47, 106), (16, 105), (38, 108), (59, 109), (88, 110), (76, 109), (90, 112), (107, 112), (52, 61), (86, 115), (3, 43), (50, 117), (115, 118))
((9, 25), (17, 32), (2, 17), (15, 31), (27, 35), (3, 36), (19, 27), (20, 28), (4, 38), (4, 20), (10, 26), (5, 29), (5, 21), (41, 44), (6, 22), (14, 46), (30, 47), (35, 48), (11, 38), (37, 42), (43, 47), (3, 50), (12, 28), (7, 15), (12, 55), (50, 55), (37, 56), (0, 55), (2, 57), (10, 60), (41, 58), (22, 30), (13, 21), (14, 64), (18, 26), (13, 39), (23, 31), (8, 59), (16, 69), (24, 70), (35, 70), (68, 71), (1, 69), (32, 73), (33, 69), (16, 73), (23, 63), (9, 66), (74, 75), (1, 79), (36, 39), (34, 79), (34, 42), (40, 68), (54, 85), (44, 63), (43, 67), (65, 87), (45, 67), (25, 84), (10, 81), (11, 82), (48, 65), (49, 78), (52, 87), (55, 78), (68, 97), (58, 93), (51, 61), (46, 97), (59, 72), (55, 77), (66, 68), (19, 104), (0, 71), (33, 81), (84, 107), (85, 93), (54, 88), (64, 110), (51, 105), (53, 105), (102, 103), (49, 101), (102, 107), (104, 116), (45, 110), (75, 117))
((7, 15), (0, 32), (8, 33), (16, 34), (18, 26), (15, 31), (27, 37), (6, 22), (23, 31), (14, 39), (19, 27), (22, 30), (20, 28), (3, 38), (10, 26), (13, 21), (30, 41), (12, 28), (24, 35), (5, 29), (37, 48), (14, 47), (9, 36), (35, 37), (13, 44), (51, 56), (49, 57), (47, 58), (45, 46), (11, 42), (33, 55), (41, 51), (36, 40), (40, 50), (12, 32), (45, 66), (9, 25), (17, 68), (34, 69), (65, 68), (1, 71), (34, 72), (1, 54), (10, 74), (69, 74), (62, 76), (64, 77), (38, 44), (11, 79), (67, 80), (32, 65), (16, 82), (62, 83), (48, 53), (23, 43), (52, 86), (32, 86), (39, 88), (52, 89), (40, 88), (19, 64), (60, 92), (3, 61), (92, 94), (40, 42), (4, 96), (49, 97), (80, 97), (71, 78), (0, 50), (4, 20), (67, 102), (5, 21), (43, 104), (63, 105), (53, 105), (102, 104), (58, 108), (56, 108), (2, 17), (54, 111), (46, 111), (25, 113), (76, 113), (10, 32), (2, 61), (116, 117), (60, 118))
((7, 15), (0, 32), (8, 33), (16, 34), (18, 26), (15, 31), (27, 37), (6, 22), (23, 31), (14, 39), (19, 27), (22, 30), (20, 28), (3, 38), (10, 26), (13, 21), (30, 41), (12, 28), (24, 35), (5, 29), (37, 48), (14, 47), (9, 36), (35, 37), (13, 44), (51, 56), (49, 57), (47, 58), (45, 46), (11, 42), (33, 55), (41, 51), (36, 40), (40, 50), (32, 45), (12, 66), (9, 25), (17, 68), (34, 69), (65, 68), (1, 71), (34, 72), (1, 54), (10, 74), (69, 74), (62, 64), (76, 77), (38, 44), (11, 79), (67, 80), (16, 32), (65, 82), (62, 83), (48, 53), (23, 43), (52, 86), (32, 86), (39, 88), (52, 89), (40, 88), (19, 64), (60, 92), (3, 92), (61, 94), (40, 42), (4, 96), (49, 97), (80, 97), (71, 78), (0, 50), (4, 20), (67, 102), (5, 21), (43, 104), (63, 105), (53, 105), (102, 104), (58, 108), (56, 108), (2, 17), (54, 111), (46, 111), (25, 113), (76, 113), (2, 32), (61, 116), (10, 117), (60, 118))
((7, 15), (0, 32), (8, 33), (16, 34), (18, 26), (15, 31), (27, 37), (6, 22), (23, 31), (14, 39), (19, 27), (22, 30), (20, 28), (3, 38), (10, 26), (13, 21), (30, 41), (12, 28), (24, 35), (0, 50), (5, 29), (1, 34), (37, 48), (14, 47), (48, 55), (9, 36), (35, 37), (13, 44), (52, 59), (49, 60), (47, 61), (45, 46), (11, 42), (33, 58), (41, 52), (36, 40), (40, 50), (12, 32), (45, 69), (9, 25), (17, 71), (34, 72), (68, 71), (53, 74), (1, 57), (10, 76), (72, 76), (65, 78), (67, 79), (74, 80), (38, 44), (11, 82), (70, 83), (16, 68), (32, 85), (65, 86), (23, 43), (54, 88), (32, 88), (40, 90), (39, 90), (54, 92), (32, 64), (19, 67), (63, 95), (3, 64), (95, 97), (4, 42), (40, 99), (83, 100), (49, 100), (4, 20), (70, 103), (5, 21), (43, 105), (55, 106), (66, 106), (103, 105), (59, 109), (61, 109), (2, 17), (57, 112), (46, 112), (25, 114), (78, 114), (2, 94), (10, 117), (63, 118))
((10, 26), (12, 28), (2, 17), (4, 20), (22, 30), (15, 31), (27, 37), (23, 31), (5, 29), (23, 36), (19, 27), (9, 25), (18, 26), (11, 42), (20, 28), (5, 21), (36, 47), (13, 46), (4, 42), (39, 44), (38, 46), (9, 44), (32, 34), (25, 54), (13, 21), (1, 53), (7, 15), (17, 43), (0, 58), (3, 45), (8, 60), (57, 59), (10, 57), (3, 38), (41, 58), (11, 52), (54, 63), (1, 62), (45, 58), (59, 62), (32, 65), (35, 47), (16, 62), (12, 58), (40, 49), (33, 76), (2, 70), (65, 75), (35, 79), (24, 74), (49, 73), (39, 50), (73, 77), (6, 22), (39, 66), (56, 77), (14, 85), (34, 53), (40, 88), (48, 90), (19, 51), (66, 85), (72, 92), (67, 83), (61, 92), (67, 79), (37, 74), (33, 83), (39, 81), (14, 56), (43, 100), (60, 98), (63, 103), (10, 78), (16, 100), (69, 102), (0, 81), (30, 88), (58, 106), (37, 109), (51, 104), (72, 105), (102, 112), (103, 110), (48, 101), (93, 111), (41, 111), (101, 109))
((23, 31), (7, 15), (9, 25), (10, 26), (0, 33), (8, 36), (16, 37), (2, 17), (16, 33), (18, 26), (19, 27), (15, 31), (27, 43), (6, 22), (14, 45), (22, 30), (5, 29), (20, 28), (2, 33), (44, 49), (9, 41), (3, 44), (13, 21), (5, 21), (30, 46), (12, 28), (32, 42), (24, 38), (1, 37), (43, 56), (14, 54), (38, 43), (13, 49), (48, 64), (57, 65), (54, 66), (35, 53), (11, 42), (1, 52), (36, 63), (46, 48), (32, 41), (32, 59), (12, 53), (33, 75), (17, 34), (37, 77), (50, 69), (34, 74), (60, 80), (10, 70), (70, 77), (4, 58), (71, 83), (73, 85), (11, 51), (76, 87), (40, 74), (71, 89), (56, 62), (23, 47), (61, 92), (33, 92), (45, 94), (61, 95), (32, 94), (19, 73), (68, 98), (3, 69), (98, 100), (57, 84), (84, 87), (80, 86), (0, 59), (4, 20), (76, 106), (47, 55), (72, 108), (62, 108), (55, 106), (66, 111), (64, 111), (39, 52), (35, 39), (25, 115), (83, 115), (10, 79), (68, 118))
((5, 21), (15, 31), (23, 31), (9, 25), (19, 34), (1, 25), (16, 34), (4, 28), (29, 39), (32, 40), (12, 39), (27, 33), (3, 43), (24, 38), (17, 45), (22, 30), (35, 46), (2, 10), (6, 14), (7, 50), (10, 26), (7, 33), (23, 53), (49, 54), (20, 42), (1, 17), (5, 13), (8, 24), (33, 59), (13, 29), (41, 61), (41, 56), (6, 22), (61, 64), (4, 20), (0, 34), (59, 67), (54, 59), (38, 69), (58, 66), (40, 71), (35, 52), (63, 71), (12, 44), (51, 54), (18, 37), (49, 77), (48, 57), (47, 53), (73, 77), (34, 64), (80, 82), (44, 52), (57, 78), (73, 85), (18, 26), (85, 87), (36, 87), (84, 89), (14, 58), (47, 91), (32, 92), (50, 93), (65, 93), (27, 36), (42, 96), (11, 96), (3, 98), (75, 99), (56, 100), (34, 99), (89, 102), (54, 102), (66, 104), (97, 105), (100, 105), (51, 82), (37, 60), (46, 109), (0, 33), (45, 111), (69, 112), (65, 91), (55, 98), (84, 115), (67, 70), (48, 117), (109, 118))
((6, 22), (11, 19), (15, 31), (10, 18), (1, 9), (12, 28), (0, 24), (7, 31), (9, 25), (34, 38), (4, 12), (6, 30), (2, 10), (17, 39), (35, 40), (11, 27), (38, 45), (3, 39), (20, 27), (5, 13), (20, 28), (32, 34), (5, 21), (34, 47), (1, 8), (13, 42), (8, 41), (30, 51), (7, 43), (14, 22), (17, 25), (59, 61), (2, 36), (21, 29), (49, 50), (14, 65), (23, 61), (32, 54), (46, 64), (37, 54), (59, 69), (15, 23), (58, 73), (57, 65), (3, 47), (67, 69), (29, 52), (39, 68), (0, 58), (33, 73), (35, 81), (53, 60), (44, 55), (4, 81), (39, 84), (37, 55), (51, 78), (16, 73), (66, 87), (40, 80), (85, 87), (76, 82), (71, 78), (26, 44), (16, 80), (60, 73), (38, 89), (39, 96), (62, 95), (57, 71), (46, 100), (42, 66), (43, 67), (56, 89), (18, 95), (73, 106), (91, 105), (53, 68), (64, 106), (36, 48), (48, 91), (49, 107), (52, 85), (19, 86), (62, 105), (41, 99), (82, 113), (86, 113))
((7, 15), (0, 32), (8, 33), (16, 34), (18, 26), (15, 31), (27, 37), (6, 22), (23, 31), (14, 39), (19, 27), (22, 30), (20, 28), (3, 38), (10, 26), (13, 21), (30, 41), (12, 28), (24, 35), (5, 29), (37, 48), (14, 47), (9, 36), (35, 37), (13, 44), (51, 56), (49, 57), (47, 58), (45, 46), (11, 42), (33, 55), (41, 51), (36, 40), (40, 50), (12, 32), (45, 66), (9, 25), (17, 68), (34, 69), (65, 68), (34, 71), (1, 72), (1, 54), (10, 74), (69, 74), (64, 76), (62, 77), (11, 44), (38, 79), (67, 80), (16, 32), (65, 82), (62, 83), (48, 53), (23, 43), (52, 86), (32, 86), (39, 88), (52, 89), (40, 88), (19, 64), (60, 92), (3, 92), (61, 94), (40, 42), (4, 96), (49, 97), (80, 97), (71, 78), (0, 50), (4, 20), (67, 102), (5, 21), (43, 104), (63, 105), (53, 105), (102, 104), (58, 108), (56, 108), (2, 17), (54, 111), (46, 111), (25, 113), (76, 113), (2, 61), (32, 116), (10, 117), (60, 118))
((7, 15), (0, 32), (8, 33), (16, 34), (18, 26), (15, 31), (27, 37), (6, 22), (23, 31), (14, 39), (19, 27), (22, 30), (20, 28), (3, 38), (10, 26), (13, 21), (30, 41), (12, 28), (24, 35), (5, 29), (1, 34), (37, 48), (14, 47), (9, 36), (35, 37), (13, 44), (51, 57), (49, 58), (47, 59), (45, 46), (11, 42), (33, 56), (41, 51), (36, 40), (40, 50), (12, 32), (45, 67), (9, 25), (17, 69), (34, 70), (66, 69), (52, 72), (1, 55), (10, 74), (70, 74), (63, 76), (65, 77), (38, 44), (11, 79), (68, 80), (16, 66), (32, 82), (63, 83), (48, 54), (23, 43), (53, 86), (32, 86), (39, 88), (53, 89), (40, 88), (19, 65), (61, 92), (3, 62), (92, 94), (4, 42), (40, 96), (49, 97), (80, 97), (72, 78), (0, 50), (4, 20), (68, 102), (5, 21), (43, 104), (64, 105), (54, 105), (102, 104), (59, 108), (57, 108), (2, 17), (55, 111), (46, 111), (25, 113), (76, 113), (2, 62), (10, 116), (32, 117), (61, 118))
((7, 15), (0, 32), (8, 33), (16, 34), (18, 26), (15, 31), (27, 37), (6, 22), (23, 31), (14, 39), (19, 27), (22, 30), (20, 28), (3, 38), (10, 26), (13, 21), (30, 41), (12, 28), (24, 35), (5, 29), (1, 34), (37, 48), (14, 47), (9, 36), (35, 37), (13, 44), (51, 57), (49, 58), (47, 59), (45, 46), (11, 42), (33, 56), (41, 51), (36, 40), (40, 50), (12, 32), (45, 67), (9, 25), (17, 69), (34, 70), (66, 69), (52, 72), (1, 55), (10, 74), (70, 74), (63, 76), (65, 77), (38, 44), (11, 79), (68, 80), (16, 66), (32, 82), (63, 83), (48, 54), (23, 43), (53, 86), (32, 86), (39, 88), (53, 89), (40, 88), (32, 62), (19, 65), (61, 93), (3, 62), (93, 95), (4, 42), (40, 97), (49, 98), (80, 98), (72, 78), (0, 50), (4, 20), (68, 103), (5, 21), (43, 105), (64, 106), (54, 106), (103, 105), (59, 109), (57, 109), (2, 17), (55, 112), (46, 112), (25, 114), (76, 114), (2, 92), (10, 117), (61, 118))
((7, 15), (0, 32), (8, 33), (16, 34), (18, 26), (15, 31), (27, 37), (6, 22), (23, 31), (14, 39), (19, 27), (22, 30), (20, 28), (3, 38), (10, 26), (13, 21), (30, 41), (12, 28), (24, 35), (5, 29), (14, 47), (9, 36), (35, 37), (13, 44), (51, 55), (11, 42), (33, 54), (36, 40), (40, 50), (12, 32), (9, 25), (17, 62), (1, 53), (63, 64), (38, 44), (23, 43), (32, 67), (32, 57), (4, 42), (4, 20), (5, 21), (2, 17), (46, 73), (71, 72), (60, 62), (19, 59), (16, 32), (40, 70), (49, 56), (2, 69), (37, 48), (43, 72), (45, 46), (3, 57), (34, 76), (11, 66), (45, 61), (58, 65), (0, 50), (10, 64), (48, 52), (34, 63), (53, 73), (25, 74), (67, 82), (10, 81), (84, 97), (71, 88), (60, 78), (65, 74), (77, 84), (40, 68), (39, 68), (79, 87), (59, 89), (76, 106), (82, 104), (52, 83), (41, 51), (83, 110), (49, 79), (1, 86), (87, 88), (58, 100), (75, 80), (77, 85), (55, 75), (47, 80))
((4, 12), (20, 28), (0, 24), (14, 22), (11, 19), (6, 30), (11, 27), (17, 25), (15, 23), (15, 31), (9, 25), (7, 31), (38, 41), (6, 22), (2, 10), (10, 18), (34, 41), (44, 46), (3, 43), (5, 13), (13, 32), (17, 43), (42, 47), (36, 40), (26, 46), (12, 28), (34, 53), (43, 49), (16, 40), (1, 9), (8, 48), (27, 50), (20, 63), (23, 35), (5, 21), (45, 66), (39, 56), (18, 56), (43, 65), (1, 8), (57, 66), (54, 68), (0, 62), (21, 29), (40, 62), (58, 61), (60, 71), (32, 64), (40, 69), (30, 51), (4, 55), (14, 75), (16, 74), (52, 72), (44, 57), (19, 59), (35, 81), (34, 60), (42, 74), (78, 90), (33, 82), (3, 38), (41, 45), (2, 61), (54, 95), (52, 75), (58, 90), (29, 33), (37, 83), (82, 86), (50, 80), (47, 55), (59, 102), (43, 84), (64, 86), (7, 37), (72, 99), (69, 95), (93, 103), (40, 107), (48, 105), (102, 103), (67, 81), (67, 83), (51, 99), (39, 78), (65, 94), (94, 107))
((7, 15), (0, 32), (8, 33), (16, 34), (18, 26), (15, 31), (27, 37), (6, 22), (23, 31), (14, 39), (19, 27), (22, 30), (20, 28), (3, 38), (10, 26), (13, 21), (30, 41), (12, 28), (24, 35), (5, 29), (1, 34), (37, 48), (14, 47), (9, 36), (35, 37), (13, 44), (51, 57), (49, 58), (47, 59), (45, 46), (11, 42), (33, 56), (41, 51), (36, 40), (40, 50), (12, 32), (45, 67), (9, 25), (17, 69), (34, 70), (66, 69), (52, 72), (1, 55), (10, 74), (70, 74), (63, 76), (65, 77), (38, 44), (11, 79), (68, 80), (16, 66), (32, 82), (63, 83), (48, 54), (23, 43), (53, 86), (32, 86), (39, 88), (53, 89), (40, 88), (32, 62), (19, 65), (61, 93), (3, 62), (93, 95), (4, 42), (40, 97), (49, 98), (80, 98), (72, 78), (0, 50), (4, 20), (68, 103), (5, 21), (43, 105), (64, 106), (54, 106), (103, 105), (59, 109), (57, 109), (2, 92), (10, 112), (61, 113), (2, 17), (55, 115), (46, 115), (76, 117), (25, 117))
((7, 15), (0, 32), (8, 33), (16, 34), (18, 26), (15, 31), (27, 37), (6, 22), (23, 31), (14, 39), (19, 27), (22, 30), (20, 28), (3, 38), (10, 26), (13, 21), (30, 41), (12, 28), (24, 35), (5, 29), (1, 34), (37, 48), (14, 47), (9, 36), (35, 37), (13, 44), (51, 57), (49, 58), (47, 59), (45, 46), (11, 42), (33, 56), (41, 51), (36, 40), (40, 50), (12, 32), (45, 67), (9, 25), (17, 69), (34, 70), (66, 69), (52, 72), (1, 55), (10, 74), (70, 74), (63, 76), (65, 77), (38, 44), (11, 79), (68, 80), (16, 66), (32, 82), (63, 83), (48, 54), (23, 43), (53, 86), (32, 86), (39, 88), (53, 89), (40, 88), (32, 62), (19, 65), (61, 93), (3, 62), (93, 95), (4, 42), (40, 97), (49, 98), (80, 98), (72, 78), (0, 50), (4, 20), (68, 103), (5, 21), (43, 105), (64, 106), (54, 106), (103, 105), (59, 109), (57, 109), (2, 17), (55, 112), (46, 112), (25, 114), (76, 114), (2, 92), (10, 117), (61, 118))
((7, 15), (0, 32), (8, 33), (16, 34), (18, 26), (15, 31), (27, 37), (6, 22), (23, 31), (14, 39), (19, 27), (22, 30), (20, 28), (3, 38), (10, 26), (13, 21), (30, 41), (12, 28), (24, 35), (5, 29), (9, 36), (35, 37), (13, 44), (51, 54), (11, 42), (33, 53), (36, 40), (40, 50), (12, 32), (9, 25), (17, 61), (1, 52), (62, 63), (38, 44), (23, 43), (32, 66), (19, 58), (4, 42), (4, 20), (5, 21), (2, 17), (59, 61), (57, 58), (43, 71), (49, 55), (47, 76), (41, 51), (75, 78), (45, 60), (70, 80), (39, 67), (32, 56), (40, 67), (11, 65), (45, 46), (14, 47), (10, 63), (34, 73), (1, 89), (70, 71), (54, 91), (34, 62), (16, 32), (64, 74), (52, 72), (46, 72), (64, 97), (80, 85), (37, 48), (82, 100), (66, 100), (48, 87), (0, 50), (56, 68), (3, 105), (75, 87), (68, 86), (2, 10), (83, 109), (86, 110), (25, 97), (59, 94), (57, 113), (73, 95), (76, 91), (40, 69), (85, 117), (49, 117))
((7, 15), (0, 32), (8, 33), (16, 34), (24, 35), (0, 36), (9, 25), (17, 38), (34, 39), (18, 26), (9, 41), (1, 42), (10, 43), (19, 27), (11, 45), (32, 46), (2, 47), (10, 48), (12, 32), (15, 31), (27, 51), (3, 52), (50, 53), (20, 28), (52, 55), (11, 56), (54, 57), (4, 20), (5, 21), (59, 60), (12, 28), (13, 55), (5, 29), (63, 64), (62, 65), (61, 66), (13, 21), (14, 68), (22, 30), (60, 70), (69, 71), (23, 70), (6, 22), (14, 74), (30, 75), (51, 76), (73, 77), (35, 51), (33, 79), (23, 31), (36, 81), (16, 82), (32, 83), (80, 84), (39, 43), (41, 81), (86, 87), (80, 88), (2, 17), (42, 90), (19, 87), (10, 26), (53, 93), (92, 94), (4, 45), (81, 96), (57, 97), (66, 68), (69, 76), (32, 73), (74, 101), (77, 102), (1, 34), (38, 82), (104, 105), (90, 93), (25, 107), (3, 92), (46, 109), (62, 97), (64, 75), (71, 112), (81, 101), (89, 105), (86, 107), (49, 94), (54, 59), (61, 63))
((3, 27), (7, 31), (15, 31), (2, 18), (4, 28), (4, 12), (0, 34), (5, 13), (24, 33), (5, 37), (6, 39), (18, 26), (11, 19), (6, 22), (34, 45), (20, 36), (7, 23), (9, 25), (14, 30), (32, 33), (14, 22), (19, 48), (15, 23), (3, 53), (17, 25), (44, 47), (21, 39), (2, 56), (13, 29), (42, 50), (10, 26), (59, 62), (1, 49), (52, 60), (8, 54), (16, 66), (37, 55), (9, 67), (28, 51), (35, 55), (68, 70), (29, 58), (42, 65), (45, 61), (48, 67), (54, 57), (38, 64), (36, 58), (41, 73), (43, 53), (51, 81), (38, 76), (34, 62), (61, 73), (68, 77), (65, 85), (23, 52), (12, 47), (44, 82), (43, 49), (33, 88), (50, 92), (24, 76), (59, 91), (71, 90), (60, 89), (46, 93), (79, 97), (66, 83), (70, 89), (32, 96), (46, 88), (40, 100), (94, 100), (41, 97), (84, 96), (56, 100), (54, 93), (78, 104), (82, 84), (17, 64), (34, 108), (110, 113), (69, 113), (63, 112), (35, 116), (91, 116), (69, 112))
((7, 15), (0, 32), (8, 33), (16, 34), (18, 26), (15, 31), (27, 37), (6, 22), (23, 31), (14, 39), (19, 27), (22, 30), (20, 28), (3, 38), (10, 26), (13, 21), (30, 41), (12, 28), (24, 35), (5, 29), (1, 34), (37, 48), (14, 47), (9, 36), (35, 37), (13, 44), (51, 57), (49, 58), (47, 59), (45, 46), (11, 42), (33, 56), (41, 51), (36, 40), (40, 50), (12, 32), (45, 67), (9, 25), (17, 69), (34, 70), (66, 69), (52, 72), (1, 55), (10, 74), (70, 74), (63, 76), (65, 77), (38, 44), (11, 79), (68, 80), (16, 66), (32, 82), (63, 83), (48, 54), (23, 43), (53, 86), (32, 86), (39, 88), (53, 89), (40, 88), (32, 62), (19, 65), (61, 93), (3, 62), (93, 95), (4, 42), (40, 97), (49, 98), (80, 98), (72, 78), (0, 50), (4, 20), (68, 103), (5, 21), (43, 105), (64, 106), (54, 106), (103, 105), (59, 109), (57, 109), (2, 17), (55, 112), (46, 112), (25, 114), (76, 114), (2, 92), (10, 117), (61, 118))
((7, 15), (0, 32), (8, 33), (16, 34), (18, 26), (15, 31), (27, 37), (6, 22), (23, 31), (14, 39), (19, 27), (22, 30), (20, 28), (3, 38), (10, 26), (13, 21), (30, 41), (12, 28), (24, 35), (5, 29), (1, 34), (37, 48), (14, 47), (9, 36), (35, 37), (13, 44), (51, 57), (49, 58), (47, 59), (45, 46), (11, 42), (33, 56), (41, 51), (36, 40), (40, 50), (12, 32), (45, 67), (9, 25), (17, 69), (34, 70), (66, 69), (52, 72), (1, 55), (10, 74), (70, 74), (63, 76), (65, 77), (38, 44), (11, 79), (68, 80), (16, 66), (32, 82), (63, 83), (48, 54), (23, 43), (53, 86), (32, 86), (39, 88), (53, 89), (40, 88), (32, 62), (19, 65), (61, 93), (3, 62), (93, 95), (4, 42), (40, 97), (49, 98), (80, 98), (72, 78), (0, 50), (4, 20), (68, 103), (5, 21), (43, 105), (54, 106), (64, 106), (103, 105), (57, 109), (59, 109), (2, 17), (55, 112), (2, 10), (92, 114), (61, 115), (46, 112), (25, 117), (76, 117))
((7, 15), (0, 32), (8, 33), (16, 34), (18, 26), (15, 31), (27, 37), (6, 22), (23, 31), (14, 39), (19, 27), (22, 30), (20, 28), (3, 38), (10, 26), (13, 21), (30, 41), (12, 28), (24, 35), (5, 29), (1, 34), (37, 48), (14, 47), (9, 36), (35, 37), (13, 44), (51, 57), (49, 58), (47, 59), (45, 46), (11, 42), (33, 56), (41, 51), (36, 40), (40, 50), (12, 32), (45, 67), (9, 25), (17, 69), (34, 70), (66, 69), (52, 72), (1, 55), (10, 74), (70, 74), (63, 76), (65, 77), (38, 44), (0, 50), (72, 78), (48, 54), (2, 17), (55, 83), (46, 83), (25, 85), (76, 85), (23, 43), (53, 88), (32, 88), (40, 90), (39, 90), (53, 92), (32, 66), (16, 94), (63, 95), (19, 65), (61, 97), (11, 79), (68, 99), (3, 62), (97, 101), (4, 20), (68, 103), (5, 21), (103, 105), (59, 106), (57, 106), (43, 105), (54, 109), (64, 109), (4, 40), (42, 112), (99, 113), (49, 113), (10, 62), (32, 116), (2, 117), (61, 118))
((7, 15), (0, 32), (8, 33), (16, 34), (18, 26), (15, 31), (27, 37), (6, 22), (23, 31), (14, 39), (19, 27), (22, 30), (20, 28), (3, 38), (10, 26), (13, 21), (30, 41), (12, 28), (24, 35), (5, 29), (37, 48), (14, 47), (9, 36), (35, 37), (13, 44), (51, 56), (49, 57), (45, 46), (11, 42), (33, 55), (41, 51), (36, 40), (40, 50), (12, 32), (45, 65), (9, 25), (17, 67), (64, 67), (34, 69), (1, 54), (10, 71), (68, 71), (61, 73), (63, 74), (38, 44), (11, 76), (16, 64), (32, 78), (48, 53), (23, 43), (32, 81), (39, 82), (32, 60), (19, 63), (59, 85), (4, 42), (40, 87), (77, 88), (4, 20), (66, 90), (5, 21), (43, 92), (90, 92), (2, 17), (46, 95), (2, 84), (3, 85), (0, 50), (52, 83), (34, 68), (40, 82), (61, 79), (47, 58), (25, 96), (10, 97), (62, 93), (69, 75), (54, 95), (73, 96), (53, 93), (52, 81), (1, 70), (66, 77), (60, 98), (59, 106), (58, 94), (49, 88), (56, 94))
((7, 15), (0, 32), (8, 33), (16, 34), (18, 26), (15, 31), (27, 37), (6, 22), (23, 31), (14, 39), (19, 27), (22, 30), (20, 28), (3, 38), (10, 26), (13, 21), (30, 41), (12, 28), (24, 35), (5, 29), (1, 34), (37, 48), (14, 47), (9, 36), (35, 37), (13, 44), (51, 57), (49, 58), (47, 59), (45, 46), (11, 42), (33, 56), (41, 51), (36, 40), (40, 50), (12, 32), (45, 67), (9, 25), (17, 69), (34, 70), (66, 69), (52, 72), (1, 55), (10, 74), (70, 74), (63, 76), (65, 77), (38, 44), (11, 79), (68, 80), (16, 66), (32, 82), (63, 83), (48, 54), (23, 43), (53, 86), (32, 86), (39, 88), (53, 89), (40, 88), (32, 62), (19, 65), (61, 93), (3, 62), (93, 95), (4, 42), (40, 97), (49, 98), (80, 98), (72, 78), (0, 50), (4, 20), (68, 103), (5, 21), (43, 105), (64, 106), (54, 106), (103, 105), (59, 109), (57, 109), (2, 17), (55, 112), (46, 112), (25, 114), (76, 114), (2, 92), (10, 117), (61, 118))
((7, 15), (0, 32), (8, 33), (16, 34), (15, 31), (35, 36), (5, 29), (20, 28), (13, 39), (38, 40), (13, 21), (12, 28), (41, 43), (42, 44), (6, 22), (14, 46), (38, 47), (9, 25), (17, 49), (34, 50), (1, 34), (23, 31), (24, 35), (53, 54), (49, 55), (52, 56), (18, 26), (9, 58), (1, 59), (10, 60), (53, 58), (33, 37), (50, 60), (63, 64), (62, 65), (27, 36), (3, 67), (12, 32), (68, 69), (39, 67), (11, 71), (70, 72), (16, 55), (32, 74), (63, 75), (30, 47), (14, 42), (77, 78), (36, 77), (22, 30), (23, 81), (80, 82), (32, 82), (46, 84), (80, 85), (53, 84), (10, 26), (68, 88), (19, 62), (89, 90), (19, 27), (11, 92), (3, 93), (90, 94), (4, 92), (53, 96), (43, 97), (72, 97), (56, 66), (0, 54), (4, 20), (70, 102), (5, 21), (81, 104), (48, 105), (78, 105), (102, 104), (44, 108), (40, 108), (2, 17), (59, 111), (88, 111), (25, 113), (64, 113), (32, 93), (2, 116), (10, 117), (89, 118))
((7, 15), (0, 32), (8, 33), (16, 34), (18, 26), (15, 31), (27, 37), (6, 22), (23, 31), (14, 39), (19, 27), (22, 30), (20, 28), (3, 38), (10, 26), (13, 21), (30, 41), (12, 28), (24, 35), (5, 29), (1, 34), (37, 48), (14, 47), (9, 36), (35, 37), (13, 44), (51, 57), (49, 58), (47, 59), (45, 46), (11, 42), (33, 56), (41, 51), (36, 40), (40, 50), (12, 32), (45, 67), (9, 25), (17, 69), (34, 70), (66, 69), (52, 72), (1, 55), (10, 74), (70, 74), (63, 76), (65, 77), (38, 44), (11, 79), (68, 80), (16, 66), (32, 82), (63, 83), (48, 54), (23, 43), (53, 86), (32, 86), (39, 88), (53, 89), (40, 88), (32, 62), (19, 65), (61, 93), (3, 62), (93, 95), (4, 42), (40, 97), (49, 98), (80, 98), (72, 78), (0, 50), (4, 20), (68, 103), (5, 21), (43, 105), (64, 106), (54, 106), (103, 105), (59, 109), (57, 109), (2, 17), (55, 112), (46, 112), (25, 114), (76, 114), (2, 92), (10, 117), (61, 118))
((7, 15), (0, 32), (8, 33), (16, 34), (18, 26), (15, 31), (27, 37), (6, 22), (23, 31), (14, 39), (19, 27), (22, 30), (20, 28), (3, 38), (10, 26), (13, 21), (30, 41), (12, 28), (24, 35), (0, 50), (5, 29), (1, 34), (37, 48), (14, 47), (48, 55), (9, 36), (35, 37), (13, 44), (52, 59), (49, 60), (47, 61), (45, 46), (11, 42), (33, 58), (41, 52), (36, 40), (40, 50), (12, 32), (45, 69), (9, 25), (17, 71), (34, 72), (68, 71), (53, 74), (1, 57), (10, 76), (72, 76), (65, 78), (67, 79), (74, 80), (38, 44), (11, 82), (70, 83), (16, 68), (32, 85), (65, 86), (23, 43), (54, 88), (32, 88), (40, 90), (39, 90), (54, 92), (32, 64), (19, 67), (63, 95), (3, 64), (95, 97), (4, 42), (40, 99), (49, 100), (83, 100), (4, 20), (70, 103), (5, 21), (43, 105), (55, 106), (66, 106), (103, 105), (59, 109), (61, 109), (2, 17), (57, 112), (46, 112), (78, 114), (25, 114), (2, 94), (10, 117), (63, 118))
((7, 15), (0, 32), (8, 33), (16, 34), (18, 26), (15, 31), (27, 37), (6, 22), (23, 31), (14, 39), (19, 27), (22, 30), (20, 28), (3, 38), (10, 26), (13, 21), (30, 41), (12, 28), (24, 35), (5, 29), (9, 36), (35, 37), (13, 44), (51, 54), (49, 55), (11, 42), (33, 53), (36, 40), (40, 50), (12, 32), (9, 25), (17, 62), (1, 52), (38, 44), (16, 60), (32, 66), (23, 43), (32, 68), (39, 69), (4, 42), (4, 20), (5, 21), (72, 73), (2, 17), (46, 75), (2, 10), (37, 48), (11, 65), (34, 63), (58, 59), (63, 64), (58, 67), (32, 57), (0, 50), (14, 47), (41, 51), (56, 74), (45, 46), (40, 69), (43, 73), (47, 56), (40, 71), (1, 34), (54, 74), (60, 62), (45, 61), (10, 64), (68, 78), (25, 76), (70, 78), (19, 59), (52, 75), (86, 91), (48, 86), (81, 82), (94, 96), (77, 84), (76, 82), (87, 91), (79, 93), (3, 57), (96, 106), (79, 97), (89, 102), (89, 108), (72, 97), (102, 112), (49, 93))
((7, 15), (23, 31), (18, 26), (19, 27), (15, 31), (2, 17), (10, 26), (4, 35), (33, 34), (0, 32), (12, 32), (9, 34), (8, 41), (11, 35), (4, 20), (1, 44), (27, 36), (12, 28), (22, 30), (33, 39), (20, 28), (6, 22), (1, 43), (13, 21), (48, 52), (49, 51), (5, 29), (16, 44), (24, 59), (32, 45), (2, 61), (23, 50), (3, 45), (9, 25), (17, 65), (3, 48), (13, 52), (36, 59), (5, 21), (46, 70), (32, 63), (33, 72), (37, 43), (14, 55), (38, 67), (44, 66), (19, 40), (14, 53), (10, 54), (64, 78), (58, 68), (30, 79), (54, 66), (76, 78), (49, 82), (33, 60), (42, 67), (16, 87), (65, 87), (10, 62), (50, 70), (55, 86), (71, 86), (36, 83), (76, 91), (41, 69), (58, 79), (63, 95), (84, 97), (75, 92), (11, 56), (68, 71), (40, 100), (92, 98), (75, 83), (46, 88), (90, 104), (32, 89), (51, 102), (37, 38), (0, 60), (53, 72), (47, 90), (25, 111), (84, 111), (88, 102), (95, 113), (97, 109))
((23, 31), (2, 10), (16, 32), (9, 25), (0, 32), (1, 25), (7, 15), (5, 21), (26, 37), (14, 30), (11, 27), (13, 21), (10, 18), (15, 31), (3, 11), (33, 38), (41, 45), (42, 47), (4, 20), (45, 50), (24, 34), (17, 52), (35, 53), (18, 26), (46, 55), (35, 44), (37, 45), (45, 52), (4, 12), (33, 40), (22, 43), (20, 28), (55, 61), (6, 30), (14, 22), (7, 66), (48, 67), (32, 67), (29, 60), (43, 70), (39, 41), (42, 51), (38, 46), (12, 74), (63, 75), (73, 75), (8, 24), (36, 78), (58, 78), (1, 17), (54, 81), (0, 59), (62, 72), (5, 29), (6, 85), (72, 86), (62, 65), (19, 49), (23, 65), (38, 90), (48, 90), (61, 81), (57, 93), (66, 86), (39, 50), (70, 96), (53, 80), (40, 57), (13, 63), (96, 100), (85, 100), (38, 79), (59, 103), (27, 32), (56, 105), (16, 103), (54, 107), (36, 107), (80, 108), (19, 105), (28, 111), (60, 112), (73, 112), (45, 111), (44, 115), (3, 116), (106, 116), (47, 118))
((18, 26), (9, 32), (20, 28), (13, 34), (15, 31), (27, 36), (23, 31), (32, 38), (19, 39), (22, 30), (7, 15), (23, 41), (6, 22), (0, 42), (8, 45), (16, 46), (9, 25), (24, 47), (38, 49), (48, 50), (17, 48), (5, 29), (42, 43), (44, 54), (10, 26), (3, 37), (56, 57), (1, 33), (2, 17), (19, 27), (38, 61), (56, 60), (25, 63), (4, 62), (12, 28), (65, 66), (11, 61), (46, 52), (14, 44), (30, 70), (36, 71), (36, 47), (45, 73), (52, 59), (74, 75), (39, 76), (5, 21), (4, 20), (78, 79), (11, 37), (34, 81), (65, 82), (46, 51), (13, 21), (14, 85), (35, 53), (66, 87), (33, 60), (80, 88), (16, 42), (50, 91), (2, 68), (42, 93), (10, 94), (85, 88), (40, 58), (58, 95), (41, 78), (42, 57), (12, 100), (82, 101), (53, 70), (1, 84), (55, 72), (79, 101), (3, 40), (68, 107), (35, 80), (86, 99), (51, 77), (10, 59), (43, 72), (71, 86), (63, 75), (0, 49), (99, 103), (38, 54), (74, 92))
((15, 23), (7, 23), (16, 24), (33, 34), (8, 35), (32, 36), (9, 25), (17, 38), (0, 32), (34, 40), (36, 41), (39, 42), (10, 18), (1, 25), (26, 45), (44, 46), (38, 47), (11, 19), (3, 19), (33, 50), (2, 18), (51, 52), (49, 53), (27, 50), (32, 44), (55, 56), (54, 57), (20, 28), (51, 59), (12, 49), (32, 61), (60, 62), (13, 29), (21, 59), (64, 65), (4, 20), (12, 67), (28, 68), (66, 69), (22, 30), (5, 13), (14, 72), (71, 73), (6, 14), (31, 75), (32, 76), (16, 37), (7, 31), (78, 79), (45, 80), (17, 35), (79, 82), (81, 83), (1, 39), (52, 85), (46, 86), (62, 69), (67, 72), (70, 89), (5, 21), (74, 91), (75, 92), (6, 22), (33, 94), (76, 95), (40, 80), (83, 85), (48, 86), (27, 79), (2, 26), (100, 101), (54, 102), (3, 68), (100, 104), (60, 105), (66, 91), (64, 94), (92, 108), (15, 71), (79, 110), (35, 97), (43, 81), (47, 101), (11, 55), (102, 115), (65, 89), (73, 108), (95, 110))
((10, 26), (19, 27), (4, 33), (12, 28), (15, 31), (11, 33), (23, 31), (6, 22), (20, 28), (5, 29), (13, 21), (14, 39), (5, 21), (7, 15), (22, 30), (9, 25), (12, 45), (44, 46), (0, 45), (41, 43), (2, 17), (49, 51), (4, 20), (32, 52), (23, 46), (3, 37), (27, 36), (34, 38), (3, 58), (14, 42), (18, 26), (17, 47), (25, 55), (30, 43), (44, 54), (61, 65), (32, 60), (37, 45), (8, 50), (35, 59), (13, 40), (16, 70), (36, 65), (38, 62), (24, 73), (40, 58), (48, 60), (54, 78), (36, 73), (2, 69), (45, 56), (41, 72), (50, 80), (66, 72), (0, 76), (56, 74), (39, 82), (19, 75), (57, 89), (74, 88), (63, 70), (11, 77), (49, 61), (78, 93), (59, 93), (9, 62), (1, 70), (10, 81), (38, 82), (52, 97), (68, 89), (1, 97), (10, 103), (38, 76), (35, 83), (68, 99), (66, 106), (47, 105), (63, 103), (84, 110), (42, 106), (98, 109), (16, 105), (75, 111), (45, 114), (84, 116), (55, 110), (109, 115))
((7, 15), (0, 32), (8, 33), (16, 34), (18, 26), (15, 31), (27, 37), (6, 22), (23, 31), (14, 39), (19, 27), (22, 30), (20, 28), (3, 38), (10, 26), (13, 21), (30, 41), (12, 28), (24, 35), (5, 29), (37, 48), (14, 47), (9, 36), (35, 37), (13, 44), (51, 56), (49, 57), (47, 58), (45, 46), (11, 42), (33, 55), (41, 51), (36, 40), (40, 50), (32, 45), (12, 66), (9, 25), (17, 68), (34, 69), (65, 68), (1, 71), (34, 72), (1, 54), (10, 74), (69, 74), (62, 64), (76, 77), (11, 38), (44, 79), (67, 80), (16, 65), (32, 82), (62, 83), (48, 53), (23, 43), (52, 86), (32, 86), (39, 88), (52, 89), (40, 88), (19, 64), (60, 92), (3, 61), (92, 94), (4, 42), (40, 96), (49, 97), (80, 97), (71, 78), (0, 50), (4, 20), (67, 102), (5, 21), (43, 104), (63, 105), (53, 105), (102, 104), (58, 108), (56, 108), (2, 17), (54, 111), (46, 111), (25, 113), (76, 113), (2, 10), (61, 116), (32, 117), (60, 118))
((18, 26), (5, 21), (20, 28), (9, 32), (7, 15), (13, 21), (1, 35), (19, 27), (6, 22), (15, 31), (9, 25), (11, 39), (12, 28), (2, 17), (22, 30), (23, 31), (27, 41), (3, 48), (23, 46), (12, 36), (5, 29), (4, 39), (17, 42), (4, 20), (32, 47), (36, 50), (33, 55), (35, 45), (33, 46), (47, 53), (47, 57), (10, 26), (13, 34), (36, 43), (45, 63), (14, 40), (52, 64), (25, 66), (0, 36), (40, 57), (2, 65), (30, 67), (3, 43), (44, 61), (14, 37), (58, 64), (52, 67), (60, 76), (34, 48), (60, 78), (19, 56), (10, 72), (11, 80), (61, 84), (49, 51), (8, 70), (41, 73), (74, 82), (54, 87), (10, 38), (1, 87), (16, 87), (84, 86), (44, 68), (49, 63), (50, 88), (37, 95), (41, 93), (70, 99), (24, 93), (71, 88), (38, 54), (100, 103), (73, 76), (0, 101), (66, 103), (56, 104), (55, 86), (47, 101), (58, 95), (83, 96), (16, 110), (82, 96), (36, 113), (42, 110), (108, 116), (92, 116), (100, 115))
((23, 31), (27, 32), (15, 23), (2, 18), (17, 35), (11, 33), (12, 28), (20, 38), (7, 31), (9, 36), (1, 41), (0, 24), (21, 29), (32, 43), (14, 44), (19, 33), (20, 47), (16, 34), (8, 49), (10, 19), (6, 30), (4, 28), (34, 37), (53, 54), (18, 54), (51, 56), (35, 40), (42, 58), (13, 53), (18, 26), (57, 58), (13, 29), (10, 36), (4, 39), (31, 52), (26, 41), (47, 58), (48, 55), (6, 22), (32, 70), (38, 44), (0, 50), (45, 73), (40, 74), (60, 72), (43, 59), (14, 22), (15, 78), (71, 79), (61, 64), (42, 81), (25, 81), (8, 45), (5, 21), (60, 85), (65, 86), (72, 87), (63, 87), (70, 85), (43, 49), (46, 90), (34, 40), (73, 93), (79, 93), (66, 93), (71, 96), (1, 25), (17, 98), (64, 99), (50, 99), (16, 98), (74, 102), (77, 103), (3, 37), (61, 105), (68, 106), (27, 105), (57, 108), (93, 108), (39, 110), (55, 111), (48, 65), (46, 52), (63, 114), (78, 115), (90, 115), (9, 103), (50, 118))
((23, 31), (2, 10), (16, 24), (9, 25), (0, 32), (1, 25), (7, 15), (5, 21), (26, 37), (14, 30), (11, 27), (13, 21), (10, 18), (15, 31), (3, 11), (33, 38), (41, 45), (42, 47), (4, 20), (45, 50), (32, 34), (17, 52), (35, 53), (18, 26), (46, 55), (35, 44), (37, 45), (45, 52), (4, 12), (33, 40), (22, 43), (20, 28), (55, 61), (6, 30), (14, 22), (7, 66), (48, 67), (32, 67), (29, 60), (43, 70), (39, 41), (42, 51), (12, 38), (46, 74), (63, 75), (73, 75), (8, 24), (36, 78), (58, 78), (1, 17), (54, 81), (0, 59), (62, 72), (5, 29), (6, 85), (72, 86), (62, 65), (19, 49), (23, 65), (38, 90), (48, 90), (61, 81), (57, 93), (66, 86), (39, 50), (70, 96), (53, 80), (40, 57), (13, 63), (96, 100), (85, 100), (38, 79), (59, 103), (27, 32), (56, 105), (16, 103), (54, 107), (36, 107), (80, 108), (19, 105), (28, 111), (60, 112), (73, 112), (44, 45), (111, 115), (3, 116), (106, 116), (47, 118))
((7, 15), (0, 32), (8, 33), (16, 34), (18, 26), (15, 31), (27, 37), (6, 22), (23, 31), (14, 39), (19, 27), (22, 30), (20, 28), (3, 38), (10, 26), (13, 21), (12, 28), (24, 35), (35, 37), (13, 44), (11, 42), (9, 25), (23, 43), (5, 21), (14, 47), (5, 29), (2, 10), (40, 49), (36, 40), (17, 53), (3, 52), (4, 20), (0, 49), (4, 42), (32, 54), (45, 46), (51, 57), (41, 57), (38, 44), (30, 41), (33, 50), (2, 17), (1, 34), (43, 55), (9, 36), (40, 66), (12, 32), (34, 61), (73, 76), (56, 75), (56, 71), (69, 75), (39, 66), (37, 71), (84, 85), (54, 85), (19, 60), (67, 88), (62, 88), (45, 78), (63, 91), (46, 73), (25, 93), (32, 52), (48, 68), (11, 70), (16, 59), (1, 76), (53, 59), (40, 65), (47, 96), (10, 99), (58, 95), (32, 98), (72, 105), (74, 100), (91, 97), (67, 104), (97, 101), (48, 101), (55, 63), (96, 112), (51, 112), (61, 99), (93, 115), (72, 115), (60, 117), (100, 118))
((7, 15), (18, 26), (15, 31), (6, 22), (23, 31), (19, 27), (22, 30), (20, 28), (10, 26), (13, 21), (12, 28), (5, 29), (9, 25), (4, 20), (5, 21), (2, 17), (2, 10), (0, 32), (27, 34), (14, 35), (14, 41), (9, 33), (13, 39), (11, 37), (33, 36), (12, 32), (17, 44), (23, 38), (4, 37), (38, 46), (45, 46), (40, 47), (16, 32), (11, 39), (32, 48), (8, 49), (3, 50), (30, 51), (43, 54), (43, 51), (1, 53), (32, 59), (19, 56), (3, 55), (36, 60), (52, 61), (54, 62), (47, 53), (25, 63), (50, 65), (55, 66), (16, 67), (1, 67), (34, 69), (42, 70), (40, 68), (57, 68), (58, 67), (10, 72), (58, 72), (52, 69), (35, 73), (36, 73), (74, 75), (42, 76), (61, 71), (76, 81), (24, 83), (34, 83), (41, 86), (81, 88), (59, 85), (85, 93), (74, 87), (45, 88), (62, 86), (63, 91), (82, 87), (56, 91), (49, 100), (36, 99), (0, 99), (44, 112), (64, 112), (110, 111), (84, 114), (111, 115), (114, 116))
((7, 15), (0, 32), (8, 33), (16, 34), (18, 26), (15, 31), (27, 37), (6, 22), (23, 31), (14, 39), (19, 27), (22, 30), (20, 28), (3, 38), (10, 26), (13, 21), (30, 41), (12, 28), (24, 35), (5, 29), (1, 34), (37, 48), (14, 47), (9, 36), (35, 37), (13, 44), (51, 57), (49, 58), (47, 59), (45, 46), (11, 42), (33, 56), (41, 51), (36, 40), (40, 50), (12, 32), (45, 67), (9, 25), (17, 69), (34, 70), (66, 69), (52, 72), (1, 55), (10, 74), (70, 74), (63, 76), (65, 77), (38, 44), (11, 79), (68, 80), (16, 66), (32, 82), (63, 83), (48, 54), (23, 43), (53, 86), (32, 86), (39, 88), (53, 89), (40, 88), (32, 62), (19, 65), (61, 93), (3, 62), (93, 95), (4, 42), (40, 97), (49, 98), (80, 98), (72, 78), (0, 50), (4, 20), (68, 103), (5, 21), (43, 105), (64, 106), (54, 106), (103, 105), (59, 109), (57, 109), (2, 17), (55, 112), (46, 112), (25, 114), (76, 114), (2, 92), (10, 117), (61, 118))
((7, 15), (0, 32), (8, 33), (16, 34), (18, 26), (15, 31), (27, 37), (6, 22), (23, 31), (14, 39), (19, 27), (22, 30), (20, 28), (3, 38), (10, 26), (13, 21), (30, 41), (12, 28), (24, 35), (5, 29), (1, 34), (37, 48), (14, 47), (9, 36), (35, 37), (13, 44), (51, 57), (49, 58), (47, 59), (45, 46), (11, 42), (33, 56), (41, 51), (36, 40), (40, 50), (12, 32), (45, 67), (9, 25), (17, 69), (34, 70), (66, 69), (52, 72), (1, 55), (10, 74), (70, 74), (63, 76), (65, 77), (38, 44), (11, 79), (68, 80), (16, 66), (32, 82), (63, 83), (48, 54), (23, 43), (53, 86), (32, 86), (39, 88), (53, 89), (40, 88), (32, 62), (19, 65), (61, 93), (3, 62), (93, 95), (4, 42), (40, 97), (49, 98), (80, 98), (72, 78), (0, 50), (4, 20), (68, 103), (5, 21), (43, 105), (64, 106), (54, 106), (103, 105), (59, 109), (57, 109), (2, 17), (55, 112), (46, 112), (25, 114), (76, 114), (2, 92), (10, 117), (61, 118))
((7, 15), (0, 32), (8, 33), (16, 34), (18, 26), (15, 31), (27, 37), (6, 22), (23, 31), (14, 39), (19, 27), (22, 30), (20, 28), (3, 38), (10, 26), (13, 21), (30, 41), (12, 28), (24, 35), (5, 29), (1, 34), (37, 48), (14, 47), (9, 36), (35, 37), (13, 44), (51, 57), (49, 58), (47, 59), (45, 46), (11, 42), (33, 56), (41, 51), (36, 40), (40, 50), (12, 32), (45, 67), (9, 25), (17, 69), (34, 70), (66, 69), (52, 72), (1, 55), (10, 74), (70, 74), (63, 76), (65, 77), (38, 44), (11, 79), (68, 80), (16, 66), (32, 82), (63, 83), (48, 54), (23, 43), (53, 86), (32, 86), (39, 88), (53, 89), (40, 88), (32, 62), (19, 65), (61, 93), (3, 62), (93, 95), (4, 42), (40, 97), (49, 98), (80, 98), (72, 78), (0, 50), (4, 20), (68, 103), (5, 21), (43, 105), (64, 106), (54, 106), (103, 105), (59, 109), (57, 109), (2, 17), (55, 112), (46, 112), (25, 114), (76, 114), (2, 92), (10, 117), (61, 118))
((7, 15), (0, 32), (8, 33), (16, 34), (18, 26), (15, 31), (27, 37), (6, 22), (23, 31), (14, 39), (19, 27), (22, 30), (20, 28), (3, 38), (10, 26), (13, 21), (30, 41), (12, 28), (24, 35), (5, 29), (1, 34), (37, 48), (14, 47), (9, 36), (35, 37), (13, 44), (51, 57), (49, 58), (47, 59), (45, 46), (11, 42), (33, 56), (41, 51), (36, 40), (40, 50), (12, 32), (45, 67), (9, 25), (17, 69), (34, 70), (66, 69), (52, 72), (1, 55), (10, 74), (70, 74), (63, 76), (65, 77), (38, 44), (11, 79), (68, 80), (16, 66), (32, 82), (63, 83), (48, 54), (23, 43), (53, 86), (32, 86), (39, 88), (53, 89), (40, 88), (32, 62), (19, 65), (61, 93), (3, 62), (93, 95), (4, 42), (40, 97), (49, 98), (80, 98), (72, 78), (0, 50), (4, 20), (68, 103), (5, 21), (43, 105), (64, 106), (54, 106), (103, 105), (59, 109), (57, 109), (2, 17), (55, 112), (46, 112), (25, 114), (76, 114), (2, 92), (10, 117), (61, 118))
((7, 15), (0, 32), (8, 33), (16, 34), (18, 26), (15, 31), (27, 37), (6, 22), (23, 31), (14, 39), (19, 27), (22, 30), (20, 28), (3, 38), (10, 26), (13, 21), (30, 41), (12, 28), (24, 35), (5, 29), (1, 34), (37, 48), (14, 47), (9, 36), (35, 37), (13, 44), (51, 57), (49, 58), (47, 59), (45, 46), (11, 42), (33, 56), (41, 51), (36, 40), (40, 50), (12, 32), (45, 67), (9, 25), (17, 69), (34, 70), (66, 69), (52, 72), (1, 55), (10, 74), (70, 74), (63, 76), (65, 77), (38, 44), (11, 79), (68, 80), (16, 66), (32, 82), (63, 83), (48, 54), (23, 43), (53, 86), (32, 86), (39, 88), (53, 89), (40, 88), (32, 62), (19, 65), (61, 93), (3, 62), (93, 95), (4, 42), (40, 97), (49, 98), (80, 98), (72, 78), (0, 50), (4, 20), (68, 103), (5, 21), (43, 105), (64, 106), (54, 106), (103, 105), (59, 109), (57, 109), (2, 17), (55, 112), (46, 112), (25, 114), (76, 114), (2, 92), (10, 117), (61, 118))
((23, 31), (2, 10), (16, 24), (9, 25), (0, 32), (1, 25), (7, 15), (5, 21), (26, 37), (14, 30), (11, 27), (13, 21), (10, 18), (15, 31), (3, 11), (33, 38), (41, 45), (19, 42), (4, 20), (42, 45), (32, 34), (17, 52), (35, 53), (18, 26), (46, 55), (35, 44), (37, 45), (45, 52), (4, 12), (33, 40), (22, 43), (20, 28), (55, 61), (6, 30), (14, 22), (7, 66), (48, 67), (32, 67), (29, 60), (43, 70), (39, 41), (50, 51), (12, 46), (38, 74), (63, 75), (73, 75), (8, 24), (36, 78), (58, 78), (1, 17), (54, 81), (0, 59), (62, 72), (5, 29), (6, 85), (72, 86), (62, 65), (47, 49), (23, 65), (38, 90), (48, 90), (61, 81), (57, 93), (66, 86), (39, 50), (70, 96), (53, 80), (40, 57), (13, 63), (96, 100), (85, 100), (38, 79), (59, 103), (27, 32), (56, 105), (16, 103), (54, 107), (36, 107), (80, 108), (19, 105), (28, 111), (60, 112), (73, 112), (44, 111), (45, 115), (3, 116), (47, 116), (106, 118))
((0, 24), (15, 31), (32, 33), (2, 10), (7, 31), (26, 35), (15, 23), (11, 27), (33, 39), (10, 18), (5, 13), (3, 39), (11, 19), (38, 44), (30, 42), (17, 25), (1, 8), (14, 22), (9, 25), (41, 50), (35, 40), (36, 52), (18, 37), (16, 38), (12, 28), (6, 22), (4, 12), (3, 36), (38, 54), (23, 49), (5, 21), (56, 62), (57, 62), (46, 64), (20, 28), (8, 34), (38, 67), (17, 36), (32, 69), (1, 9), (40, 56), (41, 45), (43, 73), (21, 29), (14, 75), (64, 76), (48, 55), (47, 78), (37, 47), (59, 60), (73, 81), (53, 81), (33, 57), (61, 84), (32, 55), (13, 58), (75, 87), (63, 87), (19, 53), (29, 66), (63, 91), (4, 45), (66, 93), (72, 93), (70, 71), (51, 80), (36, 61), (46, 49), (2, 71), (54, 100), (51, 100), (0, 67), (50, 103), (78, 104), (70, 104), (16, 103), (36, 107), (34, 108), (20, 27), (59, 110), (72, 111), (58, 111), (6, 30), (76, 114), (7, 114), (84, 116), (38, 116), (42, 91))
((18, 26), (5, 21), (6, 22), (15, 31), (2, 17), (4, 20), (7, 15), (5, 29), (22, 30), (0, 38), (14, 34), (8, 41), (19, 27), (13, 21), (14, 45), (9, 25), (11, 44), (4, 44), (10, 26), (20, 28), (33, 37), (3, 48), (30, 42), (9, 32), (13, 51), (27, 35), (38, 48), (23, 40), (16, 43), (51, 57), (39, 42), (46, 54), (36, 55), (12, 28), (33, 40), (2, 58), (1, 43), (36, 50), (25, 69), (1, 55), (23, 31), (32, 72), (17, 47), (38, 59), (35, 60), (3, 57), (35, 54), (10, 67), (39, 56), (12, 38), (43, 74), (59, 78), (77, 81), (24, 60), (65, 80), (72, 85), (49, 72), (47, 87), (65, 88), (52, 56), (0, 85), (72, 75), (41, 76), (16, 87), (38, 95), (71, 74), (37, 84), (34, 75), (11, 61), (69, 97), (84, 100), (88, 100), (45, 86), (94, 96), (52, 86), (46, 66), (50, 77), (19, 73), (78, 99), (108, 109), (79, 108), (68, 89), (94, 97), (73, 114), (62, 66), (89, 115), (10, 71), (53, 109))
((7, 15), (0, 32), (8, 33), (16, 34), (18, 26), (15, 31), (27, 37), (6, 22), (23, 31), (14, 39), (19, 27), (22, 30), (20, 28), (3, 38), (32, 45), (10, 26), (13, 21), (30, 41), (12, 28), (24, 35), (5, 29), (1, 34), (37, 49), (14, 48), (9, 36), (35, 37), (13, 44), (52, 58), (50, 59), (48, 60), (45, 47), (11, 42), (33, 57), (41, 52), (36, 40), (40, 51), (12, 46), (9, 25), (17, 69), (34, 70), (67, 69), (53, 72), (1, 56), (10, 74), (70, 74), (64, 76), (66, 77), (38, 44), (11, 79), (68, 80), (16, 67), (32, 82), (64, 83), (49, 55), (23, 43), (54, 86), (32, 86), (39, 88), (54, 89), (40, 88), (32, 63), (19, 66), (62, 93), (3, 63), (93, 95), (4, 42), (40, 97), (50, 98), (80, 98), (72, 78), (0, 51), (4, 20), (68, 103), (5, 21), (43, 105), (65, 106), (55, 106), (103, 105), (60, 109), (58, 109), (2, 17), (56, 112), (47, 112), (25, 114), (76, 114), (2, 92), (10, 117), (62, 118))
((7, 15), (0, 32), (22, 30), (8, 33), (23, 31), (15, 31), (16, 35), (9, 25), (24, 38), (36, 40), (27, 37), (16, 41), (3, 42), (10, 26), (23, 34), (39, 41), (20, 28), (42, 48), (12, 32), (5, 21), (34, 51), (19, 27), (18, 26), (9, 54), (1, 55), (10, 56), (36, 54), (11, 53), (32, 59), (3, 59), (1, 35), (47, 62), (0, 40), (19, 58), (61, 65), (13, 21), (32, 46), (13, 48), (5, 29), (69, 70), (12, 28), (71, 72), (67, 73), (37, 38), (33, 75), (36, 68), (11, 49), (6, 22), (14, 79), (70, 80), (52, 81), (30, 80), (37, 83), (46, 84), (32, 43), (76, 86), (14, 67), (52, 88), (83, 88), (4, 53), (36, 91), (78, 92), (72, 92), (2, 17), (55, 95), (45, 95), (25, 97), (2, 60), (10, 99), (44, 45), (65, 101), (100, 101), (17, 39), (35, 104), (56, 104), (97, 106), (76, 106), (58, 108), (47, 109), (68, 79), (84, 111), (44, 50), (78, 113), (4, 20), (113, 115), (51, 115), (73, 117), (69, 117))
((4, 20), (7, 15), (22, 30), (5, 21), (20, 28), (6, 22), (13, 21), (19, 27), (2, 17), (18, 26), (10, 26), (9, 25), (15, 31), (23, 31), (5, 29), (12, 28), (16, 33), (0, 33), (12, 33), (10, 33), (23, 34), (34, 35), (32, 35), (13, 36), (14, 37), (14, 38), (39, 45), (11, 39), (9, 41), (40, 42), (17, 43), (27, 44), (41, 45), (8, 49), (33, 52), (46, 55), (54, 55), (30, 56), (46, 56), (53, 57), (4, 58), (2, 51), (3, 59), (40, 60), (1, 60), (25, 61), (11, 36), (3, 63), (19, 64), (16, 65), (62, 65), (1, 65), (37, 66), (45, 66), (47, 67), (44, 69), (57, 69), (53, 70), (47, 72), (59, 73), (62, 76), (10, 76), (63, 78), (42, 79), (50, 79), (74, 80), (24, 81), (44, 81), (54, 86), (38, 86), (84, 87), (52, 87), (61, 92), (72, 94), (80, 95), (91, 95), (32, 96), (94, 96), (0, 98), (45, 98), (49, 99), (43, 111), (48, 111), (64, 112), (83, 113), (112, 114), (92, 115), (113, 118))
((7, 15), (0, 32), (8, 33), (16, 34), (18, 26), (15, 31), (27, 37), (6, 22), (23, 31), (14, 39), (19, 27), (22, 30), (20, 28), (3, 38), (10, 26), (13, 21), (30, 41), (12, 28), (24, 35), (5, 29), (1, 34), (37, 48), (14, 47), (9, 36), (35, 37), (13, 44), (51, 57), (49, 58), (47, 59), (45, 46), (11, 42), (33, 56), (41, 51), (36, 40), (40, 50), (12, 32), (45, 67), (9, 25), (17, 69), (34, 70), (66, 69), (52, 72), (1, 55), (10, 74), (70, 74), (63, 76), (65, 77), (38, 44), (11, 79), (68, 80), (16, 66), (32, 82), (63, 83), (48, 54), (23, 43), (53, 86), (32, 86), (39, 88), (53, 89), (40, 88), (32, 62), (19, 65), (61, 93), (3, 62), (93, 95), (4, 42), (40, 97), (49, 98), (80, 98), (72, 78), (0, 50), (4, 20), (68, 103), (5, 21), (43, 105), (64, 106), (54, 106), (103, 105), (59, 109), (57, 109), (2, 17), (55, 112), (46, 112), (25, 114), (76, 114), (2, 92), (10, 117), (61, 118))
((7, 15), (0, 32), (8, 33), (16, 34), (18, 26), (15, 31), (27, 37), (6, 22), (23, 31), (14, 39), (19, 27), (22, 30), (20, 28), (3, 38), (10, 26), (13, 21), (30, 41), (12, 28), (24, 35), (5, 29), (1, 34), (37, 48), (14, 47), (9, 36), (35, 37), (13, 44), (51, 57), (49, 58), (47, 59), (45, 46), (11, 42), (33, 56), (41, 51), (36, 40), (40, 50), (12, 32), (45, 67), (9, 25), (17, 69), (34, 70), (66, 69), (52, 72), (1, 55), (10, 74), (70, 74), (63, 76), (65, 77), (38, 44), (11, 79), (68, 80), (16, 66), (32, 82), (63, 83), (48, 54), (23, 43), (53, 86), (32, 86), (39, 88), (53, 89), (40, 88), (32, 62), (19, 65), (61, 93), (3, 62), (93, 95), (4, 42), (40, 97), (49, 98), (80, 98), (72, 78), (0, 50), (4, 20), (68, 103), (5, 21), (43, 105), (64, 106), (54, 106), (103, 105), (59, 109), (57, 109), (2, 17), (55, 112), (46, 112), (25, 114), (76, 114), (2, 92), (10, 117), (61, 118))
((7, 15), (9, 25), (18, 26), (19, 27), (15, 31), (20, 28), (12, 28), (5, 29), (4, 20), (5, 21), (13, 21), (22, 30), (6, 22), (23, 31), (2, 17), (10, 26), (0, 32), (17, 33), (9, 34), (11, 35), (27, 36), (12, 32), (13, 37), (40, 41), (14, 42), (41, 43), (14, 44), (23, 43), (34, 45), (4, 35), (46, 47), (8, 48), (1, 50), (32, 51), (3, 52), (37, 52), (39, 54), (56, 57), (30, 58), (46, 50), (19, 60), (45, 61), (32, 59), (25, 62), (3, 51), (39, 58), (54, 55), (16, 63), (49, 63), (10, 64), (2, 65), (53, 66), (11, 67), (38, 68), (36, 70), (49, 64), (47, 66), (56, 70), (44, 74), (1, 63), (72, 76), (38, 73), (57, 77), (45, 74), (24, 79), (10, 82), (83, 84), (55, 85), (59, 86), (36, 79), (72, 88), (73, 84), (42, 85), (86, 90), (62, 87), (40, 83), (0, 96), (48, 101), (45, 96), (88, 97), (16, 110), (87, 109), (33, 110), (32, 112), (60, 113), (91, 114), (109, 115), (114, 116))
((9, 25), (13, 21), (20, 28), (22, 30), (2, 17), (15, 31), (13, 34), (17, 32), (14, 33), (5, 21), (27, 37), (3, 42), (12, 28), (5, 29), (23, 31), (4, 20), (10, 26), (18, 26), (43, 48), (36, 48), (46, 49), (9, 49), (41, 47), (1, 53), (38, 54), (35, 41), (7, 15), (10, 55), (19, 52), (43, 58), (34, 42), (25, 51), (50, 60), (0, 58), (19, 27), (36, 53), (11, 62), (38, 45), (11, 66), (39, 55), (12, 61), (47, 72), (40, 57), (68, 72), (58, 70), (10, 76), (51, 71), (46, 66), (4, 79), (68, 80), (6, 22), (8, 65), (39, 83), (44, 80), (23, 35), (58, 86), (16, 83), (24, 88), (0, 89), (44, 69), (82, 87), (46, 87), (37, 88), (14, 82), (65, 94), (54, 91), (45, 95), (57, 98), (46, 89), (2, 77), (50, 101), (30, 95), (32, 100), (71, 96), (52, 105), (40, 103), (37, 103), (60, 70), (3, 109), (16, 100), (33, 91), (104, 106), (83, 104), (92, 108), (86, 108), (58, 111), (1, 114), (96, 117))
((7, 15), (0, 32), (8, 33), (16, 34), (18, 26), (15, 31), (27, 37), (6, 22), (23, 31), (14, 39), (19, 27), (22, 30), (20, 28), (3, 38), (10, 26), (13, 21), (30, 41), (12, 28), (24, 35), (5, 29), (37, 48), (14, 47), (9, 36), (35, 37), (13, 44), (51, 56), (49, 57), (45, 46), (11, 42), (33, 55), (36, 40), (40, 50), (12, 32), (45, 64), (9, 25), (17, 66), (63, 66), (1, 54), (67, 69), (38, 44), (11, 71), (23, 43), (32, 73), (19, 62), (4, 42), (40, 76), (4, 20), (5, 21), (43, 79), (2, 17), (32, 60), (78, 79), (32, 63), (46, 81), (10, 82), (62, 70), (34, 67), (2, 86), (48, 53), (58, 83), (3, 75), (34, 68), (16, 84), (61, 87), (61, 94), (39, 74), (52, 97), (47, 58), (54, 81), (59, 89), (53, 80), (65, 78), (59, 75), (68, 95), (25, 85), (41, 51), (80, 107), (72, 77), (60, 92), (1, 93), (40, 74), (52, 73), (10, 69), (0, 50), (56, 83), (49, 77), (70, 85), (65, 72))
((7, 15), (0, 32), (8, 33), (16, 34), (18, 26), (15, 31), (27, 37), (6, 22), (23, 31), (14, 39), (19, 27), (24, 35), (22, 30), (20, 28), (3, 38), (10, 26), (35, 37), (13, 21), (30, 41), (12, 28), (5, 29), (1, 34), (37, 50), (14, 49), (9, 36), (13, 45), (52, 57), (51, 58), (49, 59), (46, 47), (11, 42), (33, 48), (41, 52), (36, 40), (40, 43), (12, 32), (46, 67), (9, 25), (17, 69), (34, 70), (66, 69), (53, 72), (1, 56), (10, 74), (70, 74), (63, 76), (65, 77), (38, 45), (11, 79), (68, 80), (16, 66), (32, 82), (63, 83), (50, 55), (23, 44), (54, 86), (32, 86), (39, 88), (54, 89), (40, 88), (32, 62), (19, 65), (61, 93), (3, 62), (93, 95), (4, 42), (40, 97), (51, 98), (80, 98), (72, 78), (0, 43), (4, 20), (68, 103), (5, 21), (103, 105), (44, 105), (64, 107), (55, 107), (59, 106), (57, 106), (2, 17), (56, 112), (47, 112), (25, 114), (76, 114), (2, 92), (10, 117), (61, 118))
((7, 15), (0, 32), (8, 33), (16, 34), (18, 26), (15, 31), (27, 37), (6, 22), (23, 31), (4, 40), (14, 39), (19, 27), (22, 30), (20, 28), (11, 45), (3, 38), (12, 47), (10, 26), (13, 21), (30, 42), (12, 28), (24, 35), (5, 29), (1, 34), (37, 51), (14, 50), (9, 36), (35, 37), (13, 45), (54, 60), (52, 61), (50, 62), (47, 49), (11, 43), (33, 59), (42, 54), (36, 40), (40, 53), (32, 48), (9, 25), (17, 71), (34, 72), (69, 71), (55, 74), (1, 58), (10, 76), (72, 76), (66, 78), (68, 79), (38, 46), (70, 81), (16, 69), (32, 83), (66, 84), (51, 57), (23, 44), (56, 87), (32, 87), (39, 89), (56, 90), (40, 89), (32, 65), (19, 68), (64, 94), (3, 65), (94, 96), (41, 43), (52, 98), (81, 98), (74, 80), (0, 53), (4, 20), (70, 103), (5, 21), (44, 105), (67, 106), (57, 106), (103, 105), (62, 109), (60, 109), (2, 17), (58, 112), (49, 112), (25, 114), (78, 114), (2, 93), (10, 117), (64, 118))
((7, 15), (0, 32), (8, 33), (16, 34), (18, 26), (15, 31), (27, 37), (6, 22), (23, 31), (14, 39), (19, 27), (22, 30), (20, 28), (11, 44), (3, 38), (12, 46), (10, 26), (13, 21), (30, 41), (12, 28), (24, 35), (5, 29), (37, 50), (14, 49), (9, 36), (35, 37), (13, 44), (53, 58), (51, 59), (49, 60), (46, 48), (11, 42), (33, 57), (41, 53), (36, 40), (40, 52), (32, 47), (9, 25), (17, 69), (34, 70), (67, 69), (1, 72), (34, 73), (1, 56), (10, 75), (70, 75), (64, 77), (66, 78), (38, 45), (68, 80), (16, 67), (32, 82), (64, 83), (50, 55), (23, 43), (54, 86), (32, 86), (39, 88), (54, 89), (40, 88), (32, 63), (19, 66), (62, 93), (3, 63), (93, 95), (4, 42), (40, 97), (51, 98), (80, 98), (72, 79), (0, 52), (4, 20), (68, 103), (5, 21), (43, 105), (65, 106), (55, 106), (103, 105), (60, 109), (58, 109), (2, 17), (56, 112), (48, 112), (25, 114), (77, 114), (2, 92), (10, 117), (62, 118))
((23, 31), (12, 28), (7, 15), (0, 34), (8, 35), (16, 36), (18, 26), (15, 31), (27, 39), (6, 22), (14, 41), (19, 27), (22, 30), (20, 28), (3, 40), (9, 25), (10, 26), (13, 21), (30, 42), (24, 37), (5, 29), (1, 36), (39, 50), (14, 49), (9, 38), (37, 39), (13, 45), (52, 58), (33, 59), (49, 60), (46, 48), (11, 43), (35, 57), (42, 52), (32, 38), (32, 51), (12, 34), (46, 68), (17, 47), (36, 70), (47, 67), (53, 72), (1, 56), (5, 21), (23, 44), (34, 76), (32, 77), (4, 20), (2, 17), (41, 77), (3, 63), (50, 55), (10, 74), (40, 45), (0, 51), (19, 66), (4, 43), (34, 63), (54, 76), (69, 79), (54, 81), (75, 79), (48, 80), (70, 74), (2, 89), (64, 95), (66, 97), (94, 95), (11, 85), (69, 100), (72, 98), (16, 67), (34, 103), (32, 88), (64, 104), (44, 75), (10, 96), (33, 105), (62, 87), (82, 87), (100, 105), (25, 94), (65, 107), (55, 107), (60, 93), (58, 93), (56, 80), (62, 108))
((0, 8), (7, 15), (9, 25), (7, 23), (24, 33), (16, 36), (32, 33), (1, 38), (6, 14), (17, 25), (16, 35), (23, 31), (4, 28), (5, 29), (22, 45), (40, 46), (14, 30), (35, 48), (15, 40), (49, 50), (38, 42), (0, 52), (1, 53), (41, 54), (39, 41), (37, 53), (34, 57), (33, 58), (43, 59), (56, 60), (1, 9), (56, 62), (54, 60), (43, 50), (54, 58), (51, 66), (46, 67), (64, 68), (45, 69), (6, 70), (49, 71), (13, 29), (48, 73), (6, 13), (21, 75), (74, 76), (46, 74), (12, 27), (19, 43), (79, 80), (44, 81), (19, 35), (3, 83), (4, 84), (20, 85), (81, 86))
((7, 15), (0, 32), (8, 33), (16, 34), (18, 26), (15, 31), (27, 37), (6, 22), (23, 31), (14, 39), (19, 27), (22, 30), (20, 28), (3, 38), (10, 26), (13, 21), (30, 41), (12, 28), (24, 35), (5, 29), (1, 34), (37, 48), (14, 47), (9, 36), (35, 37), (13, 44), (51, 57), (49, 58), (47, 59), (45, 46), (11, 42), (33, 56), (41, 51), (36, 40), (40, 50), (32, 45), (12, 67), (9, 25), (17, 69), (34, 70), (66, 69), (52, 72), (1, 55), (10, 74), (70, 74), (65, 76), (63, 77), (38, 44), (11, 79), (68, 80), (16, 32), (66, 82), (63, 83), (48, 54), (23, 43), (53, 86), (32, 86), (39, 88), (53, 89), (40, 88), (10, 62), (19, 65), (61, 93), (62, 93), (3, 95), (4, 40), (42, 97), (49, 98), (80, 98), (72, 78), (0, 50), (4, 20), (68, 103), (5, 21), (43, 105), (64, 106), (54, 106), (103, 105), (59, 109), (57, 109), (2, 17), (55, 112), (46, 112), (25, 114), (76, 114), (32, 92), (2, 117), (61, 118))
((7, 15), (0, 32), (8, 33), (16, 34), (18, 26), (15, 31), (27, 37), (6, 22), (23, 31), (14, 39), (19, 27), (22, 30), (20, 28), (3, 38), (10, 26), (13, 21), (30, 41), (12, 28), (24, 35), (5, 29), (1, 34), (37, 48), (14, 47), (9, 36), (35, 37), (13, 44), (51, 57), (49, 58), (47, 59), (45, 46), (11, 42), (33, 56), (41, 51), (36, 40), (40, 50), (12, 32), (45, 67), (9, 25), (17, 69), (34, 70), (66, 69), (52, 72), (1, 55), (10, 74), (70, 74), (63, 65), (76, 77), (38, 44), (11, 79), (68, 80), (32, 66), (16, 82), (63, 83), (48, 54), (23, 43), (53, 86), (32, 86), (39, 88), (53, 89), (40, 88), (32, 62), (19, 65), (61, 93), (3, 62), (93, 95), (4, 40), (42, 97), (49, 98), (80, 98), (72, 78), (0, 50), (4, 20), (68, 103), (5, 21), (43, 105), (64, 106), (54, 106), (103, 105), (59, 109), (57, 109), (2, 17), (55, 112), (46, 112), (25, 114), (76, 114), (10, 92), (2, 117), (61, 118))
((7, 15), (0, 32), (8, 33), (16, 34), (18, 26), (15, 31), (27, 37), (6, 22), (23, 31), (14, 39), (19, 27), (22, 30), (20, 28), (3, 38), (10, 26), (13, 21), (30, 41), (12, 28), (24, 35), (5, 29), (1, 34), (37, 48), (14, 47), (9, 36), (35, 37), (13, 44), (51, 57), (49, 58), (47, 59), (45, 46), (11, 42), (33, 56), (41, 51), (36, 40), (40, 50), (12, 32), (45, 67), (9, 25), (17, 69), (34, 70), (66, 69), (52, 72), (1, 55), (10, 74), (70, 74), (63, 76), (65, 77), (38, 44), (11, 79), (68, 80), (16, 66), (32, 82), (63, 83), (48, 54), (23, 43), (53, 86), (32, 86), (39, 88), (53, 89), (40, 88), (32, 62), (19, 65), (61, 93), (3, 62), (93, 95), (4, 42), (40, 97), (49, 98), (80, 98), (72, 78), (0, 50), (4, 20), (68, 103), (5, 21), (43, 105), (64, 106), (54, 106), (103, 105), (59, 109), (57, 109), (2, 17), (55, 112), (46, 112), (25, 114), (76, 114), (2, 92), (10, 117), (61, 118))
((7, 15), (0, 32), (8, 33), (16, 34), (24, 35), (0, 36), (9, 25), (17, 38), (34, 39), (18, 26), (9, 41), (1, 42), (10, 43), (15, 31), (35, 45), (33, 46), (23, 31), (36, 48), (16, 49), (32, 50), (47, 51), (19, 27), (11, 53), (32, 54), (2, 55), (10, 56), (41, 48), (39, 43), (47, 59), (58, 60), (2, 17), (42, 62), (6, 22), (22, 30), (23, 65), (32, 66), (64, 67), (14, 64), (30, 69), (45, 70), (68, 71), (27, 45), (20, 28), (73, 74), (11, 75), (3, 73), (12, 32), (77, 78), (76, 79), (10, 26), (77, 81), (19, 58), (82, 83), (62, 81), (25, 85), (3, 54), (83, 87), (48, 67), (59, 85), (57, 82), (4, 20), (5, 21), (92, 93), (5, 29), (13, 74), (95, 96), (12, 28), (97, 98), (94, 99), (4, 53), (48, 101), (76, 102), (98, 102), (79, 92), (1, 34), (38, 49), (106, 107), (13, 21), (14, 109), (65, 93), (110, 111), (99, 109), (61, 107), (94, 96), (66, 71), (70, 110), (69, 95), (111, 118))
((10, 26), (4, 12), (13, 21), (4, 20), (5, 29), (23, 31), (29, 33), (34, 38), (14, 30), (20, 28), (19, 27), (37, 42), (13, 41), (36, 44), (0, 8), (2, 18), (10, 18), (6, 36), (28, 43), (33, 50), (9, 17), (1, 17), (46, 52), (6, 30), (5, 21), (43, 48), (48, 53), (3, 11), (24, 46), (37, 60), (40, 56), (49, 62), (35, 56), (38, 64), (44, 64), (26, 52), (58, 67), (47, 67), (15, 31), (8, 70), (16, 61), (71, 72), (23, 55), (22, 34), (62, 75), (55, 75), (40, 70), (74, 78), (11, 70), (25, 53), (7, 23), (47, 82), (14, 22), (49, 84), (72, 82), (24, 86), (57, 80), (83, 88), (59, 88), (7, 84), (37, 91), (78, 91), (9, 81), (72, 81), (54, 95), (7, 15), (74, 97), (25, 97), (54, 99), (59, 97), (69, 94), (58, 102), (32, 102), (27, 80), (12, 101), (41, 106), (32, 105), (35, 105), (50, 109), (106, 109), (90, 108), (42, 112), (83, 112), (60, 71), (87, 115), (95, 115), (94, 99), (115, 118))
((18, 26), (10, 26), (13, 21), (5, 21), (6, 22), (9, 32), (14, 36), (22, 30), (19, 27), (15, 31), (11, 40), (9, 25), (12, 28), (27, 41), (17, 43), (3, 42), (35, 39), (4, 20), (14, 34), (1, 37), (30, 38), (46, 51), (23, 31), (5, 29), (32, 54), (38, 55), (23, 39), (50, 52), (48, 50), (7, 15), (0, 61), (3, 45), (2, 17), (16, 61), (19, 56), (37, 64), (12, 61), (35, 49), (8, 62), (48, 57), (20, 28), (58, 61), (47, 66), (13, 72), (55, 75), (36, 73), (44, 76), (34, 78), (1, 70), (11, 72), (54, 73), (41, 52), (69, 78), (16, 70), (2, 61), (46, 70), (63, 68), (41, 85), (42, 86), (10, 90), (4, 54), (24, 85), (0, 93), (40, 92), (62, 89), (77, 83), (69, 75), (58, 83), (10, 51), (33, 63), (49, 88), (91, 101), (53, 56), (33, 64), (25, 105), (45, 81), (96, 104), (95, 107), (44, 95), (54, 93), (53, 105), (43, 111), (80, 113), (88, 107), (108, 113), (65, 111), (96, 117), (66, 101))
((12, 28), (7, 15), (23, 31), (10, 26), (6, 22), (18, 26), (9, 37), (2, 10), (9, 25), (5, 29), (15, 31), (34, 37), (4, 20), (22, 30), (20, 28), (23, 45), (5, 21), (19, 27), (13, 46), (44, 48), (45, 48), (33, 47), (13, 21), (2, 17), (0, 33), (27, 42), (19, 43), (16, 33), (11, 49), (3, 60), (35, 55), (8, 56), (17, 40), (34, 53), (33, 60), (4, 49), (1, 63), (3, 57), (14, 54), (34, 67), (25, 62), (39, 66), (11, 57), (32, 71), (14, 36), (50, 51), (1, 38), (41, 76), (38, 55), (41, 50), (10, 78), (30, 76), (32, 81), (12, 69), (64, 78), (36, 53), (33, 85), (54, 84), (70, 83), (35, 69), (52, 70), (51, 84), (16, 63), (42, 83), (62, 86), (73, 91), (52, 79), (87, 95), (58, 61), (63, 64), (47, 95), (46, 74), (71, 103), (42, 94), (56, 105), (24, 94), (0, 107), (44, 88), (88, 103), (34, 107), (58, 91), (43, 106), (59, 111), (40, 111), (68, 115), (86, 113), (106, 114), (115, 117))
((7, 15), (0, 32), (8, 33), (16, 34), (18, 26), (15, 31), (27, 37), (6, 22), (23, 31), (14, 39), (19, 27), (22, 30), (20, 28), (3, 38), (10, 26), (13, 21), (30, 41), (12, 28), (24, 35), (5, 29), (1, 34), (37, 48), (14, 47), (9, 36), (35, 37), (13, 44), (51, 57), (49, 58), (47, 59), (45, 46), (11, 42), (33, 56), (41, 51), (36, 40), (40, 50), (12, 32), (45, 67), (9, 25), (17, 69), (34, 70), (66, 69), (52, 72), (1, 55), (10, 74), (70, 74), (63, 76), (65, 77), (38, 44), (11, 79), (68, 80), (16, 66), (32, 82), (63, 83), (48, 54), (23, 43), (53, 86), (32, 86), (39, 88), (53, 89), (40, 88), (32, 62), (19, 65), (61, 93), (3, 62), (93, 95), (4, 42), (40, 97), (49, 98), (80, 98), (72, 78), (0, 50), (4, 20), (68, 103), (5, 21), (43, 105), (64, 106), (54, 106), (103, 105), (59, 109), (57, 109), (2, 17), (55, 112), (46, 112), (25, 114), (76, 114), (2, 92), (10, 117), (61, 118))
((7, 15), (0, 32), (8, 33), (16, 34), (18, 26), (15, 31), (27, 37), (6, 22), (23, 31), (14, 39), (19, 27), (22, 30), (20, 28), (3, 38), (10, 26), (13, 21), (30, 41), (12, 28), (24, 35), (5, 29), (1, 34), (37, 48), (14, 47), (9, 36), (35, 37), (13, 44), (51, 57), (49, 58), (47, 59), (23, 43), (45, 46), (11, 42), (33, 56), (41, 51), (36, 40), (40, 50), (12, 32), (45, 68), (53, 61), (9, 25), (17, 71), (34, 72), (67, 71), (52, 74), (2, 17), (5, 21), (1, 55), (10, 78), (43, 77), (72, 78), (64, 81), (0, 50), (16, 67), (65, 80), (32, 61), (66, 82), (74, 87), (38, 44), (46, 76), (11, 89), (32, 84), (19, 66), (48, 54), (39, 86), (69, 91), (62, 93), (64, 92), (32, 63), (55, 76), (4, 42), (25, 90), (54, 80), (40, 86), (53, 95), (3, 63), (93, 106), (2, 99), (10, 108), (4, 20), (40, 101), (49, 111), (91, 111), (77, 110), (69, 110), (59, 114), (62, 109), (81, 90), (57, 114))
((4, 20), (15, 31), (27, 33), (3, 34), (12, 35), (19, 27), (10, 26), (35, 38), (4, 37), (7, 15), (36, 41), (32, 42), (23, 31), (40, 44), (13, 21), (11, 37), (12, 28), (3, 47), (45, 48), (6, 22), (9, 25), (0, 41), (18, 26), (16, 41), (22, 30), (14, 46), (20, 28), (14, 51), (30, 59), (33, 60), (11, 58), (34, 62), (44, 54), (42, 63), (45, 63), (13, 58), (19, 64), (49, 68), (8, 53), (39, 68), (5, 21), (32, 72), (67, 73), (16, 70), (2, 10), (41, 76), (2, 17), (47, 77), (39, 79), (38, 78), (25, 81), (24, 75), (9, 54), (78, 84), (1, 84), (33, 75), (23, 56), (41, 88), (51, 89), (5, 29), (61, 90), (44, 89), (67, 91), (57, 60), (48, 94), (59, 91), (73, 96), (53, 87), (17, 52), (86, 100), (81, 101), (0, 83), (44, 83), (1, 70), (99, 101), (70, 100), (52, 104), (105, 108), (56, 72), (55, 104), (99, 111), (64, 106), (46, 96), (61, 88), (57, 110), (108, 113), (97, 110), (10, 86))
((12, 28), (6, 22), (15, 31), (19, 27), (2, 17), (4, 20), (14, 33), (5, 21), (37, 39), (11, 35), (3, 41), (13, 21), (18, 26), (23, 31), (7, 15), (16, 46), (9, 44), (5, 29), (9, 25), (1, 48), (17, 50), (44, 45), (41, 46), (22, 30), (14, 43), (51, 52), (23, 55), (0, 46), (39, 55), (19, 53), (42, 61), (27, 34), (56, 60), (2, 10), (3, 63), (30, 38), (56, 67), (8, 59), (38, 49), (20, 28), (36, 48), (46, 58), (60, 70), (33, 73), (45, 73), (10, 51), (4, 35), (52, 69), (10, 26), (63, 71), (54, 65), (11, 81), (45, 78), (83, 84), (66, 80), (82, 86), (16, 69), (34, 88), (34, 67), (58, 90), (32, 84), (13, 71), (59, 89), (24, 88), (45, 95), (61, 86), (75, 90), (49, 93), (53, 94), (12, 66), (57, 100), (47, 96), (94, 103), (40, 93), (0, 95), (46, 101), (32, 99), (37, 107), (40, 108), (1, 69), (36, 80), (50, 96), (25, 112), (111, 113), (102, 113), (83, 107), (43, 108), (57, 112))
((7, 15), (23, 31), (6, 22), (18, 26), (20, 28), (19, 27), (2, 17), (22, 30), (12, 28), (9, 25), (4, 20), (5, 21), (10, 26), (15, 31), (5, 29), (13, 21), (16, 32), (0, 32), (12, 32), (14, 34), (33, 35), (9, 35), (13, 36), (11, 37), (4, 33), (23, 39), (17, 41), (42, 43), (39, 43), (38, 44), (27, 45), (14, 47), (8, 49), (30, 51), (46, 51), (19, 52), (1, 53), (38, 53), (46, 54), (10, 55), (55, 67), (37, 56), (32, 57), (54, 59), (25, 61), (3, 62), (36, 62), (60, 63), (16, 64), (58, 64), (1, 64), (63, 65), (45, 65), (60, 66), (10, 68), (58, 68), (40, 70), (2, 32), (3, 72), (40, 73), (33, 74), (34, 74), (50, 77), (44, 77), (11, 78), (24, 80), (45, 80), (57, 84), (52, 87), (61, 87), (47, 88), (59, 88), (71, 89), (84, 93), (42, 94), (67, 95), (94, 96), (73, 96), (33, 97), (0, 97), (49, 98), (95, 104), (41, 110), (48, 110), (100, 112), (82, 114), (112, 115), (114, 116))
((7, 15), (0, 32), (8, 33), (16, 34), (18, 26), (15, 31), (27, 37), (6, 22), (23, 31), (14, 39), (19, 27), (22, 30), (20, 28), (3, 38), (10, 26), (13, 21), (30, 41), (12, 28), (24, 35), (5, 29), (37, 48), (14, 47), (9, 36), (35, 37), (13, 44), (51, 56), (49, 57), (45, 46), (11, 42), (33, 55), (36, 40), (40, 50), (12, 32), (45, 64), (9, 25), (17, 66), (63, 66), (1, 54), (67, 69), (61, 70), (62, 71), (38, 44), (11, 73), (48, 53), (23, 43), (32, 76), (40, 77), (19, 62), (4, 42), (4, 20), (5, 21), (43, 82), (53, 83), (81, 82), (58, 85), (56, 85), (2, 17), (46, 88), (25, 89), (0, 50), (32, 63), (41, 51), (70, 89), (59, 79), (54, 88), (10, 69), (65, 74), (16, 92), (32, 60), (2, 100), (10, 101), (34, 67), (59, 102), (61, 99), (68, 72), (65, 81), (83, 93), (60, 79), (3, 109), (34, 68), (1, 111), (40, 80), (49, 113), (39, 77), (52, 115), (47, 58), (52, 76), (74, 113))
((7, 15), (0, 32), (8, 33), (16, 34), (18, 26), (15, 31), (27, 37), (6, 22), (23, 31), (14, 39), (19, 27), (22, 30), (20, 28), (3, 38), (10, 26), (13, 21), (30, 41), (12, 28), (24, 35), (5, 29), (1, 34), (37, 48), (14, 47), (9, 36), (35, 37), (13, 44), (51, 57), (49, 58), (45, 46), (11, 42), (33, 56), (41, 51), (36, 40), (40, 50), (12, 32), (45, 66), (9, 25), (17, 68), (65, 68), (1, 55), (69, 71), (62, 72), (64, 73), (38, 44), (11, 75), (16, 65), (32, 77), (23, 43), (32, 79), (39, 80), (32, 61), (19, 64), (3, 61), (4, 42), (40, 85), (4, 20), (5, 21), (43, 88), (87, 88), (2, 17), (46, 91), (2, 82), (10, 93), (76, 86), (48, 54), (52, 70), (63, 89), (0, 50), (54, 89), (59, 90), (83, 84), (25, 92), (40, 80), (55, 91), (62, 78), (60, 94), (67, 76), (67, 87), (10, 71), (47, 59), (53, 79), (49, 86), (34, 69), (57, 90), (72, 92), (53, 81), (60, 83), (70, 74))
((7, 15), (18, 26), (15, 31), (6, 22), (23, 31), (19, 27), (22, 30), (20, 28), (10, 26), (13, 21), (12, 28), (5, 29), (9, 25), (4, 20), (5, 21), (2, 17), (0, 32), (12, 32), (9, 33), (27, 34), (14, 35), (33, 36), (11, 37), (4, 37), (23, 38), (13, 39), (14, 41), (17, 44), (38, 46), (45, 46), (40, 47), (8, 48), (1, 50), (47, 50), (3, 51), (39, 51), (30, 52), (43, 52), (19, 53), (2, 54), (3, 54), (36, 55), (32, 56), (43, 57), (58, 60), (57, 61), (25, 62), (16, 63), (1, 63), (59, 63), (10, 64), (59, 64), (40, 66), (49, 66), (11, 67), (34, 68), (58, 68), (60, 69), (32, 71), (70, 72), (42, 73), (35, 74), (36, 74), (42, 75), (24, 79), (34, 79), (62, 83), (70, 84), (45, 85), (85, 86), (73, 86), (56, 87), (10, 90), (87, 93), (41, 95), (61, 95), (36, 96), (0, 96), (48, 97), (84, 104), (44, 108), (16, 32), (83, 110), (80, 112), (108, 113), (53, 114), (110, 116), (112, 117))
((7, 15), (0, 32), (8, 33), (16, 34), (18, 26), (15, 31), (27, 37), (6, 22), (23, 31), (14, 39), (19, 27), (22, 30), (20, 28), (3, 38), (10, 26), (13, 21), (12, 28), (24, 35), (5, 29), (9, 36), (13, 44), (36, 40), (40, 49), (12, 32), (9, 25), (17, 56), (1, 51), (57, 58), (38, 44), (23, 43), (4, 42), (4, 20), (5, 21), (2, 17), (63, 64), (45, 55), (54, 56), (40, 62), (19, 53), (43, 64), (30, 41), (37, 72), (35, 37), (45, 46), (33, 74), (11, 42), (3, 77), (16, 54), (59, 76), (50, 52), (48, 81), (14, 47), (46, 65), (11, 60), (32, 77), (2, 86), (1, 34), (51, 65), (47, 82), (0, 49), (32, 61), (67, 85), (72, 83), (25, 84), (52, 66), (71, 83), (32, 79), (39, 92), (73, 99), (69, 85), (76, 98), (10, 58), (53, 80), (68, 104), (63, 67), (70, 75), (66, 82), (10, 87), (75, 109), (48, 69), (68, 88), (34, 57), (59, 84), (40, 92), (61, 73), (41, 50), (71, 117), (70, 78))
((7, 15), (0, 32), (8, 33), (16, 34), (18, 26), (15, 31), (27, 37), (6, 22), (23, 31), (14, 39), (19, 27), (22, 30), (20, 28), (3, 38), (13, 21), (30, 41), (12, 28), (24, 35), (37, 47), (9, 36), (11, 42), (40, 49), (12, 32), (9, 25), (17, 55), (53, 55), (1, 51), (56, 58), (38, 44), (11, 60), (23, 43), (32, 62), (39, 63), (32, 52), (3, 52), (0, 49), (4, 20), (5, 21), (68, 69), (10, 58), (40, 63), (5, 29), (10, 26), (14, 46), (47, 75), (50, 62), (45, 74), (1, 34), (57, 79), (32, 53), (16, 81), (41, 73), (50, 64), (36, 40), (43, 69), (75, 86), (83, 86), (19, 85), (66, 89), (78, 89), (13, 44), (73, 92), (70, 92), (59, 85), (2, 65), (10, 96), (78, 97), (35, 37), (33, 99), (82, 100), (95, 100), (57, 102), (48, 93), (46, 104), (70, 104), (2, 17), (51, 107), (74, 107), (25, 109), (59, 109), (40, 42), (4, 112), (61, 113), (48, 113), (34, 56), (45, 54), (61, 117), (68, 117))
((18, 26), (7, 15), (6, 22), (9, 32), (0, 33), (15, 31), (1, 35), (27, 37), (19, 27), (8, 36), (3, 39), (20, 28), (12, 33), (16, 41), (10, 38), (23, 31), (5, 29), (32, 47), (4, 20), (24, 45), (13, 43), (39, 43), (10, 26), (47, 51), (11, 40), (42, 44), (13, 21), (33, 56), (22, 30), (5, 21), (37, 45), (42, 54), (16, 55), (2, 59), (36, 62), (14, 34), (2, 17), (3, 56), (11, 53), (48, 52), (30, 67), (12, 28), (9, 25), (0, 51), (23, 60), (19, 49), (17, 74), (14, 58), (35, 68), (41, 78), (4, 40), (38, 78), (71, 73), (1, 41), (72, 79), (10, 65), (48, 67), (66, 83), (33, 64), (47, 82), (37, 72), (76, 92), (33, 76), (63, 87), (34, 94), (92, 96), (57, 70), (50, 61), (60, 61), (70, 91), (54, 68), (79, 100), (55, 74), (58, 84), (63, 77), (84, 99), (88, 100), (52, 99), (49, 89), (50, 57), (69, 77), (104, 110), (25, 102), (73, 91), (83, 102), (85, 104), (47, 94), (66, 90))
((7, 15), (0, 32), (8, 33), (16, 34), (18, 26), (15, 31), (27, 37), (6, 22), (23, 31), (14, 39), (19, 27), (22, 30), (20, 28), (3, 38), (10, 26), (13, 21), (30, 41), (12, 28), (24, 35), (5, 29), (1, 34), (37, 48), (14, 47), (9, 36), (35, 37), (13, 44), (51, 57), (49, 58), (47, 59), (45, 46), (11, 42), (33, 56), (41, 51), (36, 40), (40, 50), (12, 32), (45, 67), (9, 25), (17, 69), (0, 50), (34, 70), (48, 54), (1, 55), (10, 74), (19, 65), (61, 76), (23, 43), (53, 78), (32, 78), (40, 80), (39, 80), (53, 82), (2, 17), (55, 84), (4, 20), (68, 86), (66, 69), (52, 88), (16, 66), (32, 90), (63, 91), (46, 84), (25, 93), (3, 62), (76, 95), (70, 74), (93, 97), (63, 97), (65, 99), (88, 100), (5, 21), (86, 102), (59, 103), (57, 103), (43, 102), (54, 106), (64, 106), (38, 44), (11, 109), (68, 110), (2, 10), (32, 62), (112, 113), (61, 114), (4, 42), (40, 116), (110, 117), (49, 117))
((18, 26), (15, 31), (27, 33), (19, 27), (23, 31), (22, 30), (20, 28), (12, 28), (3, 34), (23, 37), (9, 32), (9, 25), (17, 43), (4, 20), (2, 17), (5, 29), (10, 26), (5, 21), (37, 49), (42, 46), (34, 38), (32, 36), (35, 36), (45, 49), (46, 48), (25, 56), (2, 10), (19, 53), (6, 22), (14, 60), (30, 61), (33, 62), (11, 35), (11, 52), (41, 63), (47, 61), (13, 38), (7, 15), (41, 69), (36, 70), (64, 69), (0, 69), (58, 72), (13, 21), (8, 73), (16, 76), (24, 77), (33, 77), (36, 78), (16, 80), (44, 76), (43, 80), (12, 40), (60, 70), (40, 48), (1, 42), (44, 87), (59, 86), (3, 64), (4, 54), (39, 91), (14, 75), (47, 68), (39, 94), (75, 95), (50, 93), (55, 68), (10, 87), (56, 88), (62, 93), (50, 67), (69, 81), (59, 90), (63, 85), (69, 84), (65, 106), (1, 76), (74, 86), (0, 78), (73, 79), (45, 106), (53, 88), (83, 108), (65, 91), (55, 95), (111, 113), (103, 111), (83, 117))
((20, 28), (5, 21), (10, 26), (5, 29), (2, 17), (4, 20), (23, 31), (6, 22), (9, 25), (22, 30), (14, 39), (15, 31), (27, 43), (3, 44), (12, 28), (13, 21), (19, 27), (18, 26), (30, 42), (34, 45), (33, 37), (14, 47), (7, 15), (17, 40), (4, 48), (12, 54), (38, 56), (46, 58), (33, 41), (0, 54), (32, 44), (8, 61), (34, 36), (23, 41), (16, 63), (11, 48), (45, 57), (43, 50), (3, 67), (54, 67), (38, 49), (43, 66), (1, 63), (19, 72), (61, 73), (9, 49), (1, 77), (25, 64), (11, 62), (24, 66), (35, 42), (13, 32), (0, 81), (55, 63), (38, 81), (53, 60), (36, 77), (55, 78), (65, 69), (16, 86), (60, 82), (35, 83), (46, 93), (47, 94), (50, 53), (40, 86), (74, 97), (10, 78), (76, 89), (68, 80), (72, 100), (54, 91), (76, 103), (54, 65), (39, 105), (69, 106), (38, 105), (2, 71), (51, 75), (70, 75), (37, 68), (58, 80), (97, 102), (52, 94), (52, 83), (64, 89), (10, 109), (51, 118))
((7, 15), (0, 32), (8, 33), (16, 34), (18, 26), (15, 31), (27, 37), (6, 22), (23, 31), (14, 39), (19, 27), (22, 30), (20, 28), (3, 38), (10, 26), (13, 21), (30, 41), (12, 28), (24, 35), (5, 29), (1, 34), (37, 48), (14, 47), (9, 36), (35, 37), (13, 44), (51, 57), (49, 58), (47, 59), (45, 46), (11, 42), (33, 56), (41, 51), (36, 40), (40, 50), (12, 32), (45, 67), (9, 25), (17, 69), (34, 70), (66, 69), (52, 72), (1, 55), (10, 74), (70, 74), (63, 76), (65, 77), (38, 44), (11, 79), (68, 80), (16, 66), (32, 82), (63, 83), (48, 54), (23, 43), (53, 86), (32, 86), (39, 88), (53, 89), (40, 88), (32, 62), (19, 65), (61, 93), (3, 62), (93, 95), (4, 42), (40, 97), (49, 98), (80, 98), (72, 78), (0, 50), (4, 20), (68, 103), (5, 21), (43, 105), (64, 106), (54, 106), (103, 105), (59, 109), (57, 109), (2, 17), (55, 112), (46, 112), (25, 114), (76, 114), (2, 92), (10, 117), (61, 118))
((7, 15), (0, 32), (8, 33), (15, 31), (5, 21), (27, 35), (16, 34), (23, 31), (19, 27), (24, 38), (0, 41), (39, 41), (12, 32), (22, 30), (1, 34), (12, 28), (20, 28), (13, 48), (36, 45), (23, 45), (3, 37), (16, 43), (13, 21), (4, 40), (5, 29), (14, 54), (50, 57), (6, 22), (4, 20), (36, 60), (49, 61), (14, 59), (56, 63), (50, 64), (37, 48), (9, 25), (43, 67), (46, 68), (17, 67), (34, 70), (39, 55), (47, 72), (10, 26), (2, 17), (18, 26), (9, 76), (75, 77), (74, 75), (25, 79), (1, 77), (10, 81), (52, 74), (70, 81), (79, 84), (39, 76), (19, 86), (11, 40), (32, 88), (2, 89), (10, 90), (83, 91), (35, 38), (30, 63), (57, 94), (35, 94), (51, 96), (3, 88), (87, 98), (44, 52), (60, 100), (33, 93), (84, 102), (86, 103), (68, 104), (32, 53), (102, 106), (49, 56), (83, 87), (11, 66), (100, 110), (72, 110), (47, 108), (54, 113), (61, 113), (32, 51), (39, 116), (59, 116), (96, 118))
((23, 31), (5, 21), (20, 28), (12, 28), (19, 27), (13, 21), (13, 34), (5, 29), (11, 36), (7, 15), (15, 31), (14, 37), (27, 42), (4, 36), (6, 22), (22, 30), (2, 17), (18, 26), (3, 40), (3, 44), (9, 25), (10, 26), (0, 41), (4, 20), (14, 46), (51, 53), (12, 41), (23, 47), (38, 39), (40, 41), (34, 44), (17, 52), (33, 47), (30, 56), (48, 53), (9, 49), (32, 49), (11, 62), (33, 55), (43, 64), (32, 45), (48, 67), (8, 54), (19, 68), (39, 56), (43, 65), (16, 74), (41, 59), (2, 61), (42, 65), (1, 74), (35, 60), (38, 70), (51, 58), (37, 83), (55, 85), (42, 78), (25, 66), (1, 67), (54, 88), (63, 74), (70, 83), (10, 80), (63, 90), (57, 75), (50, 75), (35, 72), (32, 79), (64, 76), (46, 79), (69, 72), (69, 85), (24, 78), (10, 90), (0, 104), (91, 95), (59, 81), (57, 94), (66, 95), (32, 104), (52, 111), (82, 112), (68, 107), (16, 111), (81, 101), (112, 114), (41, 115), (91, 118))
((7, 15), (0, 32), (8, 33), (16, 34), (18, 26), (15, 31), (27, 37), (6, 22), (23, 31), (14, 39), (19, 27), (22, 30), (20, 28), (3, 38), (10, 26), (13, 21), (30, 41), (12, 28), (24, 35), (5, 29), (1, 34), (37, 48), (14, 47), (9, 36), (35, 37), (13, 44), (51, 57), (49, 58), (47, 59), (45, 46), (11, 42), (33, 56), (41, 51), (36, 40), (40, 50), (12, 32), (45, 67), (9, 25), (17, 69), (34, 70), (66, 69), (52, 72), (1, 55), (10, 74), (70, 74), (63, 76), (65, 77), (38, 44), (11, 79), (68, 80), (16, 66), (32, 82), (48, 54), (63, 83), (23, 43), (53, 86), (32, 86), (39, 88), (40, 88), (53, 89), (32, 62), (19, 65), (61, 93), (3, 62), (93, 95), (4, 42), (40, 97), (72, 78), (80, 98), (49, 98), (0, 50), (4, 20), (68, 103), (5, 21), (43, 105), (54, 106), (64, 106), (103, 105), (59, 109), (57, 109), (2, 17), (55, 112), (46, 112), (76, 114), (25, 114), (2, 92), (10, 117), (61, 118))
((20, 28), (10, 26), (6, 22), (14, 34), (13, 32), (15, 31), (22, 30), (4, 20), (7, 15), (13, 21), (27, 37), (12, 28), (18, 26), (23, 31), (12, 40), (2, 17), (9, 44), (23, 38), (32, 42), (33, 47), (47, 48), (1, 48), (25, 51), (44, 45), (0, 40), (8, 56), (5, 29), (14, 41), (16, 57), (3, 42), (40, 49), (45, 62), (24, 60), (0, 64), (36, 58), (5, 21), (11, 50), (35, 58), (43, 66), (34, 62), (37, 60), (19, 27), (19, 55), (38, 67), (9, 25), (39, 67), (10, 53), (56, 72), (45, 64), (36, 77), (16, 80), (4, 73), (76, 80), (70, 77), (40, 82), (1, 57), (79, 86), (45, 83), (84, 87), (69, 75), (30, 35), (59, 75), (68, 89), (41, 70), (33, 61), (43, 89), (59, 92), (74, 96), (17, 76), (37, 92), (71, 101), (46, 61), (57, 100), (53, 100), (68, 103), (49, 101), (39, 103), (79, 105), (11, 73), (3, 110), (40, 110), (55, 109), (51, 105), (74, 111), (2, 112), (10, 116), (96, 117), (84, 113))
((7, 15), (0, 32), (8, 33), (16, 34), (18, 26), (15, 31), (27, 37), (6, 22), (23, 31), (14, 39), (19, 27), (22, 30), (20, 28), (3, 38), (10, 26), (13, 21), (30, 41), (12, 28), (24, 35), (5, 29), (1, 34), (37, 48), (14, 47), (9, 36), (35, 37), (13, 44), (51, 57), (49, 58), (47, 59), (45, 46), (11, 42), (33, 56), (41, 51), (36, 40), (40, 50), (12, 32), (45, 67), (9, 25), (17, 69), (34, 70), (66, 69), (52, 72), (1, 55), (10, 74), (70, 74), (63, 76), (65, 77), (38, 44), (11, 79), (68, 80), (16, 66), (32, 82), (63, 83), (48, 54), (23, 43), (53, 86), (32, 86), (39, 88), (53, 89), (40, 88), (32, 62), (19, 65), (61, 93), (3, 62), (93, 95), (4, 42), (40, 97), (49, 98), (80, 98), (72, 78), (0, 50), (4, 20), (68, 103), (5, 21), (43, 105), (64, 106), (54, 106), (103, 105), (59, 109), (57, 109), (2, 17), (55, 112), (46, 112), (25, 114), (76, 114), (2, 92), (10, 117), (61, 118))
((7, 15), (0, 32), (8, 33), (16, 34), (18, 26), (15, 31), (27, 37), (6, 22), (23, 31), (14, 39), (19, 27), (22, 30), (20, 28), (3, 38), (10, 26), (13, 21), (30, 41), (12, 28), (24, 35), (5, 29), (1, 34), (37, 48), (14, 47), (9, 36), (35, 37), (13, 44), (51, 57), (49, 58), (47, 59), (45, 46), (11, 42), (33, 56), (41, 51), (36, 40), (40, 50), (12, 32), (45, 67), (9, 25), (17, 69), (34, 70), (66, 69), (52, 72), (1, 55), (10, 74), (70, 74), (63, 76), (65, 77), (38, 44), (11, 79), (68, 80), (16, 66), (32, 82), (63, 83), (48, 54), (23, 43), (53, 86), (32, 86), (39, 88), (53, 89), (40, 88), (32, 62), (19, 65), (61, 93), (3, 62), (93, 95), (4, 42), (40, 97), (49, 98), (80, 98), (72, 78), (0, 50), (4, 20), (68, 103), (5, 21), (43, 105), (64, 106), (54, 106), (103, 105), (59, 109), (57, 109), (2, 17), (55, 112), (46, 112), (25, 114), (76, 114), (2, 92), (10, 117), (61, 118))
((7, 15), (0, 32), (8, 33), (16, 34), (18, 26), (15, 31), (27, 37), (6, 22), (23, 31), (14, 39), (19, 27), (22, 30), (20, 28), (3, 38), (10, 26), (13, 21), (30, 41), (12, 28), (24, 35), (5, 29), (1, 34), (37, 48), (14, 47), (9, 36), (35, 37), (13, 44), (51, 57), (49, 58), (47, 59), (45, 46), (11, 42), (33, 56), (41, 51), (36, 40), (40, 50), (12, 32), (45, 67), (9, 25), (17, 69), (34, 70), (66, 69), (52, 72), (1, 55), (10, 74), (70, 74), (63, 76), (65, 77), (38, 44), (11, 79), (68, 80), (16, 66), (32, 82), (63, 83), (48, 54), (23, 43), (53, 86), (32, 86), (39, 88), (53, 89), (40, 88), (32, 62), (19, 65), (61, 93), (3, 62), (93, 95), (4, 42), (40, 97), (49, 98), (80, 98), (72, 78), (0, 50), (4, 20), (68, 103), (5, 21), (43, 105), (64, 106), (54, 106), (103, 105), (59, 109), (57, 109), (2, 17), (55, 112), (46, 112), (25, 114), (76, 114), (2, 92), (10, 117), (61, 118))
((23, 31), (13, 21), (19, 27), (9, 25), (18, 26), (7, 15), (4, 20), (5, 29), (2, 10), (20, 28), (6, 22), (12, 28), (15, 31), (2, 17), (22, 30), (10, 26), (5, 21), (9, 36), (11, 34), (23, 46), (0, 37), (17, 35), (4, 34), (14, 42), (14, 33), (27, 44), (8, 52), (16, 58), (3, 57), (30, 55), (24, 59), (1, 58), (44, 61), (44, 59), (13, 41), (39, 66), (43, 67), (33, 68), (47, 60), (52, 65), (39, 55), (32, 36), (32, 62), (12, 37), (60, 75), (53, 58), (35, 74), (63, 78), (1, 49), (10, 80), (53, 80), (71, 82), (73, 83), (41, 57), (11, 85), (76, 86), (16, 74), (37, 88), (71, 89), (56, 61), (51, 64), (37, 51), (42, 93), (64, 94), (32, 93), (37, 50), (19, 73), (70, 98), (3, 50), (98, 100), (32, 54), (43, 102), (86, 102), (78, 84), (0, 62), (38, 76), (46, 48), (72, 108), (56, 108), (38, 48), (68, 111), (66, 111), (45, 49), (45, 47), (25, 115), (82, 115), (40, 97), (70, 118))
((7, 15), (0, 32), (8, 33), (16, 34), (18, 26), (15, 31), (27, 37), (6, 22), (23, 31), (14, 39), (19, 27), (22, 30), (20, 28), (3, 38), (10, 26), (13, 21), (30, 41), (12, 28), (24, 35), (5, 29), (1, 34), (37, 48), (14, 47), (9, 36), (35, 37), (13, 44), (51, 57), (49, 58), (47, 59), (45, 46), (11, 42), (33, 56), (41, 51), (36, 40), (40, 50), (12, 32), (45, 67), (9, 25), (17, 69), (34, 70), (66, 69), (52, 72), (1, 55), (10, 74), (70, 74), (63, 76), (65, 77), (38, 44), (11, 79), (68, 80), (16, 66), (32, 82), (63, 83), (48, 54), (23, 43), (53, 86), (32, 86), (39, 88), (53, 89), (40, 88), (32, 62), (19, 65), (61, 93), (3, 62), (93, 95), (4, 42), (40, 97), (49, 98), (80, 98), (72, 78), (0, 50), (4, 20), (68, 103), (5, 21), (43, 105), (64, 106), (54, 106), (103, 105), (59, 109), (57, 109), (2, 17), (55, 112), (2, 92), (46, 112), (10, 114), (61, 116), (25, 115), (76, 115))
((22, 30), (20, 28), (15, 31), (19, 27), (2, 17), (23, 31), (4, 20), (9, 25), (4, 35), (5, 29), (5, 21), (10, 26), (32, 42), (18, 26), (37, 45), (38, 42), (19, 46), (6, 22), (14, 49), (11, 35), (30, 50), (41, 50), (7, 15), (12, 54), (12, 28), (51, 54), (0, 54), (2, 57), (13, 21), (8, 58), (1, 61), (23, 32), (13, 33), (27, 34), (3, 65), (43, 66), (36, 43), (3, 51), (9, 45), (17, 39), (37, 40), (1, 70), (14, 60), (41, 64), (56, 75), (33, 65), (36, 70), (44, 74), (47, 64), (25, 68), (10, 73), (44, 53), (34, 52), (52, 74), (11, 77), (63, 84), (48, 67), (54, 63), (10, 59), (37, 89), (55, 66), (67, 90), (86, 92), (16, 61), (34, 95), (38, 92), (61, 71), (49, 89), (71, 73), (48, 69), (56, 72), (72, 86), (47, 76), (60, 76), (84, 99), (58, 96), (24, 95), (68, 100), (100, 107), (0, 108), (37, 108), (16, 112), (39, 112), (46, 110), (62, 114), (54, 113), (107, 117), (114, 115))
((7, 15), (0, 32), (8, 33), (16, 34), (18, 26), (15, 31), (27, 37), (6, 22), (23, 31), (14, 39), (19, 27), (22, 30), (20, 28), (3, 38), (10, 26), (13, 21), (30, 41), (12, 28), (24, 35), (5, 29), (1, 34), (37, 48), (14, 47), (9, 36), (35, 37), (13, 44), (51, 57), (49, 58), (45, 46), (11, 42), (33, 56), (41, 51), (36, 40), (40, 50), (12, 32), (45, 66), (9, 25), (17, 68), (65, 68), (1, 55), (69, 71), (62, 72), (64, 73), (38, 44), (11, 75), (16, 65), (32, 77), (23, 43), (32, 79), (39, 80), (32, 61), (19, 64), (3, 61), (4, 42), (40, 85), (4, 20), (5, 21), (43, 88), (87, 88), (2, 17), (46, 91), (2, 82), (10, 93), (60, 83), (34, 69), (62, 78), (48, 54), (67, 76), (40, 80), (10, 71), (0, 50), (52, 70), (54, 89), (47, 59), (70, 74), (55, 91), (25, 92), (83, 84), (60, 94), (53, 81), (53, 79), (63, 89), (72, 92), (59, 90), (76, 86), (49, 86), (57, 90), (67, 87))
((4, 20), (9, 25), (22, 30), (15, 31), (27, 35), (7, 15), (2, 17), (10, 26), (23, 31), (20, 28), (13, 41), (5, 21), (13, 21), (5, 29), (38, 39), (18, 26), (23, 34), (42, 45), (12, 37), (34, 43), (3, 36), (9, 47), (6, 22), (17, 33), (32, 43), (12, 28), (39, 52), (36, 41), (1, 53), (38, 53), (37, 48), (50, 52), (19, 27), (40, 47), (42, 56), (4, 64), (40, 62), (0, 37), (55, 60), (14, 54), (40, 67), (11, 64), (10, 60), (30, 71), (46, 70), (45, 71), (49, 57), (25, 46), (37, 73), (2, 80), (56, 78), (14, 44), (8, 69), (35, 75), (44, 78), (1, 84), (32, 63), (11, 59), (72, 89), (55, 84), (57, 72), (48, 85), (51, 83), (75, 83), (54, 62), (63, 89), (19, 65), (51, 77), (16, 84), (58, 98), (35, 100), (3, 73), (69, 102), (24, 100), (40, 105), (16, 106), (70, 104), (0, 105), (98, 103), (65, 108), (37, 107), (10, 81), (104, 112), (85, 96), (58, 113), (33, 106), (111, 117), (87, 117))
((22, 30), (9, 25), (6, 22), (1, 17), (1, 25), (8, 24), (23, 31), (13, 29), (10, 26), (0, 38), (15, 31), (19, 38), (5, 21), (27, 43), (37, 42), (5, 13), (2, 10), (4, 28), (29, 49), (11, 45), (14, 47), (16, 38), (3, 42), (32, 52), (24, 53), (44, 50), (27, 54), (48, 51), (6, 14), (12, 49), (7, 42), (17, 56), (33, 63), (42, 56), (23, 62), (20, 61), (32, 62), (7, 60), (18, 26), (44, 55), (57, 67), (34, 39), (39, 57), (33, 40), (4, 20), (40, 58), (37, 66), (47, 76), (12, 58), (72, 79), (50, 79), (37, 41), (66, 69), (53, 78), (34, 38), (18, 36), (48, 87), (68, 86), (43, 70), (35, 88), (35, 64), (75, 91), (77, 90), (70, 91), (75, 87), (3, 51), (71, 73), (41, 64), (45, 61), (60, 71), (38, 97), (80, 97), (67, 103), (66, 102), (36, 46), (90, 102), (0, 65), (76, 105), (103, 109), (52, 73), (85, 99), (69, 86), (78, 108), (59, 66), (63, 106), (100, 109), (106, 112), (77, 115))
((7, 15), (20, 28), (22, 30), (6, 22), (23, 31), (19, 27), (10, 26), (13, 21), (0, 32), (18, 26), (11, 37), (14, 35), (5, 29), (4, 37), (8, 40), (30, 43), (13, 33), (15, 31), (27, 49), (4, 20), (32, 42), (16, 46), (9, 25), (43, 44), (17, 54), (36, 45), (5, 21), (3, 50), (12, 28), (23, 34), (33, 50), (24, 53), (36, 41), (9, 41), (2, 17), (49, 53), (32, 61), (40, 67), (32, 59), (12, 70), (1, 65), (38, 59), (36, 63), (2, 52), (11, 62), (54, 74), (14, 39), (56, 72), (10, 75), (1, 46), (57, 76), (69, 79), (44, 48), (47, 49), (65, 66), (51, 58), (64, 83), (19, 64), (60, 84), (34, 58), (77, 88), (73, 89), (39, 90), (46, 56), (32, 74), (78, 91), (38, 66), (51, 71), (48, 87), (25, 98), (79, 98), (35, 68), (57, 60), (55, 91), (3, 42), (0, 63), (10, 72), (16, 96), (85, 103), (36, 68), (71, 76), (77, 81), (69, 109), (47, 78), (89, 106), (87, 90), (61, 85), (73, 80))
((7, 15), (0, 32), (19, 27), (15, 31), (22, 30), (23, 36), (10, 26), (18, 26), (8, 33), (16, 40), (9, 25), (27, 35), (2, 10), (4, 20), (3, 43), (24, 41), (23, 31), (5, 21), (5, 29), (9, 39), (17, 42), (36, 49), (39, 48), (19, 54), (47, 48), (2, 17), (45, 49), (35, 41), (4, 34), (48, 60), (38, 46), (20, 28), (13, 63), (50, 64), (0, 47), (33, 59), (13, 21), (14, 68), (53, 69), (12, 28), (61, 71), (16, 56), (1, 40), (58, 64), (38, 57), (25, 76), (12, 32), (46, 78), (45, 79), (6, 22), (14, 81), (50, 82), (53, 83), (51, 57), (11, 34), (32, 86), (44, 87), (62, 88), (32, 37), (48, 90), (81, 90), (30, 82), (69, 93), (35, 93), (92, 95), (37, 95), (43, 63), (40, 52), (55, 62), (11, 98), (79, 101), (61, 101), (3, 86), (55, 104), (65, 71), (58, 106), (68, 106), (32, 73), (67, 109), (42, 56), (74, 111), (1, 51), (10, 113), (52, 113), (76, 115), (67, 115), (54, 117), (111, 118))
((7, 15), (0, 32), (8, 33), (16, 34), (18, 26), (15, 31), (27, 37), (6, 22), (23, 31), (14, 39), (19, 27), (22, 30), (20, 28), (3, 38), (10, 26), (13, 21), (30, 41), (12, 28), (24, 35), (5, 29), (1, 34), (37, 48), (14, 47), (9, 36), (35, 37), (13, 44), (51, 57), (49, 58), (47, 59), (45, 46), (11, 42), (33, 56), (41, 51), (36, 40), (40, 50), (12, 32), (45, 67), (9, 25), (17, 69), (34, 70), (66, 69), (52, 72), (1, 55), (10, 74), (70, 74), (63, 76), (65, 77), (38, 44), (11, 79), (68, 80), (16, 66), (32, 82), (63, 83), (48, 54), (23, 43), (53, 86), (32, 86), (39, 88), (53, 89), (40, 88), (32, 62), (19, 65), (61, 93), (3, 62), (93, 95), (4, 42), (40, 97), (49, 98), (80, 98), (72, 78), (0, 50), (4, 20), (68, 103), (5, 21), (43, 105), (64, 106), (54, 106), (103, 105), (59, 109), (57, 109), (2, 17), (55, 112), (46, 112), (25, 114), (76, 114), (2, 92), (10, 117), (61, 118))
((23, 31), (22, 30), (19, 27), (23, 33), (13, 21), (4, 34), (32, 37), (12, 28), (9, 25), (4, 20), (17, 40), (1, 40), (2, 18), (2, 17), (4, 28), (5, 36), (3, 27), (41, 46), (29, 49), (5, 13), (50, 51), (39, 52), (4, 12), (25, 45), (10, 26), (55, 56), (17, 43), (57, 58), (44, 59), (14, 22), (30, 51), (10, 60), (1, 63), (25, 64), (23, 61), (7, 31), (66, 67), (15, 31), (42, 63), (32, 69), (35, 67), (27, 69), (49, 73), (11, 74), (11, 34), (27, 76), (21, 29), (13, 54), (16, 71), (0, 24), (80, 81), (14, 36), (14, 78), (6, 30), (61, 85), (83, 86), (69, 86), (62, 87), (2, 10), (56, 69), (18, 26), (32, 92), (11, 48), (93, 94), (77, 95), (69, 81), (8, 97), (24, 97), (43, 99), (82, 100), (67, 69), (76, 102), (90, 103), (48, 91), (0, 102), (8, 106), (42, 107), (16, 107), (69, 109), (12, 102), (106, 110), (70, 112), (93, 113), (58, 114), (108, 115), (48, 69), (111, 117))
((7, 15), (0, 32), (8, 33), (16, 34), (18, 26), (15, 31), (27, 37), (6, 22), (23, 31), (14, 39), (19, 27), (22, 30), (20, 28), (3, 38), (10, 26), (13, 21), (30, 41), (12, 28), (24, 35), (5, 29), (9, 36), (35, 37), (13, 44), (11, 42), (33, 53), (36, 40), (40, 50), (9, 25), (17, 59), (1, 52), (60, 61), (38, 44), (23, 43), (4, 42), (4, 20), (5, 21), (2, 17), (32, 64), (37, 48), (40, 65), (16, 58), (46, 68), (58, 59), (45, 46), (32, 55), (12, 32), (43, 67), (11, 63), (51, 54), (49, 80), (19, 57), (2, 10), (45, 77), (56, 57), (3, 55), (66, 67), (14, 47), (1, 34), (82, 86), (66, 84), (40, 69), (32, 72), (47, 81), (52, 68), (0, 50), (48, 88), (79, 84), (56, 93), (41, 51), (78, 100), (39, 69), (70, 102), (10, 61), (71, 79), (74, 89), (34, 60), (62, 85), (74, 108), (81, 87), (78, 88), (54, 87), (75, 82), (76, 83), (75, 114), (25, 73), (49, 71), (62, 73), (64, 70))
((7, 15), (0, 32), (8, 33), (16, 34), (18, 26), (15, 31), (27, 37), (6, 22), (23, 31), (14, 39), (19, 27), (22, 30), (20, 28), (3, 38), (10, 26), (13, 21), (30, 41), (12, 28), (24, 35), (5, 29), (1, 34), (37, 48), (14, 47), (9, 36), (35, 37), (13, 44), (51, 57), (49, 58), (47, 59), (45, 46), (11, 42), (33, 56), (41, 51), (36, 40), (40, 50), (12, 32), (45, 67), (9, 25), (17, 69), (34, 70), (66, 69), (52, 72), (1, 55), (10, 74), (70, 74), (63, 76), (65, 77), (38, 44), (11, 79), (68, 80), (16, 66), (32, 82), (63, 83), (48, 54), (23, 43), (53, 86), (32, 86), (39, 88), (53, 89), (0, 50), (40, 88), (72, 78), (2, 17), (55, 94), (46, 94), (25, 96), (76, 96), (4, 20), (68, 99), (19, 65), (61, 101), (3, 101), (62, 103), (4, 42), (40, 105), (80, 106), (49, 106), (32, 62), (2, 109), (10, 110), (61, 111), (5, 21), (43, 113), (54, 114), (64, 114), (99, 113), (59, 117), (57, 117))
((5, 29), (13, 21), (7, 15), (2, 17), (0, 34), (18, 26), (22, 30), (5, 21), (9, 25), (12, 28), (23, 31), (12, 34), (20, 28), (15, 31), (4, 20), (6, 22), (19, 27), (14, 47), (17, 40), (4, 48), (8, 36), (23, 38), (10, 26), (38, 39), (27, 45), (3, 56), (14, 33), (35, 54), (13, 44), (32, 49), (44, 56), (37, 42), (55, 58), (11, 48), (25, 59), (39, 46), (30, 49), (45, 68), (3, 65), (9, 37), (32, 60), (35, 71), (34, 65), (19, 63), (42, 51), (34, 53), (53, 69), (1, 71), (10, 79), (58, 68), (41, 76), (50, 52), (60, 67), (42, 77), (1, 52), (47, 77), (55, 61), (50, 79), (69, 87), (16, 52), (43, 57), (2, 74), (11, 62), (59, 89), (46, 92), (10, 93), (24, 91), (45, 91), (0, 98), (41, 72), (54, 57), (42, 98), (33, 101), (75, 102), (67, 101), (70, 75), (16, 103), (36, 99), (97, 102), (76, 94), (92, 94), (34, 108), (89, 109), (40, 103), (86, 115), (109, 113), (63, 114), (115, 118))
((18, 26), (7, 15), (13, 21), (0, 33), (8, 35), (15, 31), (20, 28), (14, 34), (12, 33), (19, 27), (16, 36), (23, 31), (11, 41), (4, 41), (22, 30), (24, 42), (43, 47), (37, 42), (6, 22), (14, 50), (23, 46), (1, 36), (27, 37), (32, 43), (43, 45), (13, 38), (3, 54), (9, 25), (16, 48), (38, 54), (30, 51), (5, 21), (2, 17), (33, 60), (9, 32), (5, 29), (12, 28), (33, 52), (1, 66), (4, 20), (46, 63), (33, 44), (40, 58), (10, 26), (17, 59), (48, 59), (10, 70), (39, 72), (3, 44), (35, 49), (70, 76), (81, 82), (11, 61), (64, 66), (19, 55), (51, 67), (2, 73), (39, 62), (56, 84), (63, 71), (80, 86), (43, 69), (57, 67), (68, 94), (0, 47), (58, 75), (64, 75), (37, 62), (56, 68), (55, 83), (10, 88), (77, 101), (71, 74), (65, 81), (53, 77), (74, 84), (50, 69), (86, 97), (99, 108), (34, 95), (72, 87), (82, 98), (91, 95), (25, 98), (52, 99), (57, 91), (97, 102), (36, 76))
((7, 15), (0, 32), (8, 33), (16, 34), (18, 26), (15, 31), (27, 37), (6, 22), (23, 31), (14, 39), (19, 27), (22, 30), (20, 28), (3, 38), (10, 26), (13, 21), (30, 41), (12, 28), (24, 35), (5, 29), (37, 48), (9, 36), (35, 37), (13, 44), (11, 42), (33, 54), (36, 40), (40, 50), (9, 25), (17, 60), (59, 60), (1, 53), (61, 63), (57, 64), (58, 65), (16, 59), (32, 67), (23, 43), (32, 69), (32, 56), (19, 58), (4, 20), (5, 21), (73, 74), (2, 17), (2, 71), (10, 77), (34, 62), (1, 79), (14, 47), (48, 81), (51, 55), (49, 83), (75, 84), (47, 84), (45, 46), (72, 87), (78, 87), (41, 51), (32, 45), (12, 91), (73, 92), (34, 61), (10, 63), (38, 44), (11, 96), (92, 97), (57, 68), (52, 69), (39, 70), (52, 101), (40, 70), (56, 72), (3, 104), (40, 42), (4, 106), (97, 107), (49, 107), (62, 66), (0, 50), (43, 74), (81, 112), (90, 112), (55, 75), (53, 76), (46, 76), (25, 117), (64, 117))
((7, 15), (0, 32), (8, 33), (16, 34), (18, 26), (15, 31), (27, 37), (6, 22), (23, 31), (14, 39), (19, 27), (22, 30), (20, 28), (3, 38), (10, 26), (13, 21), (30, 41), (12, 28), (24, 35), (1, 34), (37, 48), (14, 47), (9, 36), (35, 37), (13, 44), (11, 42), (33, 55), (36, 40), (40, 50), (12, 32), (45, 61), (9, 25), (17, 63), (34, 64), (60, 63), (51, 66), (1, 54), (10, 68), (64, 68), (58, 70), (59, 71), (38, 44), (11, 73), (62, 74), (16, 60), (32, 76), (58, 77), (48, 53), (23, 43), (52, 80), (32, 80), (39, 82), (40, 82), (32, 57), (19, 59), (3, 57), (86, 87), (4, 42), (66, 72), (0, 50), (4, 20), (62, 92), (5, 21), (43, 94), (53, 95), (92, 94), (56, 97), (2, 17), (54, 99), (46, 99), (2, 85), (10, 102), (52, 83), (70, 101), (45, 46), (103, 106), (25, 101), (86, 106), (5, 29), (56, 110), (41, 110), (95, 112), (40, 89), (74, 114), (49, 114), (49, 111), (47, 117), (97, 117))
((6, 22), (5, 21), (19, 27), (4, 34), (15, 31), (10, 26), (22, 30), (5, 29), (20, 28), (11, 34), (14, 32), (13, 21), (12, 28), (4, 20), (13, 40), (23, 38), (7, 15), (39, 42), (39, 46), (33, 38), (2, 17), (30, 42), (33, 45), (14, 43), (53, 55), (51, 55), (18, 26), (47, 48), (23, 31), (46, 54), (49, 51), (9, 25), (36, 53), (9, 58), (1, 65), (10, 66), (41, 48), (2, 68), (47, 64), (10, 69), (44, 50), (3, 41), (37, 52), (32, 59), (17, 63), (43, 72), (52, 65), (66, 76), (74, 79), (27, 36), (59, 60), (58, 60), (54, 72), (0, 48), (64, 75), (19, 83), (73, 87), (35, 60), (25, 74), (40, 81), (11, 91), (12, 48), (8, 85), (89, 92), (16, 94), (3, 81), (36, 96), (85, 98), (24, 96), (37, 97), (44, 89), (0, 100), (93, 97), (87, 101), (71, 101), (60, 100), (63, 107), (16, 107), (92, 104), (48, 109), (45, 104), (79, 99), (83, 113), (108, 114), (99, 111), (76, 94), (94, 108), (1, 118))
((7, 15), (0, 32), (8, 33), (16, 34), (18, 26), (15, 31), (27, 37), (6, 22), (23, 31), (14, 39), (19, 27), (22, 30), (20, 28), (3, 38), (10, 26), (13, 21), (30, 41), (12, 28), (24, 35), (5, 29), (1, 34), (37, 48), (14, 47), (9, 36), (35, 37), (13, 44), (51, 57), (49, 58), (47, 59), (45, 46), (11, 42), (33, 56), (41, 51), (36, 40), (40, 50), (12, 32), (45, 67), (9, 25), (17, 69), (34, 70), (66, 69), (52, 72), (1, 55), (10, 74), (70, 74), (63, 76), (65, 77), (38, 44), (11, 79), (68, 80), (16, 66), (32, 82), (48, 54), (63, 83), (23, 43), (53, 86), (32, 86), (39, 88), (53, 89), (40, 88), (32, 62), (19, 65), (61, 93), (3, 62), (93, 95), (4, 42), (40, 97), (72, 78), (0, 50), (80, 98), (49, 98), (4, 20), (68, 103), (5, 21), (43, 105), (64, 106), (54, 106), (103, 105), (57, 109), (59, 109), (2, 17), (55, 112), (46, 112), (76, 114), (25, 114), (2, 92), (10, 117), (61, 118))
((23, 31), (20, 28), (22, 30), (23, 34), (2, 17), (4, 20), (12, 28), (10, 26), (13, 21), (15, 31), (5, 21), (18, 26), (7, 15), (27, 41), (5, 29), (0, 44), (9, 43), (1, 48), (36, 39), (6, 22), (13, 33), (9, 25), (32, 43), (37, 42), (35, 44), (8, 47), (14, 40), (25, 50), (14, 51), (52, 55), (46, 52), (30, 60), (33, 45), (46, 60), (19, 27), (4, 66), (11, 66), (17, 53), (32, 67), (36, 48), (3, 68), (19, 54), (49, 69), (44, 68), (11, 64), (41, 63), (12, 44), (10, 49), (3, 45), (78, 80), (38, 70), (51, 56), (34, 42), (38, 62), (58, 84), (2, 75), (40, 85), (55, 85), (1, 57), (57, 69), (39, 80), (16, 57), (77, 83), (10, 87), (50, 74), (65, 84), (35, 77), (24, 93), (32, 56), (70, 76), (58, 63), (92, 95), (72, 73), (73, 92), (41, 93), (37, 81), (32, 99), (76, 81), (47, 106), (0, 99), (74, 110), (16, 108), (53, 108), (90, 114), (54, 112), (114, 116), (44, 113), (110, 118))
((13, 21), (15, 31), (2, 17), (10, 26), (9, 25), (17, 36), (22, 30), (4, 20), (5, 21), (38, 40), (12, 28), (5, 29), (39, 40), (6, 22), (7, 15), (0, 46), (8, 47), (16, 48), (18, 26), (27, 33), (3, 51), (23, 31), (14, 45), (43, 54), (19, 27), (23, 38), (20, 28), (30, 54), (24, 49), (1, 48), (33, 59), (14, 32), (9, 50), (33, 49), (13, 58), (43, 66), (42, 67), (32, 68), (35, 52), (11, 56), (47, 65), (50, 53), (53, 60), (12, 46), (52, 75), (37, 48), (36, 74), (61, 78), (1, 64), (10, 80), (37, 80), (72, 82), (73, 83), (51, 58), (11, 85), (76, 86), (16, 74), (46, 88), (72, 89), (59, 63), (57, 62), (46, 57), (45, 93), (62, 94), (53, 93), (46, 71), (19, 73), (70, 98), (3, 71), (98, 100), (4, 56), (53, 102), (42, 103), (86, 103), (78, 84), (0, 60), (39, 76), (41, 55), (41, 63), (44, 68), (44, 66), (34, 64), (34, 35), (25, 114), (82, 114), (2, 97), (10, 117), (70, 118))
((7, 15), (0, 32), (8, 33), (16, 34), (18, 26), (15, 31), (27, 37), (6, 22), (23, 31), (14, 39), (19, 27), (22, 30), (20, 28), (3, 38), (10, 26), (13, 21), (30, 41), (12, 28), (24, 35), (5, 29), (1, 34), (37, 48), (14, 47), (9, 36), (35, 37), (13, 44), (51, 57), (49, 58), (47, 59), (45, 46), (11, 42), (33, 56), (41, 51), (36, 40), (40, 50), (12, 32), (45, 67), (9, 25), (17, 69), (34, 70), (66, 69), (52, 72), (1, 55), (10, 74), (70, 74), (63, 76), (65, 77), (38, 44), (11, 79), (68, 80), (16, 66), (32, 82), (63, 83), (48, 54), (23, 43), (53, 86), (32, 86), (39, 88), (53, 89), (40, 88), (32, 62), (19, 65), (61, 93), (3, 62), (93, 95), (4, 42), (40, 97), (49, 98), (80, 98), (72, 78), (0, 50), (4, 20), (68, 103), (5, 21), (43, 105), (64, 106), (54, 106), (103, 105), (59, 109), (57, 109), (2, 17), (55, 112), (46, 112), (25, 114), (76, 114), (2, 92), (10, 117), (61, 118))
((1, 8), (6, 30), (17, 25), (15, 31), (2, 10), (26, 36), (34, 37), (7, 31), (4, 12), (12, 28), (15, 23), (7, 33), (42, 43), (5, 13), (30, 45), (14, 22), (46, 47), (23, 47), (39, 49), (11, 19), (5, 21), (20, 28), (29, 53), (45, 54), (41, 52), (54, 56), (13, 40), (56, 58), (21, 29), (58, 60), (14, 60), (33, 62), (42, 51), (4, 64), (53, 65), (10, 18), (1, 9), (2, 68), (18, 37), (69, 70), (17, 39), (16, 42), (0, 24), (73, 74), (32, 73), (34, 76), (72, 74), (68, 78), (3, 39), (6, 22), (35, 81), (43, 82), (49, 82), (52, 81), (46, 85), (62, 85), (64, 67), (35, 74), (8, 89), (42, 90), (0, 90), (16, 92), (39, 93), (89, 94), (20, 27), (80, 96), (40, 97), (42, 70), (80, 99), (88, 100), (9, 25), (92, 102), (78, 103), (76, 103), (67, 102), (38, 106), (69, 106), (11, 27), (3, 109), (88, 110), (35, 109), (41, 112), (97, 113), (65, 113), (36, 112), (39, 116), (19, 117), (100, 117))
((7, 15), (0, 32), (8, 33), (2, 17), (9, 25), (10, 26), (12, 28), (12, 32), (15, 31), (17, 36), (18, 26), (19, 27), (13, 21), (4, 20), (20, 28), (4, 43), (14, 44), (23, 31), (22, 30), (6, 22), (5, 29), (5, 21), (23, 50), (27, 40), (16, 34), (32, 54), (1, 34), (34, 41), (35, 37), (40, 56), (42, 49), (9, 42), (11, 43), (45, 53), (13, 46), (46, 55), (47, 49), (49, 57), (50, 53), (51, 57), (14, 51), (52, 72), (52, 66), (3, 55), (24, 56), (25, 60), (33, 61), (19, 62), (1, 63), (35, 63), (3, 64), (32, 64), (65, 66), (11, 67), (38, 68), (68, 85), (70, 73), (48, 70), (30, 72), (38, 74), (39, 75), (37, 75), (0, 76), (49, 76), (79, 82), (79, 93), (41, 80), (10, 80), (2, 83), (85, 92), (48, 90), (40, 90), (65, 91), (44, 91), (45, 92), (16, 95), (36, 95), (78, 98), (60, 98), (10, 100), (71, 103), (54, 103), (32, 107), (58, 108), (62, 109), (93, 111), (78, 114), (108, 116))
((7, 15), (19, 27), (0, 32), (8, 34), (6, 22), (14, 36), (16, 35), (15, 31), (18, 26), (27, 39), (23, 31), (22, 30), (20, 28), (3, 41), (10, 26), (13, 21), (30, 37), (12, 28), (24, 38), (5, 29), (1, 35), (39, 48), (14, 47), (9, 40), (38, 39), (13, 44), (51, 57), (49, 58), (47, 59), (45, 46), (11, 33), (34, 56), (37, 51), (40, 42), (42, 50), (12, 32), (45, 67), (9, 25), (17, 69), (35, 70), (66, 69), (52, 72), (1, 55), (10, 74), (70, 74), (63, 76), (65, 77), (41, 44), (11, 79), (68, 80), (16, 66), (32, 82), (63, 83), (48, 54), (23, 43), (53, 86), (32, 86), (36, 88), (53, 89), (42, 88), (32, 62), (19, 65), (61, 93), (3, 62), (93, 95), (4, 33), (42, 97), (49, 98), (80, 98), (72, 78), (0, 50), (4, 20), (68, 103), (5, 21), (43, 105), (64, 106), (54, 106), (103, 105), (59, 109), (57, 109), (2, 17), (55, 112), (46, 112), (25, 114), (76, 114), (2, 92), (10, 117), (61, 118))
((7, 15), (0, 32), (8, 33), (18, 26), (16, 34), (15, 31), (27, 37), (6, 22), (23, 31), (14, 39), (19, 27), (22, 30), (20, 28), (3, 38), (10, 26), (13, 21), (30, 41), (12, 28), (24, 36), (5, 29), (1, 34), (37, 48), (14, 47), (9, 35), (36, 37), (13, 44), (51, 57), (49, 58), (47, 59), (45, 46), (11, 42), (33, 56), (41, 51), (35, 40), (40, 50), (12, 32), (45, 67), (9, 25), (17, 69), (34, 70), (66, 69), (52, 72), (1, 55), (10, 74), (70, 74), (63, 76), (65, 77), (38, 44), (11, 79), (68, 80), (16, 66), (32, 82), (63, 83), (48, 54), (23, 43), (53, 86), (32, 86), (39, 88), (53, 89), (40, 88), (32, 62), (19, 65), (61, 93), (3, 62), (93, 95), (4, 42), (40, 97), (49, 98), (80, 98), (72, 78), (0, 50), (4, 20), (68, 103), (5, 21), (43, 105), (64, 106), (54, 106), (103, 105), (59, 109), (57, 109), (2, 17), (55, 112), (46, 112), (25, 114), (76, 114), (2, 92), (10, 117), (61, 118))
((17, 25), (0, 24), (15, 23), (5, 21), (4, 12), (6, 30), (6, 22), (5, 13), (1, 8), (10, 18), (1, 9), (2, 10), (9, 25), (20, 28), (29, 45), (11, 27), (30, 39), (12, 28), (14, 22), (35, 49), (46, 51), (39, 46), (21, 29), (48, 50), (7, 37), (7, 31), (16, 34), (3, 47), (15, 31), (13, 36), (41, 44), (23, 50), (11, 34), (54, 61), (20, 27), (38, 60), (3, 57), (51, 61), (43, 57), (40, 58), (34, 56), (47, 60), (49, 73), (56, 67), (14, 54), (57, 63), (70, 73), (17, 33), (19, 64), (33, 58), (19, 78), (26, 43), (63, 67), (32, 83), (66, 68), (4, 80), (18, 83), (37, 76), (68, 88), (35, 38), (34, 90), (2, 42), (76, 91), (62, 93), (74, 87), (48, 91), (57, 79), (36, 86), (45, 87), (42, 98), (78, 92), (62, 85), (88, 93), (33, 60), (74, 86), (41, 80), (8, 105), (34, 108), (32, 71), (0, 108), (92, 107), (59, 107), (44, 111), (98, 114), (71, 114), (57, 111), (16, 117), (105, 118))
((7, 15), (0, 32), (8, 33), (16, 34), (18, 26), (15, 31), (27, 37), (6, 22), (23, 31), (14, 39), (19, 27), (22, 30), (20, 28), (3, 38), (10, 26), (13, 21), (30, 41), (12, 28), (24, 35), (5, 29), (1, 34), (37, 48), (14, 47), (9, 36), (35, 37), (13, 44), (51, 57), (49, 58), (47, 59), (45, 46), (11, 42), (33, 56), (41, 51), (36, 40), (40, 50), (12, 32), (45, 67), (9, 25), (17, 69), (34, 70), (66, 69), (52, 72), (1, 55), (10, 74), (70, 74), (63, 76), (65, 77), (38, 44), (11, 79), (68, 80), (16, 66), (32, 82), (63, 83), (48, 54), (23, 43), (53, 86), (32, 86), (39, 88), (53, 89), (40, 88), (32, 62), (19, 65), (61, 93), (72, 78), (3, 62), (93, 96), (4, 42), (40, 98), (49, 99), (80, 99), (0, 50), (4, 20), (68, 103), (5, 21), (43, 105), (64, 106), (54, 106), (103, 105), (59, 109), (57, 109), (2, 17), (55, 112), (46, 112), (25, 114), (76, 114), (2, 92), (10, 117), (61, 118))
((7, 15), (0, 32), (8, 33), (16, 34), (18, 26), (15, 31), (27, 37), (6, 22), (23, 31), (16, 32), (14, 39), (19, 27), (22, 30), (20, 28), (3, 38), (10, 26), (13, 21), (30, 42), (12, 28), (12, 32), (1, 34), (24, 35), (35, 37), (0, 53), (5, 29), (37, 49), (14, 48), (49, 58), (9, 36), (13, 45), (56, 61), (50, 62), (48, 63), (2, 32), (46, 47), (11, 43), (33, 54), (42, 56), (36, 40), (40, 53), (46, 51), (9, 25), (17, 73), (34, 74), (71, 73), (52, 76), (1, 60), (10, 78), (74, 78), (68, 80), (70, 81), (76, 82), (38, 45), (11, 84), (72, 85), (41, 71), (68, 87), (23, 44), (57, 89), (32, 89), (3, 67), (40, 91), (4, 40), (39, 91), (57, 95), (19, 70), (66, 97), (92, 97), (43, 94), (50, 100), (85, 100), (4, 20), (72, 103), (5, 21), (44, 105), (69, 106), (58, 106), (65, 67), (103, 105), (63, 110), (61, 110), (2, 17), (60, 113), (47, 113), (25, 115), (80, 115), (10, 109), (66, 118))
((5, 21), (15, 31), (23, 31), (9, 25), (19, 34), (1, 25), (3, 27), (16, 34), (4, 28), (29, 40), (32, 41), (12, 40), (33, 38), (24, 39), (17, 45), (22, 30), (35, 46), (2, 10), (6, 14), (7, 50), (10, 26), (7, 33), (23, 53), (49, 54), (20, 43), (1, 17), (5, 13), (8, 24), (33, 59), (13, 29), (42, 61), (42, 56), (6, 22), (61, 64), (4, 20), (0, 34), (59, 67), (54, 59), (39, 69), (58, 66), (41, 71), (35, 52), (63, 71), (12, 44), (51, 54), (18, 37), (49, 77), (48, 57), (47, 53), (73, 77), (34, 64), (80, 82), (44, 52), (57, 78), (73, 85), (18, 26), (85, 87), (36, 87), (84, 89), (14, 58), (47, 91), (32, 92), (50, 93), (65, 93), (27, 36), (43, 96), (11, 96), (3, 98), (75, 99), (56, 100), (34, 99), (89, 102), (54, 102), (66, 104), (97, 105), (100, 105), (51, 82), (37, 60), (46, 109), (0, 33), (45, 111), (69, 112), (65, 91), (55, 98), (84, 115), (67, 70), (48, 117), (109, 118))
((12, 20), (23, 31), (14, 33), (16, 24), (7, 15), (15, 31), (7, 22), (18, 26), (1, 25), (8, 36), (33, 35), (34, 38), (37, 42), (2, 10), (3, 11), (22, 30), (40, 42), (13, 21), (39, 46), (27, 33), (4, 12), (47, 49), (32, 36), (0, 44), (30, 38), (28, 54), (3, 4), (29, 52), (18, 45), (54, 58), (27, 37), (37, 56), (51, 52), (49, 59), (6, 53), (50, 51), (28, 64), (19, 68), (61, 62), (46, 57), (35, 41), (9, 48), (40, 60))
((1, 17), (0, 8), (22, 30), (5, 13), (10, 18), (6, 14), (17, 25), (7, 31), (12, 28), (11, 19), (6, 22), (16, 39), (1, 9), (2, 26), (3, 19), (31, 37), (2, 18), (27, 46), (32, 48), (27, 39), (15, 23), (49, 52), (21, 29), (30, 54), (36, 53), (3, 4), (47, 52), (26, 44), (14, 35), (11, 49), (12, 20), (45, 51), (4, 28), (0, 52), (61, 63), (7, 23), (10, 38), (34, 60), (20, 52), (41, 70), (37, 55), (13, 29), (64, 71), (40, 73), (51, 57), (50, 59), (33, 43), (15, 34), (50, 68), (62, 76), (46, 67), (5, 62), (42, 67), (75, 83), (45, 68), (33, 67), (39, 79), (24, 87), (54, 83), (42, 73), (40, 82), (36, 59), (39, 89), (21, 64), (79, 84), (75, 95), (48, 82), (41, 98), (47, 84), (63, 99), (25, 89), (76, 92), (55, 91), (60, 91), (65, 94), (43, 106), (9, 87), (56, 99), (35, 95), (32, 106), (78, 102), (71, 92), (52, 108), (111, 114), (44, 112), (38, 114), (111, 112), (87, 107))
((5, 21), (7, 23), (2, 26), (10, 25), (7, 31), (20, 28), (34, 36), (6, 14), (12, 29), (2, 33), (16, 36), (21, 37), (21, 30), (15, 23), (1, 25), (0, 42), (11, 41), (20, 32), (9, 33), (40, 49), (13, 32), (29, 43), (42, 50), (3, 18), (39, 45), (39, 44), (29, 57), (4, 52), (2, 46), (31, 56), (19, 27), (10, 60), (10, 45), (28, 59), (24, 54), (46, 66), (27, 38), (18, 63), (52, 53), (17, 35), (8, 47), (34, 71), (62, 64), (48, 68), (48, 74), (55, 74), (55, 75))
((19, 27), (10, 26), (12, 28), (15, 31), (13, 21), (23, 31), (5, 21), (5, 29), (20, 28), (4, 20), (6, 22), (11, 32), (9, 25), (38, 41), (18, 26), (2, 17), (9, 46), (17, 44), (33, 47), (7, 15), (37, 46), (19, 52), (0, 51), (13, 40), (27, 35), (14, 36), (47, 48), (16, 51), (1, 48), (45, 55), (22, 30), (23, 62), (2, 43), (3, 56), (51, 65), (4, 32), (51, 63), (14, 42), (39, 69), (40, 56), (11, 71), (38, 62), (8, 54), (30, 69), (35, 75), (10, 64), (39, 55), (51, 77), (37, 67), (57, 73), (57, 75), (1, 74), (33, 65), (42, 68), (34, 80), (70, 73), (37, 68), (16, 74), (43, 53), (49, 60), (34, 78), (3, 90), (36, 92), (10, 60), (35, 89), (63, 76), (49, 74), (12, 66), (52, 91), (76, 85), (25, 50), (24, 89), (72, 80), (53, 84), (79, 84), (50, 91), (37, 103), (45, 92), (72, 99), (54, 96), (41, 99), (0, 103), (44, 108), (83, 114), (100, 111), (59, 108), (111, 117), (114, 116))
((13, 21), (23, 31), (5, 21), (12, 28), (2, 17), (9, 25), (7, 15), (10, 26), (20, 28), (17, 37), (4, 20), (14, 32), (34, 42), (18, 26), (0, 38), (22, 30), (15, 31), (6, 22), (23, 47), (5, 29), (12, 38), (13, 40), (19, 27), (34, 47), (27, 48), (4, 54), (3, 56), (14, 49), (36, 39), (33, 57), (8, 46), (30, 59), (35, 61), (9, 45), (33, 45), (51, 53), (25, 60), (52, 58), (1, 62), (1, 65), (41, 62), (41, 71), (38, 50), (39, 58), (44, 53), (40, 56), (51, 59), (43, 63), (43, 55), (35, 67), (32, 81), (33, 74), (36, 65), (48, 63), (60, 73), (11, 54), (19, 66), (42, 69), (16, 62), (55, 78), (38, 87), (75, 88), (11, 77), (24, 90), (10, 71), (50, 85), (69, 94), (2, 92), (48, 90), (49, 74), (3, 87), (33, 95), (44, 81), (46, 100), (73, 105), (16, 103), (10, 99), (0, 95), (37, 103), (75, 108), (61, 94), (88, 102), (85, 101), (66, 106), (110, 115), (70, 110), (38, 107), (105, 118))
((9, 25), (10, 18), (7, 31), (1, 8), (15, 23), (2, 10), (16, 36), (15, 31), (0, 24), (39, 40), (26, 37), (11, 27), (39, 43), (37, 44), (5, 13), (30, 46), (3, 43), (11, 19), (36, 49), (17, 25), (14, 22), (32, 33), (34, 45), (18, 42), (12, 28), (6, 22), (4, 12), (3, 34), (36, 55), (23, 52), (5, 21), (56, 62), (57, 62), (47, 64), (20, 28), (8, 41), (36, 67), (17, 34), (40, 69), (1, 9), (44, 56), (33, 50), (48, 73), (21, 29), (14, 75), (64, 76), (35, 38), (51, 78), (42, 51), (59, 60), (73, 81), (54, 81), (39, 57), (61, 84), (38, 40), (13, 58), (75, 87), (63, 87), (19, 54), (29, 66), (46, 91), (63, 91), (4, 50), (66, 94), (72, 94), (70, 71), (53, 80), (34, 61), (47, 52), (2, 71), (55, 101), (53, 101), (0, 67), (32, 104), (78, 105), (70, 105), (16, 104), (34, 108), (41, 109), (20, 27), (59, 111), (72, 112), (58, 112), (6, 30), (76, 115), (7, 115), (84, 117), (36, 117))
((7, 15), (0, 32), (8, 33), (16, 34), (18, 26), (15, 31), (27, 37), (6, 22), (23, 31), (14, 39), (19, 27), (22, 30), (20, 28), (3, 38), (10, 26), (13, 21), (30, 41), (12, 28), (24, 35), (5, 29), (37, 48), (1, 34), (14, 47), (9, 36), (35, 37), (13, 44), (51, 57), (49, 58), (47, 59), (45, 46), (11, 42), (33, 56), (41, 51), (36, 40), (40, 50), (12, 32), (45, 67), (9, 25), (17, 69), (34, 70), (66, 69), (53, 72), (1, 55), (10, 74), (70, 74), (63, 76), (65, 77), (38, 44), (11, 79), (68, 80), (16, 66), (32, 82), (63, 83), (48, 54), (23, 43), (52, 86), (32, 86), (39, 88), (52, 89), (40, 88), (32, 62), (19, 65), (61, 93), (3, 62), (93, 95), (4, 42), (40, 97), (49, 98), (80, 98), (72, 78), (0, 50), (4, 20), (68, 103), (5, 21), (43, 105), (64, 106), (54, 106), (103, 105), (59, 109), (57, 109), (2, 17), (55, 112), (46, 112), (25, 114), (76, 114), (2, 92), (10, 117), (61, 118))
((7, 15), (15, 31), (18, 26), (19, 27), (22, 30), (20, 28), (6, 22), (4, 35), (5, 21), (13, 37), (27, 33), (37, 42), (11, 43), (10, 26), (12, 28), (9, 34), (36, 40), (3, 42), (0, 32), (8, 50), (16, 51), (33, 52), (24, 52), (0, 54), (5, 29), (45, 49), (2, 10), (11, 35), (3, 59), (32, 59), (58, 61), (9, 25), (17, 63), (51, 64), (2, 17), (47, 66), (45, 66), (25, 68), (23, 36), (41, 56), (46, 71), (12, 32), (49, 73), (44, 74), (32, 70), (38, 76), (50, 53), (1, 47), (10, 79), (64, 79), (68, 81), (78, 81), (1, 51), (4, 20), (74, 85), (57, 62), (13, 21), (72, 88), (14, 88), (48, 90), (40, 85), (72, 92), (23, 31), (76, 94), (39, 94), (44, 96), (46, 96), (34, 94), (83, 99), (19, 99), (57, 101), (60, 101), (54, 94), (63, 104), (84, 105), (100, 105), (16, 104), (32, 108), (78, 109), (41, 92), (14, 38), (56, 112), (48, 113), (30, 112), (90, 115), (33, 115), (77, 117), (70, 117))
((22, 30), (4, 20), (23, 32), (5, 29), (12, 28), (19, 27), (13, 21), (9, 25), (20, 28), (13, 40), (18, 26), (5, 21), (4, 37), (35, 41), (9, 42), (11, 37), (6, 22), (14, 48), (2, 17), (35, 49), (15, 31), (1, 46), (30, 49), (3, 47), (32, 43), (10, 26), (17, 39), (10, 53), (23, 31), (50, 57), (33, 43), (44, 60), (46, 50), (36, 45), (14, 38), (38, 65), (36, 63), (56, 66), (41, 62), (52, 54), (27, 52), (53, 58), (34, 71), (3, 72), (51, 56), (25, 61), (62, 65), (11, 72), (42, 60), (54, 66), (19, 80), (40, 79), (57, 75), (2, 10), (61, 73), (63, 83), (82, 84), (55, 82), (7, 15), (12, 90), (75, 91), (33, 92), (34, 90), (0, 90), (83, 92), (85, 90), (48, 94), (60, 94), (47, 97), (71, 98), (8, 95), (58, 102), (16, 102), (24, 104), (0, 105), (84, 100), (60, 105), (1, 102), (52, 104), (90, 108), (16, 111), (95, 110), (39, 108), (80, 113), (109, 114), (73, 115), (114, 117), (112, 113))
((13, 29), (16, 31), (15, 33), (13, 28), (0, 8), (10, 17), (4, 21), (32, 38), (24, 31), (5, 35), (20, 29), (18, 25), (7, 40), (7, 36), (23, 40), (2, 37), (10, 43), (8, 34), (21, 42), (9, 48), (1, 2), (12, 39), (38, 41), (26, 47), (44, 49), (25, 55), (33, 45), (51, 57), (41, 42), (12, 50), (5, 61), (48, 52), (36, 46), (49, 64), (1, 47), (59, 66))
((10, 18), (1, 32), (15, 31), (22, 30), (6, 7), (7, 31), (7, 23), (4, 20), (9, 26), (6, 13), (20, 28), (12, 42), (24, 38), (9, 17), (21, 41), (38, 43), (0, 37), (15, 23), (39, 47), (7, 34), (35, 51), (36, 49), (35, 46), (30, 53), (8, 48), (2, 33), (3, 47), (2, 10), (44, 56), (11, 58), (25, 57), (49, 61), (25, 56), (45, 64), (34, 65), (19, 37), (5, 13), (33, 40), (11, 34), (35, 68), (59, 70), (29, 42), (14, 71), (68, 73), (27, 67), (50, 76), (72, 76))
((13, 21), (9, 25), (23, 31), (2, 17), (19, 27), (20, 28), (4, 20), (6, 22), (7, 15), (5, 21), (0, 40), (8, 42), (16, 43), (18, 26), (15, 31), (27, 46), (14, 39), (22, 30), (3, 47), (10, 26), (30, 48), (12, 28), (24, 44), (5, 29), (1, 43), (46, 52), (14, 32), (9, 45), (44, 46), (13, 37), (55, 61), (53, 62), (32, 63), (50, 51), (11, 36), (42, 60), (48, 55), (34, 45), (34, 54), (12, 40), (50, 71), (17, 33), (43, 73), (33, 70), (56, 75), (1, 59), (10, 77), (73, 77), (67, 79), (69, 80), (37, 47), (11, 82), (72, 83), (16, 70), (40, 85), (67, 86), (52, 58), (23, 49), (57, 89), (40, 89), (39, 91), (57, 92), (34, 91), (40, 66), (19, 69), (65, 96), (3, 66), (96, 98), (4, 36), (34, 100), (83, 101), (75, 81), (0, 54), (38, 72), (41, 49), (68, 106), (58, 106), (38, 41), (63, 109), (61, 109), (35, 59), (35, 51), (25, 113), (79, 113), (2, 95), (10, 116), (65, 117), (53, 101))
((7, 15), (0, 32), (8, 33), (16, 34), (18, 26), (15, 31), (27, 37), (6, 22), (23, 31), (14, 39), (19, 27), (22, 30), (20, 28), (3, 38), (10, 26), (13, 21), (30, 41), (12, 28), (24, 35), (5, 29), (1, 34), (37, 48), (14, 47), (9, 36), (35, 37), (13, 44), (51, 57), (49, 58), (47, 59), (45, 46), (11, 42), (33, 56), (41, 51), (36, 40), (40, 50), (12, 32), (45, 67), (9, 25), (17, 69), (34, 70), (66, 69), (52, 72), (1, 55), (10, 74), (70, 74), (65, 76), (63, 77), (38, 44), (11, 79), (68, 80), (16, 66), (32, 82), (63, 83), (48, 54), (23, 43), (53, 86), (32, 86), (39, 88), (53, 89), (40, 88), (32, 62), (19, 65), (61, 93), (3, 62), (93, 95), (4, 42), (40, 97), (49, 98), (80, 98), (72, 78), (0, 50), (4, 20), (68, 103), (5, 21), (43, 105), (64, 106), (54, 106), (103, 105), (59, 109), (57, 109), (2, 17), (55, 112), (46, 112), (25, 114), (76, 114), (2, 10), (92, 117), (61, 118))
((7, 15), (0, 32), (8, 33), (16, 34), (18, 26), (15, 31), (27, 37), (6, 22), (23, 31), (14, 39), (19, 27), (22, 30), (20, 28), (3, 38), (10, 26), (13, 21), (30, 41), (12, 28), (24, 35), (5, 29), (37, 48), (14, 47), (9, 36), (35, 37), (13, 44), (45, 46), (11, 42), (33, 55), (36, 40), (40, 50), (9, 25), (17, 62), (61, 62), (1, 54), (63, 65), (38, 44), (11, 67), (23, 43), (32, 69), (19, 60), (3, 58), (4, 42), (40, 73), (4, 20), (5, 21), (43, 76), (75, 76), (2, 17), (46, 79), (10, 65), (66, 80), (16, 32), (41, 51), (77, 84), (56, 78), (32, 45), (12, 87), (0, 50), (61, 83), (57, 71), (49, 74), (51, 56), (49, 93), (68, 74), (54, 79), (40, 70), (78, 94), (75, 88), (53, 77), (47, 94), (39, 70), (52, 102), (52, 69), (48, 53), (32, 58), (59, 66), (60, 107), (2, 10), (106, 109), (57, 110), (68, 88), (64, 108), (25, 80), (1, 64), (71, 72), (34, 63), (34, 115), (59, 90))
((7, 15), (0, 32), (8, 33), (16, 34), (18, 26), (15, 31), (27, 37), (6, 22), (23, 31), (14, 39), (19, 27), (22, 30), (20, 28), (3, 38), (10, 26), (13, 21), (30, 41), (12, 28), (24, 35), (5, 29), (1, 34), (37, 48), (14, 47), (9, 36), (35, 37), (13, 44), (51, 57), (49, 58), (47, 59), (45, 46), (11, 42), (33, 56), (41, 51), (36, 40), (40, 50), (12, 32), (45, 67), (9, 25), (17, 69), (34, 70), (66, 69), (52, 72), (1, 55), (10, 74), (70, 74), (63, 76), (65, 77), (38, 44), (11, 79), (68, 80), (16, 66), (32, 82), (63, 83), (48, 54), (23, 43), (53, 86), (32, 86), (39, 88), (53, 89), (40, 88), (32, 62), (19, 65), (61, 93), (3, 62), (93, 95), (4, 42), (40, 97), (49, 98), (80, 98), (72, 78), (0, 50), (4, 20), (68, 103), (5, 21), (43, 105), (64, 106), (54, 106), (103, 105), (59, 109), (57, 109), (2, 17), (55, 112), (46, 112), (25, 114), (76, 114), (2, 92), (10, 117), (61, 118))
((7, 15), (0, 32), (8, 33), (16, 34), (18, 26), (15, 31), (27, 37), (6, 22), (23, 31), (14, 39), (19, 27), (20, 28), (3, 38), (10, 26), (13, 21), (24, 35), (36, 40), (40, 47), (12, 32), (9, 25), (17, 51), (5, 21), (4, 42), (22, 30), (19, 48), (2, 17), (30, 41), (4, 20), (12, 28), (5, 29), (44, 45), (11, 42), (53, 55), (37, 58), (23, 55), (32, 63), (3, 56), (9, 36), (1, 69), (16, 32), (13, 43), (61, 72), (10, 67), (1, 34), (49, 51), (34, 52), (75, 76), (63, 68), (32, 66), (39, 80), (60, 73), (45, 57), (10, 70), (35, 37), (56, 62), (65, 66), (14, 46), (33, 85), (0, 47), (40, 54), (2, 74), (65, 81), (40, 80), (64, 88), (60, 91), (46, 82), (52, 70), (58, 88), (57, 69), (25, 83), (83, 98), (62, 92), (49, 71), (89, 104), (53, 59), (82, 106), (72, 106), (89, 98), (48, 109), (76, 110), (41, 61), (64, 112), (38, 43), (44, 50), (59, 115), (11, 114), (115, 117), (91, 117))
((9, 25), (17, 32), (18, 26), (23, 31), (9, 34), (2, 17), (22, 30), (23, 38), (36, 37), (19, 27), (4, 20), (4, 41), (35, 43), (5, 29), (10, 26), (5, 21), (38, 47), (15, 31), (27, 49), (42, 47), (37, 46), (25, 52), (20, 28), (6, 22), (11, 41), (14, 55), (30, 57), (49, 58), (39, 59), (45, 57), (3, 56), (7, 15), (0, 63), (12, 28), (39, 63), (35, 66), (12, 63), (56, 63), (2, 69), (10, 70), (55, 66), (13, 54), (13, 21), (34, 35), (19, 75), (14, 74), (48, 61), (8, 64), (16, 79), (24, 80), (33, 79), (49, 80), (35, 81), (16, 84), (1, 79), (32, 84), (1, 36), (10, 88), (33, 88), (86, 87), (3, 50), (44, 65), (45, 73), (65, 94), (50, 54), (48, 77), (51, 73), (11, 96), (52, 90), (58, 77), (46, 92), (76, 102), (62, 76), (59, 72), (68, 92), (99, 106), (71, 102), (42, 106), (64, 83), (63, 85), (90, 110), (75, 112), (74, 95), (0, 81), (110, 111), (51, 95), (44, 99), (87, 113))
((7, 15), (0, 32), (8, 33), (16, 34), (18, 26), (15, 31), (27, 37), (6, 22), (23, 31), (14, 39), (19, 27), (20, 28), (10, 26), (13, 21), (24, 35), (9, 36), (12, 32), (9, 25), (17, 49), (22, 30), (40, 46), (12, 28), (23, 51), (3, 38), (4, 42), (13, 43), (5, 29), (32, 54), (1, 47), (5, 21), (57, 58), (11, 42), (2, 17), (14, 45), (4, 20), (44, 55), (61, 66), (36, 40), (51, 61), (49, 52), (2, 10), (30, 41), (1, 71), (37, 73), (44, 64), (34, 50), (25, 76), (48, 55), (32, 72), (63, 80), (57, 68), (0, 46), (47, 64), (65, 70), (39, 59), (41, 58), (40, 56), (19, 69), (67, 89), (3, 89), (63, 91), (10, 60), (67, 81), (53, 62), (65, 73), (45, 95), (35, 37), (33, 98), (38, 43), (11, 100), (79, 101), (88, 101), (40, 59), (34, 74), (54, 75), (70, 87), (53, 88), (66, 79), (16, 32), (52, 110), (99, 111), (50, 60), (76, 113), (69, 99), (113, 115), (71, 116), (75, 86), (68, 95))
((7, 15), (0, 32), (8, 33), (16, 34), (18, 26), (15, 31), (27, 37), (6, 22), (23, 31), (14, 39), (19, 27), (22, 30), (20, 28), (3, 38), (10, 26), (13, 21), (30, 41), (12, 28), (24, 35), (5, 29), (1, 34), (37, 48), (14, 47), (9, 36), (35, 37), (13, 44), (51, 57), (49, 58), (47, 59), (45, 46), (11, 42), (33, 56), (41, 51), (36, 40), (40, 50), (12, 32), (45, 67), (9, 25), (17, 69), (34, 70), (66, 69), (52, 72), (1, 55), (10, 74), (70, 74), (63, 76), (65, 77), (38, 44), (11, 79), (68, 80), (16, 66), (32, 82), (63, 83), (48, 54), (23, 43), (53, 86), (32, 86), (39, 88), (53, 89), (40, 88), (32, 62), (19, 65), (61, 93), (3, 62), (93, 95), (4, 42), (40, 97), (49, 98), (80, 98), (72, 78), (0, 50), (4, 20), (68, 103), (5, 21), (43, 105), (64, 106), (54, 106), (103, 105), (59, 109), (57, 109), (2, 17), (55, 112), (46, 112), (25, 114), (76, 114), (2, 92), (10, 117), (61, 118))
((5, 13), (7, 23), (19, 33), (3, 27), (9, 25), (15, 23), (8, 37), (16, 38), (33, 39), (7, 31), (6, 32), (18, 26), (15, 31), (0, 44), (1, 36), (40, 45), (14, 30), (42, 48), (17, 46), (4, 28), (20, 51), (12, 52), (4, 12), (17, 25), (38, 47), (2, 18), (21, 32), (6, 22), (34, 43), (13, 29), (14, 22), (51, 58), (10, 26), (29, 58), (49, 65), (24, 40), (11, 19), (35, 41), (60, 69), (61, 62), (66, 71), (42, 71), (53, 61), (68, 70), (28, 69), (53, 76), (56, 67), (23, 62), (41, 79), (44, 64), (70, 81), (52, 68), (63, 74), (49, 59), (5, 54), (65, 86), (74, 86), (37, 83), (44, 59), (79, 90), (24, 41), (56, 92), (45, 46), (93, 94), (3, 34), (54, 96), (89, 97), (76, 97), (57, 96), (75, 100), (35, 101), (81, 101), (36, 43), (9, 39), (50, 105), (2, 55), (64, 107), (48, 80), (37, 109), (90, 109), (104, 107), (50, 108), (57, 113), (104, 113), (44, 56), (55, 116), (95, 117), (105, 117))
((7, 15), (0, 32), (8, 33), (16, 34), (18, 26), (15, 31), (27, 37), (6, 22), (23, 31), (14, 39), (19, 27), (22, 30), (20, 28), (3, 38), (10, 26), (13, 21), (30, 41), (12, 28), (24, 35), (5, 29), (1, 34), (37, 48), (14, 47), (9, 36), (35, 37), (13, 44), (51, 57), (49, 58), (47, 59), (45, 46), (11, 42), (33, 56), (41, 51), (36, 40), (40, 50), (12, 32), (45, 67), (9, 25), (17, 69), (34, 70), (66, 69), (52, 72), (1, 55), (10, 74), (70, 74), (63, 76), (65, 77), (38, 44), (11, 79), (68, 80), (16, 66), (32, 82), (63, 83), (48, 54), (23, 43), (53, 86), (32, 86), (39, 88), (53, 89), (40, 88), (32, 62), (19, 65), (61, 93), (3, 62), (93, 95), (4, 42), (40, 97), (49, 98), (80, 98), (72, 78), (0, 50), (4, 20), (68, 103), (5, 21), (43, 105), (64, 106), (54, 106), (103, 105), (59, 109), (57, 109), (2, 17), (55, 112), (46, 112), (25, 114), (76, 114), (2, 92), (10, 117), (61, 118))
((14, 22), (5, 13), (8, 16), (7, 23), (9, 25), (2, 10), (6, 32), (7, 31), (3, 19), (12, 28), (12, 20), (15, 23), (19, 43), (2, 26), (11, 40), (24, 35), (21, 33), (8, 35), (15, 32), (39, 50), (43, 51), (0, 49), (36, 53), (30, 38), (36, 45), (5, 29), (35, 55), (3, 27), (34, 43), (39, 59), (4, 61), (14, 30), (11, 44), (17, 60), (34, 54), (35, 37), (47, 60), (0, 39), (34, 69), (39, 45), (46, 71), (41, 57), (40, 41), (35, 74), (13, 42), (73, 76), (64, 67), (18, 37), (38, 57), (4, 28), (48, 81), (73, 82), (53, 68), (62, 75), (6, 33), (20, 64), (81, 87), (75, 87), (50, 58), (27, 78), (42, 62), (55, 86), (29, 48), (63, 94), (86, 95), (80, 95), (76, 94), (51, 63), (58, 99), (24, 69), (1, 101), (49, 101), (66, 102), (9, 17), (102, 105), (10, 105), (56, 107), (26, 79), (107, 109), (1, 25), (79, 111), (65, 111), (56, 112), (44, 61), (109, 115), (65, 66), (71, 116), (78, 116))
((7, 15), (0, 32), (8, 33), (16, 34), (18, 26), (15, 31), (27, 37), (6, 22), (23, 31), (14, 39), (19, 27), (22, 30), (20, 28), (3, 38), (10, 26), (13, 21), (30, 41), (12, 28), (24, 35), (5, 29), (37, 48), (14, 47), (9, 36), (35, 37), (13, 44), (51, 56), (49, 57), (47, 58), (45, 46), (11, 42), (33, 55), (41, 51), (36, 40), (40, 50), (12, 32), (45, 66), (9, 25), (17, 68), (34, 69), (65, 68), (34, 71), (1, 72), (1, 54), (10, 74), (69, 74), (62, 64), (76, 77), (38, 44), (11, 79), (67, 80), (16, 32), (65, 82), (62, 83), (48, 53), (23, 43), (52, 86), (32, 86), (39, 88), (52, 89), (40, 88), (19, 64), (60, 92), (3, 92), (61, 94), (40, 42), (4, 96), (49, 97), (80, 97), (71, 78), (0, 50), (4, 20), (67, 102), (5, 21), (43, 104), (63, 105), (53, 105), (102, 104), (58, 108), (56, 108), (2, 17), (54, 111), (46, 111), (25, 113), (76, 113), (10, 61), (32, 116), (2, 117), (60, 118))
((7, 15), (0, 32), (8, 33), (16, 34), (18, 26), (15, 31), (27, 37), (6, 22), (23, 31), (14, 39), (19, 27), (22, 30), (20, 28), (3, 38), (10, 26), (13, 21), (30, 41), (12, 28), (24, 35), (5, 29), (1, 34), (37, 48), (14, 47), (9, 36), (35, 37), (13, 44), (51, 57), (49, 58), (47, 59), (45, 46), (11, 42), (33, 56), (41, 51), (36, 40), (40, 50), (12, 32), (45, 67), (9, 25), (17, 69), (34, 70), (66, 69), (52, 72), (1, 55), (10, 74), (70, 74), (63, 76), (65, 77), (38, 44), (11, 79), (68, 80), (16, 66), (32, 82), (63, 83), (48, 54), (23, 43), (53, 86), (32, 86), (39, 88), (53, 89), (40, 88), (32, 62), (19, 65), (61, 93), (3, 62), (93, 95), (4, 42), (40, 97), (49, 98), (80, 98), (72, 78), (0, 50), (4, 20), (68, 103), (5, 21), (43, 105), (64, 106), (54, 106), (103, 105), (59, 109), (57, 109), (2, 17), (55, 112), (46, 112), (25, 114), (76, 114), (10, 92), (2, 117), (61, 118))
((7, 15), (0, 32), (8, 33), (16, 34), (18, 26), (15, 31), (27, 37), (6, 22), (23, 31), (14, 39), (19, 27), (22, 30), (20, 28), (3, 38), (10, 26), (13, 21), (30, 41), (12, 28), (24, 35), (5, 29), (1, 34), (37, 48), (14, 47), (9, 36), (35, 37), (13, 44), (51, 57), (49, 58), (47, 59), (45, 46), (11, 42), (33, 56), (41, 51), (36, 40), (40, 50), (12, 32), (45, 67), (9, 25), (17, 69), (34, 70), (66, 69), (52, 72), (1, 55), (10, 74), (70, 74), (63, 76), (65, 77), (38, 44), (11, 79), (68, 80), (16, 66), (32, 82), (63, 83), (48, 54), (23, 43), (53, 86), (32, 86), (39, 88), (53, 89), (40, 88), (32, 62), (19, 65), (61, 93), (3, 62), (93, 95), (4, 42), (40, 97), (49, 98), (80, 98), (72, 78), (0, 50), (4, 20), (68, 103), (5, 21), (43, 105), (64, 106), (54, 106), (103, 105), (59, 109), (57, 109), (2, 17), (55, 112), (46, 112), (25, 114), (76, 114), (2, 92), (10, 117), (61, 118))
((23, 31), (18, 26), (10, 26), (5, 21), (9, 25), (32, 33), (9, 33), (13, 21), (7, 15), (15, 31), (4, 20), (20, 28), (27, 41), (5, 29), (6, 22), (12, 40), (17, 36), (13, 43), (14, 46), (12, 28), (22, 30), (23, 52), (43, 44), (14, 39), (30, 50), (19, 27), (45, 50), (41, 56), (11, 57), (53, 59), (40, 53), (4, 57), (32, 63), (45, 49), (0, 40), (2, 17), (11, 54), (3, 60), (8, 66), (1, 70), (40, 60), (16, 70), (3, 44), (24, 73), (35, 52), (41, 73), (48, 70), (35, 42), (49, 79), (2, 72), (32, 75), (34, 74), (1, 38), (51, 65), (39, 85), (66, 77), (47, 74), (48, 84), (0, 75), (36, 82), (71, 91), (34, 67), (10, 84), (19, 37), (55, 76), (25, 93), (87, 89), (37, 98), (38, 67), (79, 85), (68, 88), (69, 95), (16, 82), (32, 62), (40, 104), (42, 88), (58, 76), (91, 99), (87, 106), (55, 56), (10, 81), (46, 62), (59, 113), (83, 95), (51, 64), (64, 68), (89, 93), (83, 112))
((7, 15), (15, 31), (0, 32), (27, 33), (6, 22), (8, 34), (14, 36), (18, 26), (3, 35), (30, 38), (13, 21), (23, 31), (5, 29), (16, 37), (12, 28), (20, 28), (13, 47), (19, 27), (33, 41), (44, 48), (24, 45), (46, 51), (33, 45), (1, 37), (34, 54), (22, 30), (39, 43), (43, 52), (12, 32), (40, 60), (9, 25), (17, 62), (59, 62), (55, 64), (9, 39), (1, 66), (63, 67), (11, 49), (56, 68), (11, 35), (10, 26), (58, 70), (47, 71), (61, 74), (23, 57), (38, 44), (32, 76), (43, 78), (40, 72), (32, 69), (32, 59), (19, 58), (42, 53), (10, 67), (50, 76), (3, 69), (83, 87), (14, 42), (4, 49), (43, 90), (46, 91), (74, 91), (36, 78), (64, 73), (0, 52), (4, 20), (61, 97), (41, 89), (5, 21), (57, 100), (77, 101), (97, 100), (37, 63), (50, 94), (53, 103), (48, 103), (16, 82), (2, 17), (66, 109), (80, 83), (72, 109), (25, 112), (89, 101), (2, 81), (10, 115), (80, 116), (56, 108), (68, 112))
((0, 24), (15, 23), (16, 33), (32, 34), (7, 31), (14, 22), (23, 37), (36, 38), (12, 28), (5, 21), (6, 22), (41, 42), (21, 29), (14, 44), (43, 45), (6, 30), (45, 47), (7, 47), (33, 49), (2, 10), (15, 31), (42, 52), (49, 53), (38, 53), (32, 52), (26, 51), (17, 25), (57, 58), (11, 27), (8, 56), (33, 61), (52, 60), (10, 18), (5, 13), (30, 65), (37, 66), (43, 66), (3, 60), (11, 19), (33, 70), (64, 71), (69, 72), (1, 8), (34, 74), (58, 75), (9, 25), (51, 63), (64, 77), (59, 79), (18, 57), (36, 78), (19, 82), (4, 12), (13, 84), (44, 85), (33, 81), (40, 41), (85, 88), (3, 36), (87, 90), (82, 91), (72, 91), (20, 28), (29, 94), (88, 95), (65, 95), (4, 71), (94, 98), (17, 36), (40, 63), (98, 101), (1, 9), (2, 103), (81, 104), (79, 104), (0, 61), (16, 107), (36, 108), (56, 109), (32, 100), (103, 111), (77, 107), (111, 113), (75, 113), (20, 27), (90, 116), (101, 117), (84, 117))
((2, 17), (4, 20), (5, 29), (15, 31), (20, 28), (6, 22), (14, 37), (30, 38), (34, 38), (7, 15), (0, 41), (12, 28), (12, 41), (22, 30), (5, 21), (45, 46), (10, 26), (27, 35), (36, 49), (3, 49), (13, 21), (13, 36), (18, 26), (23, 31), (11, 50), (8, 42), (16, 57), (24, 58), (1, 57), (55, 59), (16, 61), (23, 45), (34, 53), (9, 54), (9, 25), (17, 66), (1, 65), (32, 65), (19, 27), (43, 64), (10, 68), (14, 52), (35, 39), (11, 70), (57, 67), (61, 66), (4, 70), (55, 78), (47, 73), (52, 71), (33, 46), (32, 48), (63, 74), (39, 73), (40, 47), (48, 51), (3, 75), (41, 63), (44, 51), (33, 90), (37, 89), (41, 62), (54, 55), (0, 59), (35, 58), (67, 68), (60, 77), (83, 97), (41, 75), (19, 94), (71, 82), (56, 79), (43, 79), (53, 82), (25, 83), (87, 101), (88, 101), (74, 92), (55, 89), (56, 90), (2, 100), (42, 96), (97, 113), (10, 112), (93, 113), (87, 115), (94, 114), (77, 118))
((7, 15), (0, 32), (16, 32), (2, 32), (12, 32), (8, 33), (2, 17), (1, 37), (10, 35), (4, 20), (16, 37), (5, 21), (5, 29), (6, 22), (9, 25), (10, 26), (38, 47), (41, 43), (24, 42), (0, 50), (14, 45), (44, 52), (15, 31), (42, 54), (33, 55), (18, 26), (9, 57), (1, 58), (19, 27), (4, 60), (11, 60), (3, 62), (40, 62), (27, 54), (3, 65), (11, 65), (36, 66), (47, 66), (64, 69), (41, 68), (38, 58), (10, 59), (12, 28), (13, 21), (17, 46), (37, 76), (14, 75), (30, 52), (78, 79), (54, 79), (22, 30), (43, 82), (78, 83), (23, 82), (32, 85), (81, 85), (45, 86), (81, 88), (53, 83), (23, 31), (50, 91), (34, 92), (46, 92), (39, 94), (57, 91), (19, 96), (56, 96), (69, 97), (63, 97), (20, 28), (13, 101), (67, 101), (68, 103), (44, 102), (49, 102), (74, 105), (75, 107), (49, 107), (59, 76), (98, 110), (48, 110), (25, 48), (94, 111), (86, 91), (56, 93), (61, 91), (74, 117), (103, 117))
((7, 15), (18, 26), (15, 31), (23, 31), (27, 34), (19, 27), (20, 28), (3, 36), (22, 30), (13, 21), (10, 26), (12, 28), (13, 38), (14, 41), (11, 37), (39, 42), (9, 33), (33, 35), (9, 25), (5, 29), (17, 50), (23, 40), (19, 49), (36, 38), (44, 51), (11, 55), (47, 54), (43, 56), (6, 22), (41, 59), (14, 60), (30, 62), (34, 63), (45, 63), (53, 64), (51, 62), (32, 39), (32, 53), (12, 68), (35, 69), (32, 46), (57, 70), (60, 69), (64, 74), (35, 37), (4, 76), (0, 32), (8, 78), (16, 79), (34, 80), (78, 81), (46, 54), (3, 83), (24, 80), (35, 85), (50, 86), (79, 87), (43, 77), (57, 77), (4, 20), (5, 21), (0, 85), (40, 92), (45, 94), (67, 94), (91, 92), (70, 91), (59, 97), (44, 97), (10, 72), (52, 79), (32, 86), (16, 103), (82, 104), (1, 88), (1, 48), (52, 107), (10, 107), (82, 108), (49, 110), (87, 111), (2, 101), (47, 113), (2, 17), (48, 115), (42, 115), (25, 117), (108, 117))
((7, 15), (0, 32), (8, 33), (16, 34), (18, 26), (15, 31), (27, 37), (6, 22), (23, 31), (14, 39), (19, 27), (22, 30), (20, 28), (3, 38), (10, 26), (13, 21), (30, 41), (12, 28), (24, 35), (5, 29), (1, 34), (37, 48), (14, 47), (9, 36), (35, 37), (13, 44), (51, 57), (49, 58), (47, 59), (45, 46), (11, 42), (33, 56), (41, 51), (36, 40), (40, 50), (12, 32), (45, 67), (9, 25), (17, 69), (34, 70), (66, 69), (52, 72), (1, 55), (10, 74), (70, 74), (63, 76), (65, 77), (38, 44), (11, 79), (68, 80), (16, 66), (32, 82), (63, 83), (48, 54), (23, 43), (53, 86), (32, 86), (39, 88), (40, 88), (53, 89), (32, 62), (19, 65), (3, 62), (93, 94), (61, 93), (4, 42), (40, 97), (80, 98), (49, 98), (0, 50), (72, 78), (4, 20), (68, 103), (5, 21), (43, 105), (54, 106), (64, 106), (103, 105), (59, 109), (57, 109), (2, 17), (55, 112), (46, 112), (76, 114), (25, 114), (2, 92), (10, 117), (61, 118))
((23, 31), (18, 26), (7, 15), (5, 29), (9, 25), (10, 26), (5, 21), (15, 31), (22, 30), (27, 39), (6, 22), (17, 36), (2, 17), (12, 28), (14, 42), (19, 27), (4, 20), (13, 21), (32, 33), (4, 47), (14, 49), (20, 28), (9, 33), (16, 34), (1, 54), (10, 56), (12, 34), (38, 48), (10, 34), (11, 47), (19, 50), (23, 40), (13, 53), (38, 40), (0, 34), (35, 64), (59, 64), (37, 44), (43, 56), (34, 63), (45, 67), (44, 54), (3, 61), (32, 51), (25, 69), (3, 41), (2, 60), (52, 65), (35, 46), (37, 77), (30, 46), (39, 82), (11, 41), (61, 78), (59, 72), (81, 85), (8, 66), (32, 71), (43, 88), (42, 71), (16, 88), (63, 83), (52, 82), (1, 88), (58, 77), (53, 84), (45, 75), (65, 80), (75, 97), (62, 74), (62, 81), (49, 72), (83, 91), (39, 92), (66, 105), (69, 70), (48, 96), (70, 106), (24, 92), (50, 109), (32, 110), (96, 97), (0, 110), (36, 112), (95, 115), (111, 115), (55, 112), (106, 118))
((18, 26), (15, 31), (27, 33), (23, 31), (19, 27), (22, 30), (20, 28), (12, 28), (3, 34), (23, 37), (9, 32), (1, 42), (9, 25), (17, 44), (43, 45), (4, 36), (35, 47), (39, 48), (4, 20), (2, 17), (5, 29), (10, 26), (40, 53), (5, 21), (34, 38), (37, 55), (42, 51), (32, 35), (50, 55), (51, 53), (25, 61), (19, 59), (54, 63), (10, 43), (46, 61), (6, 22), (14, 67), (30, 68), (33, 69), (11, 36), (3, 71), (11, 56), (48, 73), (41, 70), (52, 68), (57, 76), (13, 38), (52, 78), (39, 79), (60, 80), (60, 78), (63, 72), (7, 15), (0, 84), (41, 84), (35, 86), (12, 84), (71, 84), (40, 88), (73, 90), (2, 89), (10, 92), (54, 93), (13, 21), (14, 95), (80, 95), (57, 96), (69, 96), (8, 85), (16, 100), (24, 101), (0, 102), (33, 101), (85, 104), (46, 105), (59, 106), (35, 102), (16, 108), (84, 109), (105, 110), (50, 90), (1, 100), (45, 100), (44, 108), (113, 115), (107, 115), (67, 86), (70, 118))
((7, 15), (0, 32), (8, 33), (1, 34), (12, 32), (16, 34), (2, 17), (4, 20), (5, 21), (13, 21), (14, 41), (39, 40), (6, 22), (14, 44), (24, 37), (0, 46), (9, 25), (17, 48), (34, 49), (10, 26), (38, 51), (18, 26), (9, 53), (1, 54), (10, 55), (38, 54), (25, 52), (49, 55), (52, 59), (19, 27), (4, 61), (11, 61), (3, 63), (32, 63), (2, 65), (10, 66), (12, 28), (20, 28), (13, 69), (43, 70), (5, 29), (45, 72), (70, 72), (68, 74), (43, 75), (41, 75), (22, 30), (30, 45), (40, 78), (42, 80), (42, 79), (23, 78), (32, 83), (44, 84), (73, 80), (15, 31), (37, 87), (33, 88), (23, 31), (46, 90), (16, 91), (32, 92), (89, 93), (48, 91), (35, 95), (53, 90), (19, 97), (59, 89), (97, 99), (95, 100), (27, 87), (3, 102), (36, 103), (39, 104), (62, 90), (51, 103), (98, 107), (67, 107), (64, 98), (69, 102), (11, 111), (104, 112), (106, 112), (68, 106), (84, 90), (79, 87), (83, 117), (85, 117))
((20, 28), (2, 17), (7, 15), (0, 34), (13, 21), (10, 26), (12, 34), (23, 31), (8, 35), (16, 40), (18, 26), (15, 31), (5, 21), (27, 43), (9, 25), (39, 42), (6, 22), (9, 42), (14, 48), (19, 27), (22, 30), (3, 45), (11, 51), (32, 45), (30, 50), (12, 28), (24, 41), (41, 43), (5, 29), (1, 40), (43, 56), (14, 36), (13, 32), (60, 64), (57, 65), (36, 66), (37, 53), (35, 59), (50, 60), (39, 58), (38, 53), (0, 58), (17, 46), (40, 74), (46, 71), (16, 71), (61, 76), (1, 49), (10, 79), (74, 79), (69, 81), (47, 82), (11, 55), (72, 84), (34, 77), (34, 54), (69, 86), (56, 63), (23, 52), (62, 90), (34, 90), (48, 92), (62, 93), (39, 92), (4, 20), (19, 47), (68, 97), (33, 49), (3, 54), (97, 100), (4, 51), (39, 102), (57, 103), (84, 103), (76, 83), (72, 96), (44, 52), (70, 108), (63, 108), (44, 96), (66, 111), (64, 111), (33, 37), (25, 114), (81, 114), (2, 87), (10, 117), (68, 118))
((7, 15), (0, 32), (8, 33), (16, 34), (18, 26), (15, 31), (27, 37), (6, 22), (23, 31), (14, 39), (19, 27), (22, 30), (20, 28), (3, 38), (10, 26), (13, 21), (30, 41), (12, 28), (24, 35), (5, 29), (1, 34), (37, 48), (14, 47), (9, 36), (35, 37), (13, 44), (51, 57), (49, 58), (47, 59), (45, 46), (11, 42), (33, 56), (41, 51), (36, 40), (40, 50), (12, 32), (45, 67), (9, 25), (17, 69), (34, 70), (66, 69), (52, 72), (1, 55), (10, 74), (70, 74), (63, 76), (65, 77), (38, 44), (11, 79), (68, 80), (16, 66), (32, 82), (63, 83), (48, 54), (23, 43), (53, 86), (32, 86), (39, 88), (53, 89), (40, 88), (32, 62), (19, 65), (61, 93), (3, 62), (93, 95), (4, 42), (40, 97), (49, 98), (80, 98), (72, 78), (0, 50), (4, 20), (68, 103), (5, 21), (43, 105), (64, 106), (54, 106), (103, 105), (59, 109), (57, 109), (2, 17), (55, 112), (46, 112), (25, 114), (76, 114), (2, 92), (10, 117), (61, 118))
((7, 15), (0, 32), (8, 33), (16, 34), (18, 26), (15, 31), (27, 37), (6, 22), (23, 31), (14, 39), (19, 27), (22, 30), (20, 28), (3, 38), (10, 26), (13, 21), (30, 41), (12, 28), (24, 35), (5, 29), (9, 36), (35, 37), (13, 44), (11, 42), (33, 53), (36, 40), (40, 50), (12, 32), (9, 25), (17, 60), (58, 60), (1, 52), (61, 63), (38, 44), (23, 43), (19, 57), (4, 42), (4, 20), (5, 21), (2, 17), (32, 55), (46, 71), (43, 70), (11, 65), (69, 70), (40, 68), (32, 66), (37, 48), (56, 64), (3, 67), (14, 47), (10, 72), (45, 46), (45, 59), (1, 62), (51, 54), (49, 87), (16, 32), (66, 79), (55, 81), (34, 86), (75, 77), (10, 63), (49, 77), (57, 80), (62, 96), (76, 88), (2, 83), (58, 89), (41, 51), (74, 101), (74, 82), (75, 85), (56, 100), (52, 71), (47, 88), (40, 78), (67, 84), (54, 76), (25, 73), (48, 82), (0, 50), (84, 99), (64, 73), (69, 85), (39, 78), (79, 117), (34, 61))
((7, 15), (0, 32), (8, 33), (16, 34), (18, 26), (15, 31), (27, 37), (6, 22), (23, 31), (14, 39), (19, 27), (22, 30), (20, 28), (3, 38), (10, 26), (13, 21), (30, 41), (12, 28), (24, 35), (5, 29), (37, 48), (14, 47), (9, 36), (35, 37), (13, 44), (51, 56), (49, 57), (45, 46), (11, 42), (33, 55), (36, 40), (40, 50), (12, 32), (45, 64), (9, 25), (17, 66), (63, 66), (1, 54), (38, 44), (11, 70), (23, 43), (32, 72), (32, 60), (19, 62), (4, 42), (4, 20), (5, 21), (43, 78), (77, 78), (2, 17), (46, 81), (2, 74), (61, 62), (3, 75), (1, 68), (67, 69), (40, 76), (16, 32), (54, 81), (25, 82), (39, 73), (71, 88), (56, 80), (34, 86), (48, 53), (52, 92), (84, 87), (60, 85), (65, 71), (53, 79), (10, 83), (82, 87), (52, 72), (47, 58), (40, 73), (63, 89), (61, 107), (59, 102), (34, 67), (58, 80), (0, 50), (59, 75), (68, 98), (10, 69), (65, 77), (49, 88), (41, 51), (79, 118))
((1, 25), (9, 17), (2, 26), (22, 30), (0, 33), (1, 36), (5, 13), (35, 38), (15, 23), (6, 15), (15, 31), (11, 19), (33, 34), (14, 39), (42, 43), (20, 29), (7, 23), (18, 44), (28, 48), (38, 47), (13, 21), (51, 52), (12, 19), (7, 31), (8, 40), (28, 51), (30, 48), (3, 43), (32, 56), (16, 60), (34, 59), (37, 60), (50, 54), (27, 55), (41, 58), (64, 65), (59, 64), (20, 68), (4, 67), (40, 69), (24, 55), (2, 65), (48, 63), (10, 73), (37, 72), (46, 75), (17, 61), (55, 62), (12, 53))
((23, 31), (2, 17), (7, 15), (22, 30), (18, 26), (9, 25), (0, 34), (8, 38), (19, 27), (15, 31), (9, 36), (16, 39), (24, 43), (17, 37), (4, 40), (10, 26), (33, 47), (5, 21), (1, 42), (32, 44), (45, 50), (37, 51), (20, 28), (1, 39), (13, 21), (13, 54), (6, 22), (16, 51), (33, 42), (23, 35), (27, 41), (10, 50), (53, 55), (14, 58), (5, 29), (30, 65), (34, 61), (41, 43), (38, 69), (57, 66), (35, 49), (12, 34), (32, 36), (19, 74), (41, 67), (3, 62), (65, 66), (14, 56), (52, 70), (72, 79), (11, 40), (47, 77), (0, 44), (12, 28), (58, 68), (67, 79), (54, 62), (25, 48), (32, 46), (4, 20), (49, 91), (3, 82), (32, 68), (85, 90), (57, 92), (71, 85), (11, 88), (48, 52), (34, 82), (75, 83), (34, 59), (70, 102), (75, 93), (74, 80), (39, 45), (2, 100), (73, 77), (98, 108), (91, 108), (72, 78), (92, 97), (61, 76), (10, 107), (56, 97), (76, 86), (83, 114), (53, 105), (90, 98))
((7, 15), (0, 32), (8, 33), (16, 34), (18, 26), (15, 31), (27, 37), (6, 22), (23, 31), (14, 39), (19, 27), (22, 30), (20, 28), (3, 38), (10, 26), (13, 21), (30, 41), (12, 28), (24, 35), (5, 29), (1, 34), (37, 48), (14, 47), (9, 36), (35, 37), (13, 44), (51, 57), (49, 58), (47, 59), (45, 46), (11, 42), (33, 56), (41, 51), (36, 40), (40, 50), (12, 32), (45, 67), (9, 25), (17, 69), (34, 70), (66, 69), (52, 72), (1, 55), (10, 74), (70, 74), (63, 76), (65, 77), (38, 44), (11, 79), (68, 80), (16, 66), (32, 82), (63, 83), (48, 54), (23, 43), (53, 86), (32, 86), (39, 88), (53, 89), (40, 88), (32, 62), (19, 65), (61, 93), (3, 62), (93, 95), (4, 42), (40, 97), (49, 98), (80, 98), (72, 78), (0, 50), (4, 20), (68, 103), (5, 21), (43, 105), (54, 106), (64, 106), (103, 105), (59, 109), (57, 109), (2, 17), (55, 112), (46, 112), (25, 114), (76, 114), (2, 92), (10, 117), (61, 118))
((9, 25), (3, 27), (15, 31), (33, 34), (16, 17), (2, 10), (18, 26), (5, 13), (18, 32), (3, 11), (1, 17), (8, 24), (34, 43), (0, 43), (1, 25), (10, 26), (26, 46), (13, 21), (4, 28), (46, 47), (40, 51), (23, 31), (32, 42), (22, 30), (24, 36), (14, 39), (12, 50), (49, 55), (53, 56), (44, 60), (12, 35), (55, 57), (19, 53), (6, 59), (20, 58), (54, 60), (27, 64), (45, 53), (38, 64), (58, 68), (41, 68), (35, 70), (47, 73), (46, 61), (66, 72), (62, 76), (70, 72), (53, 78), (37, 42), (52, 80), (48, 80))
((7, 15), (0, 32), (8, 33), (16, 34), (18, 26), (15, 31), (27, 37), (6, 22), (23, 31), (14, 39), (19, 27), (22, 30), (20, 28), (3, 38), (10, 26), (13, 21), (30, 41), (12, 28), (24, 35), (5, 29), (1, 34), (37, 48), (14, 47), (9, 36), (35, 37), (13, 44), (51, 57), (49, 58), (47, 59), (45, 46), (11, 42), (33, 56), (41, 51), (36, 40), (40, 50), (12, 32), (45, 67), (0, 50), (48, 54), (19, 65), (61, 71), (23, 43), (53, 73), (32, 73), (40, 75), (39, 75), (53, 77), (2, 17), (55, 79), (46, 79), (25, 81), (4, 20), (68, 83), (3, 62), (71, 85), (1, 55), (10, 87), (32, 66), (16, 89), (63, 90), (5, 21), (83, 92), (59, 93), (57, 93), (43, 92), (54, 96), (64, 96), (9, 25), (66, 99), (52, 100), (2, 10), (32, 62), (102, 103), (61, 104), (4, 42), (17, 99), (34, 107), (87, 107), (81, 109), (63, 109), (65, 111), (100, 112), (40, 106), (49, 114), (38, 44), (11, 116), (68, 117), (114, 117))
((0, 24), (15, 31), (32, 33), (2, 10), (7, 31), (26, 35), (15, 23), (11, 27), (33, 39), (10, 18), (5, 13), (3, 39), (11, 19), (38, 44), (30, 42), (17, 25), (1, 8), (14, 22), (9, 25), (41, 50), (35, 40), (36, 52), (18, 37), (16, 38), (12, 28), (6, 22), (4, 12), (3, 36), (38, 54), (23, 49), (5, 21), (56, 62), (57, 62), (46, 64), (20, 28), (8, 34), (38, 67), (17, 36), (32, 69), (1, 9), (40, 56), (41, 45), (43, 73), (21, 29), (14, 75), (64, 76), (48, 55), (47, 78), (37, 47), (59, 60), (73, 81), (53, 81), (33, 57), (61, 84), (32, 55), (13, 58), (75, 87), (63, 87), (19, 53), (29, 66), (42, 91), (63, 91), (4, 45), (66, 94), (72, 94), (70, 71), (51, 80), (36, 61), (46, 49), (2, 71), (54, 101), (51, 101), (0, 67), (50, 104), (78, 105), (70, 105), (16, 104), (36, 108), (34, 109), (20, 27), (59, 111), (72, 112), (58, 112), (6, 30), (76, 115), (7, 115), (84, 117), (38, 117))
((7, 15), (0, 32), (8, 33), (16, 34), (18, 26), (15, 31), (27, 37), (6, 22), (23, 31), (14, 39), (19, 27), (22, 30), (20, 28), (3, 38), (10, 26), (13, 21), (30, 41), (12, 28), (24, 35), (5, 29), (1, 34), (37, 48), (14, 47), (9, 36), (35, 37), (13, 44), (51, 57), (49, 58), (45, 46), (11, 42), (33, 56), (36, 40), (40, 50), (12, 32), (45, 65), (9, 25), (17, 67), (34, 68), (64, 67), (52, 70), (1, 55), (10, 72), (68, 72), (62, 74), (38, 44), (11, 76), (16, 64), (32, 78), (23, 43), (32, 80), (39, 81), (40, 81), (32, 61), (19, 63), (60, 85), (3, 61), (85, 87), (4, 42), (40, 89), (4, 20), (5, 21), (43, 92), (91, 92), (57, 94), (2, 17), (46, 96), (25, 97), (59, 94), (66, 77), (49, 90), (55, 96), (0, 50), (48, 54), (74, 97), (47, 59), (66, 91), (41, 51), (93, 108), (53, 82), (77, 90), (2, 84), (10, 112), (60, 113), (54, 93), (53, 80), (62, 79), (63, 75), (70, 118))
((22, 30), (5, 21), (10, 26), (7, 15), (12, 35), (6, 22), (13, 21), (5, 29), (2, 17), (15, 31), (18, 26), (9, 42), (12, 28), (27, 41), (40, 43), (0, 35), (19, 27), (3, 45), (8, 47), (14, 37), (20, 28), (39, 51), (36, 49), (23, 31), (9, 25), (32, 33), (4, 20), (23, 32), (13, 52), (39, 60), (14, 38), (11, 48), (54, 58), (17, 56), (34, 40), (42, 55), (19, 67), (4, 48), (34, 49), (3, 63), (25, 66), (33, 58), (30, 51), (44, 61), (62, 74), (57, 62), (60, 73), (55, 69), (45, 52), (35, 63), (1, 43), (16, 50), (68, 71), (2, 81), (41, 74), (10, 85), (70, 87), (10, 82), (44, 79), (35, 59), (1, 50), (41, 83), (11, 80), (65, 82), (50, 65), (53, 57), (24, 83), (59, 86), (47, 93), (0, 98), (37, 91), (55, 98), (56, 103), (38, 75), (16, 103), (55, 91), (92, 104), (95, 100), (86, 102), (67, 109), (54, 94), (35, 106), (100, 113), (68, 70), (79, 94), (104, 111), (66, 95), (73, 75))
((7, 15), (0, 32), (8, 33), (16, 34), (6, 22), (15, 31), (18, 26), (27, 37), (23, 31), (14, 36), (19, 27), (20, 28), (22, 30), (3, 39), (10, 26), (13, 21), (24, 35), (30, 41), (12, 28), (5, 29), (37, 49), (1, 34), (9, 38), (13, 43), (14, 47), (35, 37), (51, 55), (50, 58), (47, 59), (45, 46), (11, 42), (33, 57), (38, 40), (12, 32), (40, 48), (41, 51), (45, 65), (9, 25), (17, 69), (34, 70), (66, 69), (1, 54), (53, 72), (10, 73), (70, 73), (64, 76), (63, 77), (39, 43), (11, 79), (68, 80), (16, 66), (32, 82), (63, 83), (49, 56), (23, 44), (52, 86), (32, 86), (40, 88), (36, 88), (32, 62), (19, 64), (52, 90), (3, 92), (61, 92), (4, 40), (42, 96), (0, 48), (80, 97), (62, 94), (50, 97), (72, 78), (5, 21), (4, 20), (68, 104), (44, 103), (67, 106), (56, 106), (103, 104), (59, 109), (55, 109), (2, 17), (54, 112), (2, 10), (46, 112), (25, 115), (76, 115), (91, 114), (61, 118))
((7, 15), (0, 32), (8, 33), (16, 34), (18, 26), (15, 31), (27, 37), (6, 22), (23, 31), (14, 39), (19, 27), (22, 30), (20, 28), (3, 38), (10, 26), (13, 21), (30, 41), (12, 28), (24, 35), (5, 29), (1, 34), (37, 48), (14, 47), (9, 36), (35, 37), (13, 44), (51, 57), (49, 58), (45, 46), (11, 42), (33, 56), (36, 40), (40, 50), (12, 32), (45, 65), (9, 25), (17, 67), (34, 68), (64, 67), (52, 70), (1, 55), (10, 72), (68, 72), (62, 74), (63, 75), (38, 44), (11, 77), (66, 78), (16, 64), (32, 80), (62, 81), (48, 54), (23, 43), (53, 84), (32, 84), (39, 86), (53, 87), (40, 86), (32, 61), (19, 63), (60, 91), (3, 61), (91, 93), (4, 42), (40, 95), (49, 96), (78, 96), (70, 76), (0, 50), (4, 20), (66, 101), (5, 21), (43, 103), (54, 104), (101, 103), (59, 106), (57, 106), (2, 17), (55, 109), (46, 109), (25, 111), (74, 111), (2, 90), (10, 114), (60, 115), (47, 59), (41, 51), (104, 118))
((20, 28), (6, 22), (12, 28), (19, 27), (4, 20), (7, 15), (2, 17), (13, 32), (22, 30), (18, 26), (15, 31), (13, 21), (0, 37), (23, 31), (23, 40), (10, 26), (9, 25), (9, 41), (27, 42), (5, 29), (12, 37), (17, 48), (38, 49), (41, 45), (14, 33), (30, 56), (39, 51), (32, 50), (42, 57), (3, 50), (52, 61), (14, 43), (36, 62), (47, 61), (11, 35), (4, 35), (8, 44), (38, 47), (5, 21), (40, 70), (1, 49), (3, 66), (37, 46), (36, 70), (33, 74), (34, 58), (45, 67), (34, 78), (10, 72), (51, 56), (19, 55), (1, 68), (39, 75), (73, 82), (53, 68), (37, 66), (75, 77), (45, 74), (63, 71), (43, 77), (53, 72), (16, 68), (69, 92), (71, 81), (24, 93), (57, 63), (2, 87), (42, 93), (25, 69), (46, 60), (44, 99), (60, 76), (45, 96), (0, 96), (10, 98), (48, 104), (16, 104), (11, 59), (92, 102), (55, 110), (65, 82), (37, 108), (102, 113), (83, 107), (78, 109), (107, 111), (62, 109), (65, 106))
((13, 21), (23, 31), (12, 28), (5, 21), (15, 31), (27, 36), (18, 26), (2, 17), (3, 37), (4, 20), (10, 26), (7, 15), (5, 29), (22, 30), (14, 32), (9, 38), (6, 22), (35, 41), (23, 45), (9, 25), (20, 28), (35, 45), (39, 47), (46, 53), (0, 43), (13, 52), (14, 48), (8, 56), (17, 51), (19, 27), (12, 43), (33, 38), (4, 61), (1, 47), (39, 42), (44, 58), (10, 65), (40, 62), (37, 52), (44, 57), (25, 66), (11, 70), (60, 65), (11, 61), (40, 42), (19, 63), (30, 58), (43, 50), (46, 78), (36, 78), (49, 57), (1, 59), (3, 75), (43, 75), (16, 59), (59, 60), (76, 77), (33, 64), (50, 81), (53, 67), (2, 85), (33, 79), (48, 79), (34, 89), (73, 89), (66, 74), (77, 84), (69, 73), (36, 86), (34, 71), (56, 100), (32, 101), (49, 101), (74, 102), (24, 86), (0, 106), (10, 92), (41, 69), (76, 108), (33, 106), (81, 94), (16, 111), (51, 111), (83, 114), (43, 113), (63, 105), (114, 117), (102, 116))
((15, 23), (8, 32), (14, 22), (16, 33), (24, 35), (7, 31), (1, 25), (10, 18), (11, 19), (3, 11), (26, 38), (0, 36), (4, 12), (5, 44), (13, 29), (15, 34), (37, 47), (5, 13), (17, 37), (27, 37), (7, 23), (41, 52), (28, 51), (21, 29), (45, 55), (32, 40), (44, 53), (40, 58), (27, 41), (39, 60), (57, 61), (4, 20), (24, 32), (56, 63), (2, 26), (51, 66), (19, 67), (60, 68), (14, 30), (48, 70), (9, 25), (37, 43), (64, 73), (72, 73), (6, 70), (55, 76), (22, 76), (52, 78), (71, 79), (47, 79), (32, 48), (36, 52), (49, 56), (3, 54), (59, 85), (39, 42), (66, 87), (72, 87), (8, 43), (28, 63), (57, 91), (59, 92), (17, 38), (35, 94), (12, 91), (85, 96), (46, 96), (65, 98), (33, 83), (74, 100), (50, 100), (9, 94), (102, 103), (75, 95), (6, 49), (2, 18), (103, 107), (89, 108), (42, 108), (53, 107), (62, 111), (67, 111), (78, 106), (45, 98), (75, 102), (34, 46), (77, 117), (106, 117))
((7, 15), (0, 32), (8, 33), (16, 34), (18, 26), (15, 31), (27, 37), (6, 22), (23, 31), (14, 39), (19, 27), (22, 30), (20, 28), (3, 38), (10, 26), (13, 21), (30, 41), (12, 28), (24, 35), (5, 29), (9, 36), (35, 37), (13, 44), (11, 42), (36, 40), (40, 50), (12, 32), (9, 25), (17, 59), (1, 52), (60, 61), (38, 44), (23, 43), (32, 55), (4, 42), (4, 20), (5, 21), (2, 17), (33, 53), (67, 68), (45, 58), (67, 72), (54, 71), (62, 70), (11, 63), (72, 76), (37, 48), (10, 61), (19, 56), (55, 80), (3, 81), (0, 50), (45, 46), (80, 84), (64, 78), (34, 60), (10, 65), (46, 69), (25, 89), (56, 75), (43, 68), (32, 64), (40, 93), (39, 93), (78, 95), (62, 89), (14, 47), (48, 98), (51, 54), (49, 100), (71, 101), (40, 66), (76, 103), (49, 103), (41, 51), (92, 106), (52, 69), (32, 57), (16, 109), (70, 110), (92, 98), (57, 59), (91, 113), (34, 113), (1, 115), (47, 101), (2, 88), (84, 118))
((7, 15), (0, 32), (8, 33), (16, 34), (18, 26), (15, 31), (27, 37), (6, 22), (23, 31), (14, 39), (19, 27), (22, 30), (20, 28), (3, 38), (10, 26), (13, 21), (30, 41), (12, 28), (24, 35), (5, 29), (1, 34), (37, 48), (14, 47), (9, 36), (35, 37), (13, 44), (51, 57), (49, 58), (47, 59), (45, 46), (11, 42), (33, 56), (41, 51), (36, 40), (40, 50), (12, 32), (45, 67), (9, 25), (17, 69), (34, 70), (66, 69), (52, 72), (1, 55), (10, 74), (70, 74), (63, 76), (65, 77), (38, 44), (11, 79), (68, 80), (16, 66), (32, 82), (63, 83), (48, 54), (23, 43), (53, 86), (32, 86), (39, 88), (53, 89), (40, 88), (32, 62), (19, 65), (61, 93), (3, 62), (93, 95), (4, 42), (40, 97), (49, 98), (80, 98), (72, 78), (0, 50), (4, 20), (68, 103), (5, 21), (43, 105), (64, 106), (54, 106), (103, 105), (59, 109), (57, 109), (2, 17), (55, 112), (46, 112), (25, 114), (76, 114), (2, 92), (10, 117), (61, 118))
((4, 20), (10, 26), (22, 30), (5, 29), (13, 21), (20, 28), (5, 21), (23, 31), (12, 28), (2, 17), (33, 41), (25, 42), (18, 26), (39, 44), (9, 44), (7, 15), (0, 47), (32, 38), (9, 25), (17, 50), (15, 31), (19, 45), (19, 27), (4, 54), (39, 55), (12, 47), (13, 37), (40, 56), (6, 22), (14, 60), (35, 61), (30, 61), (52, 63), (11, 54), (47, 65), (2, 66), (3, 65), (53, 68), (35, 58), (40, 70), (36, 71), (49, 71), (1, 46), (51, 74), (8, 48), (16, 76), (52, 77), (51, 76), (34, 38), (62, 80), (23, 34), (47, 82), (64, 82), (60, 83), (64, 85), (39, 83), (14, 36), (63, 88), (80, 88), (42, 75), (41, 46), (1, 76), (24, 77), (39, 94), (16, 95), (0, 94), (50, 95), (93, 98), (10, 67), (47, 96), (10, 74), (27, 52), (37, 103), (3, 103), (57, 105), (48, 78), (75, 107), (45, 108), (98, 109), (33, 105), (53, 111), (100, 111), (11, 104), (56, 114), (106, 114), (32, 106), (49, 58), (101, 107))
((7, 15), (0, 32), (8, 33), (16, 34), (18, 26), (15, 31), (27, 37), (6, 22), (23, 31), (14, 39), (19, 27), (22, 30), (20, 28), (3, 38), (10, 26), (13, 21), (30, 41), (12, 28), (24, 35), (5, 29), (1, 34), (37, 48), (14, 47), (9, 36), (35, 37), (13, 44), (51, 57), (49, 58), (47, 59), (45, 46), (11, 42), (33, 56), (41, 51), (36, 40), (40, 50), (12, 32), (45, 67), (9, 25), (17, 69), (34, 70), (66, 69), (52, 72), (1, 55), (10, 74), (70, 74), (63, 76), (65, 77), (38, 44), (11, 79), (68, 80), (16, 66), (32, 82), (63, 83), (48, 54), (23, 43), (53, 86), (32, 86), (39, 88), (53, 89), (40, 88), (32, 62), (19, 65), (61, 93), (3, 62), (93, 95), (4, 42), (40, 97), (49, 98), (80, 98), (72, 78), (0, 50), (4, 20), (68, 103), (10, 92), (2, 105), (61, 106), (2, 17), (55, 108), (46, 108), (25, 110), (76, 110), (5, 21), (103, 113), (59, 114), (57, 114), (43, 113), (64, 117), (54, 117))
((7, 15), (6, 22), (18, 26), (13, 21), (5, 21), (14, 35), (4, 20), (36, 38), (23, 31), (9, 34), (9, 25), (19, 27), (22, 30), (20, 28), (12, 28), (12, 32), (5, 29), (14, 33), (10, 26), (2, 17), (15, 31), (17, 42), (0, 32), (34, 40), (4, 43), (1, 41), (13, 45), (36, 44), (8, 54), (48, 58), (37, 59), (46, 61), (1, 60), (11, 43), (23, 44), (19, 55), (48, 49), (53, 60), (59, 68), (50, 51), (41, 51), (30, 49), (27, 52), (40, 56), (32, 65), (3, 74), (52, 73), (53, 57), (2, 76), (47, 77), (35, 63), (39, 63), (10, 57), (39, 58), (38, 81), (50, 77), (71, 79), (16, 60), (32, 66), (25, 71), (3, 65), (37, 73), (45, 74), (67, 92), (46, 75), (67, 87), (33, 90), (40, 90), (52, 89), (10, 80), (11, 94), (66, 78), (75, 102), (24, 89), (81, 102), (78, 98), (54, 100), (79, 108), (87, 101), (0, 105), (40, 105), (16, 112), (55, 109), (42, 112), (32, 113), (64, 115), (114, 115), (108, 116))
((7, 15), (0, 32), (8, 33), (16, 34), (18, 26), (15, 31), (27, 37), (6, 22), (23, 31), (14, 39), (19, 27), (22, 30), (20, 28), (3, 38), (10, 26), (13, 21), (30, 41), (12, 28), (24, 35), (5, 29), (1, 34), (37, 48), (14, 47), (9, 36), (35, 37), (13, 44), (51, 57), (49, 58), (47, 59), (45, 46), (11, 42), (33, 56), (41, 51), (36, 40), (40, 50), (12, 32), (45, 67), (9, 25), (17, 69), (34, 70), (66, 69), (52, 72), (1, 55), (10, 74), (70, 74), (63, 76), (65, 77), (38, 44), (11, 79), (68, 80), (16, 66), (32, 82), (63, 83), (48, 54), (23, 43), (53, 86), (32, 86), (39, 88), (53, 89), (40, 88), (32, 62), (19, 65), (61, 93), (3, 62), (93, 95), (4, 42), (40, 97), (49, 98), (80, 98), (72, 78), (0, 50), (4, 20), (68, 103), (5, 21), (43, 105), (64, 106), (54, 106), (103, 105), (59, 109), (57, 109), (2, 17), (55, 112), (46, 112), (25, 114), (76, 114), (2, 92), (10, 117), (61, 118))
((7, 15), (0, 32), (8, 33), (16, 34), (24, 35), (0, 36), (9, 25), (17, 38), (34, 39), (18, 26), (9, 41), (1, 42), (10, 43), (19, 27), (11, 45), (32, 46), (2, 47), (10, 48), (20, 28), (15, 31), (27, 51), (50, 52), (11, 53), (12, 32), (3, 52), (55, 56), (54, 57), (5, 21), (4, 20), (59, 60), (13, 50), (5, 29), (62, 63), (12, 28), (64, 65), (61, 66), (22, 30), (59, 68), (13, 21), (14, 70), (69, 71), (23, 68), (6, 22), (14, 74), (30, 75), (51, 76), (73, 77), (23, 31), (36, 79), (16, 80), (32, 81), (35, 51), (33, 83), (82, 84), (39, 43), (84, 86), (41, 79), (87, 88), (2, 17), (42, 90), (19, 88), (10, 26), (56, 93), (92, 94), (4, 45), (79, 96), (54, 97), (66, 70), (71, 76), (32, 73), (74, 101), (77, 102), (38, 80), (1, 34), (104, 105), (90, 93), (25, 107), (3, 46), (92, 109), (65, 97), (63, 75), (69, 112), (79, 101), (89, 104), (86, 107), (49, 94), (57, 60), (61, 62))
((7, 15), (0, 32), (8, 33), (16, 34), (18, 26), (15, 31), (27, 37), (6, 22), (23, 31), (14, 39), (19, 27), (22, 30), (20, 28), (3, 38), (10, 26), (13, 21), (30, 41), (24, 35), (1, 34), (9, 36), (35, 37), (13, 44), (45, 46), (11, 42), (33, 52), (36, 40), (40, 49), (12, 32), (9, 25), (38, 44), (16, 58), (23, 43), (3, 55), (4, 42), (40, 65), (0, 49), (4, 20), (5, 21), (2, 10), (5, 29), (41, 71), (45, 59), (56, 57), (32, 63), (39, 75), (11, 61), (66, 77), (19, 57), (1, 51), (40, 75), (68, 69), (53, 82), (17, 60), (10, 80), (34, 84), (54, 79), (53, 71), (43, 69), (72, 89), (58, 60), (50, 91), (14, 47), (73, 77), (48, 93), (89, 93), (2, 17), (68, 73), (51, 97), (32, 62), (64, 79), (56, 100), (37, 48), (76, 103), (63, 103), (46, 97), (25, 106), (80, 84), (74, 108), (106, 108), (91, 109), (12, 28), (66, 112), (88, 112), (47, 114), (82, 114), (32, 70), (55, 117), (54, 118))
((7, 15), (0, 32), (8, 33), (16, 34), (18, 26), (15, 31), (27, 37), (6, 22), (23, 31), (14, 39), (19, 27), (22, 30), (20, 28), (3, 38), (24, 35), (11, 42), (40, 46), (9, 25), (23, 43), (10, 26), (36, 40), (9, 36), (17, 49), (4, 42), (40, 55), (12, 32), (45, 57), (5, 29), (13, 44), (12, 28), (35, 37), (13, 21), (14, 63), (2, 10), (32, 47), (65, 66), (32, 50), (2, 17), (51, 69), (30, 41), (37, 71), (59, 60), (33, 62), (1, 53), (54, 75), (5, 21), (74, 76), (52, 78), (48, 49), (38, 44), (11, 81), (19, 52), (61, 73), (4, 20), (77, 85), (64, 71), (45, 51), (63, 84), (39, 68), (34, 54), (79, 80), (60, 86), (25, 70), (3, 47), (83, 95), (53, 69), (58, 82), (83, 88), (0, 46), (40, 68), (50, 72), (41, 59), (84, 86), (56, 82), (58, 85), (43, 77), (64, 107), (103, 107), (72, 90), (10, 75), (70, 76), (67, 88), (56, 61), (16, 48), (32, 115), (74, 116), (1, 34), (80, 118))
((7, 23), (15, 23), (16, 24), (32, 34), (8, 35), (17, 35), (33, 36), (16, 38), (20, 28), (10, 18), (4, 20), (3, 19), (27, 43), (9, 25), (5, 13), (13, 29), (1, 25), (12, 42), (17, 45), (6, 22), (1, 50), (7, 31), (27, 53), (39, 53), (48, 55), (11, 19), (32, 43), (22, 30), (42, 46), (21, 40), (2, 18), (58, 62), (26, 48), (41, 64), (60, 61), (52, 62), (40, 58), (0, 33), (11, 44), (47, 51), (15, 59), (53, 72), (14, 46), (5, 21), (32, 51), (72, 76), (57, 63), (59, 74), (75, 79), (71, 80), (12, 57), (45, 65), (34, 69), (64, 67), (55, 69), (67, 83), (35, 86), (71, 74), (37, 53), (56, 90), (52, 90), (36, 84), (50, 93), (56, 94), (2, 26), (65, 96), (6, 14), (80, 98), (54, 96), (78, 100), (70, 100), (33, 44), (41, 103), (78, 104), (31, 98), (76, 106), (33, 106), (33, 82), (68, 109), (28, 49), (109, 111), (47, 61), (111, 113), (60, 114), (75, 113), (3, 49), (54, 117), (68, 118))
((7, 15), (0, 32), (8, 33), (16, 34), (15, 31), (23, 31), (18, 26), (6, 22), (19, 27), (27, 36), (14, 39), (22, 30), (20, 28), (12, 28), (3, 41), (10, 26), (13, 21), (30, 42), (24, 35), (5, 29), (36, 49), (35, 36), (14, 48), (1, 34), (9, 38), (13, 44), (42, 51), (51, 57), (45, 59), (48, 60), (46, 47), (11, 40), (37, 38), (37, 50), (12, 32), (33, 53), (9, 25), (17, 68), (65, 68), (34, 69), (1, 56), (69, 72), (46, 66), (55, 70), (10, 72), (67, 73), (64, 77), (41, 44), (11, 79), (74, 80), (32, 65), (16, 82), (49, 54), (67, 83), (23, 43), (32, 86), (52, 86), (39, 87), (37, 87), (52, 89), (32, 63), (19, 64), (3, 63), (4, 40), (62, 93), (93, 94), (37, 95), (45, 98), (80, 98), (4, 20), (5, 21), (70, 78), (43, 102), (0, 50), (54, 104), (58, 104), (101, 102), (60, 108), (57, 108), (2, 17), (56, 111), (47, 111), (74, 101), (25, 113), (10, 92), (73, 113), (2, 116), (62, 118))
((19, 27), (2, 17), (4, 20), (4, 32), (6, 22), (5, 21), (18, 26), (22, 30), (34, 37), (23, 31), (37, 39), (11, 32), (10, 26), (9, 38), (7, 15), (23, 39), (12, 28), (20, 28), (9, 25), (13, 21), (5, 29), (14, 36), (13, 49), (46, 47), (0, 46), (3, 43), (35, 41), (12, 46), (30, 53), (8, 56), (16, 61), (38, 41), (40, 54), (24, 62), (1, 61), (15, 31), (33, 44), (41, 55), (14, 51), (48, 58), (52, 54), (1, 45), (17, 50), (33, 45), (27, 67), (42, 70), (49, 76), (73, 74), (61, 74), (62, 67), (3, 76), (25, 68), (60, 67), (44, 82), (56, 81), (59, 82), (43, 46), (52, 53), (47, 84), (10, 73), (60, 70), (34, 87), (42, 89), (19, 63), (48, 72), (40, 96), (11, 78), (57, 95), (0, 65), (36, 55), (58, 98), (87, 98), (68, 79), (85, 95), (41, 65), (16, 106), (46, 107), (50, 106), (86, 108), (79, 86), (2, 88), (66, 109), (84, 101), (51, 96), (10, 112), (63, 111), (85, 116), (109, 117))
((1, 9), (5, 13), (13, 29), (6, 30), (6, 33), (6, 22), (14, 22), (35, 38), (34, 38), (25, 32), (11, 27), (11, 19), (10, 18), (2, 17), (13, 21), (7, 15), (20, 28), (12, 28), (18, 26), (5, 46), (9, 50), (45, 52), (2, 10), (3, 27), (32, 50), (15, 31), (13, 48), (14, 46), (39, 59), (27, 43), (47, 57), (4, 28), (51, 63), (23, 38), (62, 65), (5, 29), (58, 67), (0, 24), (17, 25), (42, 57), (47, 61), (54, 72), (32, 70), (10, 26), (25, 45), (39, 57), (9, 70), (0, 47), (37, 57), (7, 80), (49, 63), (49, 68), (48, 82), (55, 57), (58, 64), (15, 23), (43, 87), (12, 84), (88, 89), (16, 69), (87, 91), (62, 79), (75, 85), (48, 71), (8, 79), (91, 96), (78, 96), (55, 62), (74, 98), (17, 62), (41, 93), (92, 102), (49, 95), (69, 101), (32, 105), (24, 93), (20, 99), (74, 75), (49, 71), (100, 103), (8, 107), (11, 55), (44, 88), (19, 94))
((7, 15), (0, 32), (8, 33), (16, 34), (18, 26), (15, 31), (27, 37), (6, 22), (23, 31), (14, 39), (19, 27), (22, 30), (20, 28), (3, 38), (10, 26), (13, 21), (30, 41), (12, 28), (24, 35), (5, 29), (1, 34), (37, 48), (14, 47), (9, 36), (35, 37), (13, 44), (51, 57), (49, 58), (47, 59), (45, 46), (11, 42), (33, 56), (41, 51), (36, 40), (40, 50), (12, 32), (45, 67), (9, 25), (17, 69), (34, 70), (66, 69), (52, 72), (1, 55), (10, 74), (70, 74), (63, 76), (65, 77), (38, 44), (11, 79), (68, 80), (16, 66), (32, 82), (63, 83), (48, 54), (23, 43), (53, 86), (32, 86), (39, 88), (53, 89), (40, 88), (32, 62), (19, 65), (61, 93), (3, 62), (93, 95), (4, 42), (40, 97), (49, 98), (80, 98), (72, 78), (0, 50), (4, 20), (68, 103), (5, 21), (43, 105), (64, 106), (54, 106), (103, 105), (59, 109), (57, 109), (2, 17), (55, 112), (2, 92), (10, 114), (61, 115), (46, 112), (25, 117), (76, 117))
((7, 15), (18, 26), (12, 28), (15, 31), (27, 35), (11, 36), (23, 31), (9, 25), (17, 39), (13, 21), (14, 41), (5, 29), (5, 21), (19, 27), (11, 45), (22, 30), (0, 32), (44, 47), (42, 49), (33, 38), (8, 48), (16, 52), (6, 22), (14, 54), (30, 55), (40, 52), (24, 53), (35, 53), (48, 59), (38, 58), (39, 61), (51, 60), (52, 62), (38, 45), (9, 33), (19, 51), (46, 67), (20, 28), (37, 69), (10, 46), (13, 69), (23, 47), (43, 72), (10, 26), (42, 56), (34, 74), (43, 55), (1, 66), (49, 78), (35, 56), (73, 81), (32, 73), (38, 83), (0, 58), (41, 77), (10, 79), (12, 32), (54, 83), (32, 61), (16, 90), (60, 91), (1, 64), (81, 89), (3, 36), (3, 68), (75, 95), (40, 79), (63, 98), (67, 97), (88, 95), (62, 99), (2, 32), (2, 17), (71, 103), (75, 104), (4, 20), (4, 65), (44, 107), (66, 104), (70, 101), (34, 108), (70, 108), (97, 105), (77, 109), (72, 109), (25, 106), (101, 107), (98, 106))
((7, 15), (0, 32), (8, 33), (16, 34), (18, 26), (15, 31), (27, 37), (6, 22), (23, 31), (14, 39), (19, 27), (22, 30), (20, 28), (3, 38), (10, 26), (13, 21), (30, 41), (12, 28), (24, 35), (5, 29), (1, 34), (37, 48), (14, 47), (9, 36), (35, 37), (13, 44), (51, 57), (49, 58), (47, 59), (45, 46), (11, 42), (33, 56), (41, 51), (36, 40), (40, 50), (12, 32), (45, 67), (9, 25), (17, 69), (34, 70), (66, 69), (52, 72), (1, 55), (10, 74), (70, 74), (63, 76), (65, 77), (38, 44), (11, 79), (68, 80), (16, 66), (32, 82), (63, 83), (48, 54), (23, 43), (53, 86), (32, 86), (39, 88), (53, 89), (40, 88), (32, 62), (19, 65), (61, 93), (3, 62), (93, 95), (4, 42), (40, 97), (49, 98), (80, 98), (72, 78), (0, 50), (4, 20), (68, 103), (5, 21), (43, 105), (64, 106), (54, 106), (103, 105), (59, 109), (57, 109), (2, 17), (55, 112), (46, 112), (25, 114), (76, 114), (2, 92), (10, 117), (61, 118))
((7, 15), (0, 32), (8, 33), (16, 34), (18, 26), (15, 31), (27, 37), (6, 22), (23, 31), (14, 39), (19, 27), (22, 30), (20, 28), (3, 38), (10, 26), (13, 21), (30, 41), (12, 28), (24, 35), (5, 29), (1, 34), (37, 48), (14, 47), (9, 36), (35, 37), (13, 44), (51, 57), (49, 58), (47, 59), (45, 46), (11, 42), (33, 56), (41, 51), (36, 40), (40, 50), (12, 32), (45, 67), (9, 25), (17, 69), (34, 70), (66, 69), (52, 72), (1, 55), (10, 74), (70, 74), (63, 76), (65, 77), (38, 44), (11, 79), (68, 80), (16, 66), (32, 82), (63, 83), (48, 54), (23, 43), (53, 86), (32, 86), (39, 88), (53, 89), (40, 88), (32, 62), (19, 65), (61, 93), (3, 62), (93, 95), (4, 42), (40, 97), (49, 98), (80, 98), (72, 78), (0, 50), (4, 20), (68, 103), (5, 21), (43, 105), (54, 106), (64, 106), (2, 10), (92, 109), (61, 110), (2, 17), (55, 112), (46, 112), (25, 114), (76, 114), (103, 105), (59, 117), (57, 117))
((7, 15), (0, 32), (8, 33), (16, 34), (18, 26), (15, 31), (27, 37), (6, 22), (23, 31), (14, 39), (19, 27), (22, 30), (20, 28), (3, 38), (10, 26), (13, 21), (30, 41), (12, 28), (24, 35), (5, 29), (1, 34), (37, 48), (14, 47), (9, 36), (35, 37), (13, 44), (51, 57), (49, 58), (47, 59), (45, 46), (11, 42), (33, 56), (41, 51), (36, 40), (40, 50), (12, 32), (45, 67), (9, 25), (17, 69), (34, 70), (66, 69), (52, 72), (1, 55), (10, 74), (70, 74), (63, 76), (65, 77), (38, 44), (11, 79), (68, 80), (16, 66), (32, 82), (63, 83), (48, 54), (23, 43), (53, 86), (32, 86), (39, 88), (53, 89), (40, 88), (32, 62), (19, 65), (61, 93), (3, 62), (93, 95), (4, 42), (40, 97), (49, 98), (80, 98), (72, 78), (0, 50), (4, 20), (68, 103), (5, 21), (43, 105), (64, 106), (54, 106), (103, 105), (59, 109), (57, 109), (2, 17), (55, 112), (46, 112), (25, 114), (2, 92), (10, 116), (61, 117), (76, 114))
((7, 15), (0, 32), (8, 33), (16, 34), (18, 26), (15, 31), (27, 37), (6, 22), (23, 31), (14, 39), (19, 27), (22, 30), (20, 28), (3, 38), (10, 26), (13, 21), (30, 41), (12, 28), (24, 35), (5, 29), (1, 34), (37, 48), (14, 47), (9, 36), (35, 37), (13, 44), (51, 57), (49, 58), (45, 46), (11, 42), (33, 56), (41, 51), (36, 40), (40, 50), (12, 32), (45, 66), (9, 25), (17, 68), (65, 68), (1, 55), (69, 71), (62, 72), (64, 73), (38, 44), (11, 75), (16, 65), (32, 77), (23, 43), (32, 79), (39, 80), (32, 61), (19, 64), (3, 61), (4, 42), (40, 85), (4, 20), (5, 21), (43, 88), (87, 88), (2, 17), (46, 91), (2, 82), (10, 93), (48, 54), (76, 86), (53, 81), (0, 50), (70, 74), (57, 90), (67, 76), (83, 84), (52, 70), (47, 59), (40, 80), (34, 69), (54, 89), (63, 89), (62, 78), (49, 86), (25, 92), (72, 92), (53, 79), (60, 94), (10, 71), (60, 83), (59, 90), (55, 91), (67, 87))
((15, 23), (19, 32), (8, 24), (0, 32), (27, 33), (15, 31), (7, 31), (20, 28), (4, 39), (11, 38), (16, 35), (34, 37), (13, 29), (3, 36), (41, 45), (32, 46), (8, 32), (21, 29), (1, 9), (2, 18), (43, 50), (12, 28), (12, 40), (46, 53), (1, 17), (5, 39), (44, 57), (2, 26), (36, 37), (51, 60), (10, 18), (9, 25), (5, 21), (38, 42), (20, 60), (54, 66), (55, 66), (49, 53), (6, 30), (45, 62), (14, 49), (70, 72), (44, 73), (51, 56), (47, 61), (71, 76), (34, 65), (48, 65), (27, 59), (47, 80), (76, 80), (6, 22), (64, 83), (74, 84), (24, 42), (11, 33), (40, 87), (55, 88), (38, 82), (7, 70), (32, 91), (72, 84), (14, 22), (23, 94), (38, 95), (16, 25), (48, 97), (56, 98), (52, 98), (78, 99), (52, 101), (63, 101), (35, 43), (65, 104), (26, 50), (75, 106), (62, 106), (63, 108), (75, 109), (59, 109), (37, 83), (95, 112), (91, 112), (57, 69), (74, 94), (54, 58), (64, 117), (69, 117))
((19, 27), (10, 18), (7, 15), (4, 12), (20, 27), (11, 19), (23, 31), (15, 31), (21, 29), (13, 35), (7, 38), (9, 17), (2, 26), (3, 39), (34, 45), (37, 44), (1, 33), (24, 39), (34, 43), (14, 42), (25, 48), (36, 46), (6, 34), (2, 52), (22, 51), (51, 54), (6, 14), (33, 45), (40, 58), (0, 49), (18, 43), (44, 62), (1, 50), (16, 38), (30, 60), (32, 38), (40, 41), (61, 64), (28, 67), (61, 65), (35, 70), (46, 47), (59, 67), (35, 53))
((7, 15), (0, 32), (19, 27), (15, 31), (27, 35), (20, 28), (18, 26), (10, 26), (12, 32), (8, 33), (16, 41), (35, 42), (24, 42), (11, 34), (36, 37), (3, 36), (22, 30), (4, 34), (2, 17), (5, 21), (40, 47), (39, 47), (23, 31), (44, 54), (32, 45), (6, 22), (16, 55), (2, 56), (10, 59), (53, 60), (0, 44), (4, 20), (32, 58), (33, 43), (64, 65), (3, 45), (14, 57), (48, 51), (11, 46), (52, 70), (49, 54), (70, 72), (12, 28), (72, 74), (5, 29), (68, 76), (69, 77), (9, 25), (17, 79), (41, 80), (55, 79), (13, 21), (14, 83), (69, 84), (23, 48), (32, 86), (54, 87), (39, 50), (25, 89), (51, 63), (1, 41), (82, 92), (52, 63), (13, 37), (76, 95), (57, 87), (9, 38), (30, 68), (84, 99), (35, 99), (97, 101), (91, 95), (74, 96), (91, 104), (83, 104), (86, 101), (50, 98), (1, 98), (10, 109), (80, 109), (89, 111), (65, 111), (38, 54), (113, 114), (82, 115), (19, 114), (53, 117), (67, 117))
((7, 15), (0, 32), (8, 33), (16, 34), (18, 26), (15, 31), (27, 37), (6, 22), (23, 31), (14, 39), (19, 27), (22, 30), (20, 28), (3, 38), (10, 26), (13, 21), (30, 41), (12, 28), (24, 35), (5, 29), (14, 47), (9, 36), (35, 37), (13, 44), (51, 55), (49, 56), (11, 42), (36, 40), (40, 50), (12, 32), (9, 25), (17, 62), (60, 62), (1, 53), (38, 44), (16, 60), (32, 67), (23, 43), (32, 69), (32, 58), (4, 42), (4, 20), (5, 21), (73, 74), (2, 17), (46, 76), (19, 59), (37, 48), (43, 74), (63, 65), (45, 61), (41, 51), (45, 46), (40, 72), (11, 66), (39, 70), (10, 71), (1, 64), (59, 81), (33, 54), (3, 58), (2, 88), (57, 75), (34, 63), (49, 85), (10, 65), (34, 89), (40, 70), (48, 52), (78, 92), (79, 87), (80, 83), (55, 75), (47, 57), (53, 76), (90, 91), (64, 107), (77, 81), (69, 79), (68, 91), (52, 80), (84, 93), (0, 50), (82, 86), (25, 77), (85, 86), (78, 84), (73, 82))
((13, 21), (5, 21), (18, 26), (7, 15), (9, 25), (20, 28), (14, 32), (23, 31), (34, 39), (9, 34), (19, 40), (17, 36), (10, 26), (1, 41), (12, 35), (0, 35), (5, 29), (13, 37), (43, 45), (12, 28), (15, 31), (2, 17), (48, 49), (6, 22), (19, 27), (4, 56), (10, 45), (11, 56), (27, 52), (3, 59), (35, 59), (41, 53), (14, 55), (37, 60), (39, 57), (4, 20), (22, 30), (8, 47), (44, 53), (30, 64), (50, 70), (51, 66), (16, 69), (38, 71), (33, 68), (11, 65), (1, 69), (51, 54), (48, 64), (25, 70), (2, 62), (38, 76), (10, 82), (24, 74), (66, 77), (76, 80), (52, 74), (3, 60), (33, 67), (0, 85), (52, 71), (44, 89), (43, 69), (32, 79), (84, 93), (79, 90), (47, 88), (49, 90), (42, 93), (50, 98), (23, 68), (35, 102), (39, 85), (42, 61), (40, 101), (39, 103), (92, 102), (46, 89), (16, 104), (36, 104), (55, 103), (35, 110), (98, 113), (106, 111), (67, 109), (92, 112), (77, 109), (78, 111))
((7, 15), (22, 30), (23, 33), (15, 31), (19, 27), (6, 22), (4, 36), (18, 26), (4, 20), (14, 37), (12, 28), (9, 25), (10, 26), (5, 21), (9, 39), (17, 43), (11, 36), (20, 28), (0, 32), (1, 46), (12, 32), (32, 48), (2, 17), (8, 50), (30, 41), (13, 21), (10, 51), (46, 54), (23, 31), (16, 55), (14, 57), (27, 35), (13, 49), (39, 60), (3, 63), (1, 55), (3, 48), (40, 45), (44, 54), (49, 63), (38, 60), (19, 65), (33, 45), (5, 29), (11, 71), (41, 75), (35, 61), (47, 51), (24, 61), (47, 55), (72, 76), (2, 53), (52, 66), (44, 66), (56, 62), (68, 73), (10, 83), (76, 84), (0, 80), (85, 88), (70, 79), (50, 78), (64, 75), (64, 69), (74, 77), (60, 80), (35, 56), (42, 94), (73, 85), (32, 34), (42, 72), (60, 101), (16, 97), (43, 97), (40, 84), (67, 105), (34, 98), (37, 101), (25, 70), (98, 109), (57, 99), (79, 93), (69, 99), (32, 104), (65, 113), (93, 115), (62, 74), (105, 116))
((19, 27), (4, 32), (9, 25), (23, 31), (4, 20), (17, 34), (15, 31), (2, 17), (33, 35), (18, 26), (22, 30), (10, 26), (11, 32), (13, 21), (5, 21), (6, 22), (7, 15), (23, 42), (36, 46), (3, 44), (20, 28), (27, 38), (35, 41), (12, 28), (3, 53), (0, 48), (14, 45), (12, 48), (44, 48), (8, 57), (39, 43), (56, 59), (9, 41), (16, 61), (52, 53), (25, 62), (14, 47), (2, 60), (13, 52), (43, 56), (37, 61), (10, 69), (42, 46), (5, 29), (40, 55), (38, 65), (36, 63), (24, 65), (71, 73), (58, 74), (39, 64), (30, 68), (1, 61), (38, 83), (68, 75), (50, 70), (57, 77), (0, 79), (35, 79), (58, 83), (19, 54), (11, 66), (48, 49), (71, 92), (49, 85), (16, 90), (40, 93), (70, 75), (35, 94), (1, 64), (34, 90), (74, 86), (47, 94), (84, 102), (10, 101), (55, 99), (50, 107), (85, 104), (51, 92), (37, 101), (62, 111), (45, 107), (48, 97), (88, 114), (88, 111), (63, 93), (54, 116), (102, 118))
((5, 21), (2, 17), (22, 30), (23, 31), (13, 21), (9, 25), (12, 28), (23, 34), (15, 31), (10, 26), (5, 29), (7, 15), (20, 28), (19, 27), (0, 43), (12, 43), (8, 46), (4, 20), (6, 22), (13, 44), (14, 50), (27, 40), (32, 34), (42, 52), (18, 26), (39, 43), (9, 56), (30, 52), (40, 59), (17, 37), (4, 45), (14, 36), (54, 63), (1, 58), (50, 57), (42, 51), (32, 49), (33, 58), (3, 53), (41, 70), (16, 48), (35, 56), (48, 61), (47, 70), (40, 72), (35, 62), (46, 76), (19, 73), (33, 41), (38, 67), (39, 60), (10, 65), (1, 48), (44, 53), (11, 85), (54, 55), (38, 77), (24, 72), (35, 89), (11, 45), (3, 91), (59, 63), (16, 90), (0, 89), (61, 65), (68, 81), (78, 96), (43, 91), (80, 96), (37, 90), (43, 94), (71, 79), (77, 86), (84, 101), (36, 81), (49, 75), (75, 86), (25, 80), (78, 102), (73, 98), (51, 68), (2, 99), (35, 57), (101, 111), (79, 92), (10, 113), (71, 117), (60, 66))
((7, 15), (0, 32), (8, 33), (16, 34), (18, 26), (15, 31), (27, 37), (6, 22), (23, 31), (14, 39), (19, 27), (22, 30), (20, 28), (3, 38), (10, 26), (13, 21), (30, 41), (12, 28), (24, 35), (5, 29), (1, 34), (37, 48), (14, 47), (9, 36), (35, 37), (13, 44), (51, 57), (49, 58), (47, 59), (45, 46), (11, 42), (33, 56), (41, 51), (36, 40), (40, 50), (12, 32), (45, 67), (9, 25), (17, 69), (34, 70), (66, 69), (52, 72), (1, 55), (10, 74), (70, 74), (63, 76), (65, 77), (38, 44), (11, 79), (68, 80), (16, 66), (32, 82), (63, 83), (48, 54), (23, 43), (53, 86), (32, 86), (39, 88), (53, 89), (40, 88), (32, 62), (19, 65), (61, 93), (3, 62), (93, 95), (4, 42), (40, 97), (49, 98), (80, 98), (72, 78), (0, 50), (4, 20), (68, 103), (5, 21), (43, 105), (64, 106), (54, 106), (103, 105), (59, 109), (57, 109), (2, 17), (55, 112), (46, 112), (25, 114), (76, 114), (2, 92), (10, 117), (61, 118))
((5, 21), (15, 31), (23, 31), (9, 25), (19, 34), (1, 25), (3, 27), (16, 34), (4, 28), (29, 40), (32, 41), (12, 40), (33, 38), (24, 39), (17, 45), (22, 30), (35, 46), (2, 10), (6, 14), (7, 50), (10, 26), (7, 33), (23, 53), (49, 54), (20, 43), (1, 17), (5, 13), (8, 24), (33, 59), (13, 29), (42, 61), (42, 56), (6, 22), (61, 64), (4, 20), (0, 34), (59, 67), (54, 59), (39, 69), (58, 66), (41, 71), (35, 52), (63, 71), (12, 44), (51, 54), (18, 37), (49, 77), (48, 57), (47, 53), (73, 77), (34, 64), (80, 82), (44, 52), (57, 78), (73, 85), (18, 26), (85, 87), (36, 87), (84, 89), (14, 58), (47, 91), (32, 92), (50, 93), (65, 93), (27, 36), (43, 96), (11, 96), (3, 98), (75, 99), (56, 100), (34, 99), (89, 102), (54, 102), (66, 104), (97, 105), (51, 82), (55, 98), (65, 91), (84, 108), (100, 105), (67, 70), (48, 112), (0, 33), (45, 114), (69, 115), (37, 60), (46, 117), (113, 117))
((15, 31), (0, 8), (11, 32), (24, 33), (1, 17), (25, 36), (14, 30), (23, 31), (35, 39), (9, 37), (4, 20), (4, 12), (7, 15), (9, 17), (19, 27), (10, 18), (26, 45), (6, 30), (2, 18), (48, 50), (36, 47), (29, 43), (23, 49), (3, 11), (12, 44), (5, 29), (6, 57), (41, 51), (32, 38), (54, 60), (16, 40), (37, 62), (10, 26), (25, 44), (27, 34), (64, 66), (42, 66), (55, 56), (33, 45), (63, 70), (65, 70), (7, 23), (50, 73), (48, 52), (52, 59), (68, 69), (20, 28), (13, 78), (39, 46), (28, 80), (43, 81), (68, 81), (47, 80), (34, 84), (74, 85), (13, 21), (53, 87), (22, 87), (49, 89), (41, 65), (69, 78), (55, 85), (67, 93), (74, 94), (46, 94), (8, 32), (62, 97), (35, 97), (63, 99), (91, 99), (14, 22), (58, 102), (7, 102), (39, 104), (60, 104), (57, 79), (59, 64), (24, 62), (73, 109), (99, 110), (5, 21), (38, 112), (89, 113), (42, 112), (79, 115), (53, 115), (58, 113), (44, 54))
((7, 15), (0, 32), (8, 33), (16, 34), (18, 26), (15, 31), (27, 37), (6, 22), (23, 31), (14, 39), (19, 27), (22, 30), (20, 28), (3, 38), (10, 26), (13, 21), (30, 41), (12, 28), (24, 35), (5, 29), (1, 34), (37, 48), (14, 47), (9, 36), (35, 37), (13, 44), (51, 57), (49, 58), (47, 59), (45, 46), (11, 42), (33, 56), (41, 51), (36, 40), (40, 50), (12, 32), (45, 67), (9, 25), (17, 69), (66, 69), (52, 71), (1, 55), (70, 73), (63, 74), (65, 75), (38, 44), (11, 77), (68, 78), (16, 66), (32, 80), (63, 81), (48, 54), (23, 43), (53, 84), (32, 84), (39, 86), (53, 87), (19, 65), (61, 89), (3, 62), (89, 91), (4, 42), (40, 93), (71, 76), (0, 50), (4, 20), (68, 97), (5, 21), (43, 99), (64, 100), (54, 100), (97, 99), (59, 103), (57, 103), (2, 17), (10, 73), (2, 10), (40, 86), (32, 62), (108, 110), (61, 111), (55, 106), (46, 106), (25, 114), (74, 114), (34, 70), (78, 94), (49, 94))
((18, 26), (23, 31), (10, 26), (4, 20), (20, 28), (6, 22), (2, 17), (15, 31), (14, 37), (19, 27), (4, 41), (34, 38), (32, 33), (27, 39), (22, 30), (23, 46), (12, 28), (9, 25), (7, 15), (3, 45), (13, 21), (34, 51), (47, 50), (9, 32), (5, 29), (38, 55), (0, 50), (33, 54), (5, 21), (40, 56), (36, 45), (37, 54), (30, 40), (13, 36), (39, 64), (11, 41), (11, 62), (14, 52), (33, 42), (56, 65), (25, 43), (50, 67), (12, 50), (68, 70), (35, 60), (19, 44), (47, 66), (1, 55), (53, 77), (65, 76), (64, 69), (3, 67), (17, 49), (8, 58), (63, 66), (48, 70), (1, 85), (84, 85), (2, 73), (48, 71), (46, 60), (77, 83), (79, 84), (10, 90), (10, 79), (61, 92), (16, 85), (43, 94), (51, 74), (24, 98), (69, 92), (53, 95), (39, 98), (58, 104), (68, 100), (35, 100), (33, 101), (76, 91), (52, 91), (16, 108), (0, 101), (94, 105), (50, 111), (49, 108), (44, 113), (105, 114), (115, 116), (88, 115))
((7, 15), (0, 32), (8, 33), (16, 34), (18, 26), (15, 31), (27, 37), (6, 22), (23, 31), (14, 39), (19, 27), (22, 30), (20, 28), (3, 38), (10, 26), (13, 21), (30, 41), (12, 28), (24, 35), (5, 29), (1, 34), (37, 48), (14, 47), (9, 36), (35, 37), (13, 44), (51, 57), (49, 58), (47, 59), (45, 46), (11, 42), (33, 56), (41, 51), (36, 40), (40, 50), (12, 32), (45, 67), (9, 25), (17, 69), (34, 70), (66, 69), (52, 72), (1, 55), (10, 74), (70, 74), (63, 76), (65, 77), (38, 44), (11, 79), (68, 80), (16, 66), (32, 82), (63, 83), (48, 54), (23, 43), (53, 86), (32, 86), (39, 88), (53, 89), (40, 88), (32, 62), (19, 65), (61, 93), (3, 62), (93, 95), (4, 42), (40, 97), (49, 98), (80, 98), (72, 78), (0, 50), (4, 20), (68, 103), (5, 21), (43, 105), (64, 106), (54, 106), (103, 105), (59, 109), (57, 109), (2, 17), (55, 112), (46, 112), (25, 114), (76, 114), (2, 92), (10, 117), (61, 118))
((5, 21), (22, 30), (6, 22), (18, 26), (15, 31), (20, 28), (23, 31), (19, 27), (2, 17), (4, 39), (13, 37), (13, 21), (5, 29), (42, 44), (10, 26), (14, 34), (2, 10), (35, 38), (14, 43), (38, 41), (4, 20), (11, 39), (32, 33), (32, 52), (42, 55), (40, 46), (50, 54), (30, 47), (36, 59), (44, 47), (3, 53), (50, 59), (23, 33), (60, 64), (54, 61), (27, 36), (3, 67), (46, 68), (37, 67), (19, 49), (12, 28), (11, 70), (51, 73), (9, 35), (45, 72), (9, 25), (17, 77), (43, 76), (1, 75), (10, 80), (78, 80), (62, 71), (51, 72), (40, 75), (55, 76), (57, 82), (69, 71), (7, 15), (0, 89), (8, 90), (16, 91), (24, 92), (1, 91), (36, 92), (90, 95), (82, 96), (38, 93), (78, 91), (12, 89), (49, 97), (16, 98), (89, 102), (64, 89), (96, 103), (34, 104), (53, 89), (48, 107), (25, 57), (60, 106), (69, 108), (0, 93), (38, 104), (68, 100), (77, 98), (73, 114), (101, 115), (94, 115), (52, 114))
((7, 15), (6, 22), (15, 31), (14, 33), (11, 27), (34, 36), (9, 17), (19, 27), (37, 39), (23, 31), (3, 32), (22, 30), (23, 43), (2, 10), (32, 44), (41, 46), (18, 26), (4, 20), (2, 17), (8, 32), (0, 51), (34, 52), (3, 36), (16, 53), (8, 55), (12, 28), (42, 45), (54, 58), (16, 24), (30, 35), (5, 29), (35, 62), (19, 59), (20, 42), (11, 65), (57, 66), (9, 48), (50, 68), (1, 68), (10, 70), (41, 48), (54, 72), (52, 56), (5, 21), (49, 75), (13, 21), (14, 77), (61, 78), (25, 38), (52, 80), (70, 80), (51, 60), (41, 83), (53, 84), (4, 12), (29, 86), (77, 87), (37, 86), (66, 89), (57, 88), (76, 91), (33, 46), (34, 61), (93, 94), (44, 94), (43, 75), (78, 97), (38, 60), (56, 99), (1, 100), (72, 82), (74, 102), (99, 102), (63, 97), (10, 26), (74, 85), (76, 87), (62, 91), (50, 106), (25, 110), (82, 110), (40, 106), (73, 113), (58, 113), (40, 41), (28, 116), (49, 117), (89, 117))
((13, 21), (10, 26), (5, 21), (12, 28), (22, 30), (2, 17), (19, 27), (6, 22), (4, 20), (7, 15), (14, 32), (20, 28), (2, 41), (18, 26), (34, 40), (0, 41), (8, 47), (12, 41), (5, 29), (14, 39), (23, 31), (15, 31), (9, 25), (11, 38), (17, 54), (27, 53), (13, 43), (34, 36), (3, 55), (50, 58), (23, 36), (42, 59), (4, 38), (41, 62), (16, 48), (39, 65), (52, 65), (52, 64), (33, 37), (43, 57), (50, 51), (45, 52), (53, 66), (48, 56), (3, 57), (30, 51), (42, 77), (47, 74), (25, 70), (59, 72), (11, 71), (9, 45), (24, 66), (0, 84), (37, 83), (33, 76), (1, 83), (10, 88), (69, 82), (19, 73), (46, 58), (53, 77), (52, 84), (44, 55), (62, 93), (54, 94), (16, 94), (35, 61), (32, 99), (49, 76), (10, 95), (40, 101), (1, 97), (48, 104), (56, 88), (79, 106), (73, 107), (82, 101), (60, 91), (46, 99), (41, 98), (79, 112), (67, 93), (87, 91), (70, 106), (35, 69), (97, 108), (87, 102))
((7, 15), (0, 32), (8, 33), (16, 34), (18, 26), (15, 31), (27, 37), (6, 22), (23, 31), (14, 39), (19, 27), (22, 30), (20, 28), (3, 38), (10, 26), (13, 21), (30, 41), (12, 28), (24, 35), (5, 29), (1, 34), (37, 48), (14, 47), (9, 36), (35, 37), (13, 44), (51, 57), (49, 58), (47, 59), (45, 46), (11, 42), (33, 56), (41, 51), (36, 40), (40, 50), (12, 32), (45, 67), (9, 25), (17, 69), (34, 70), (66, 69), (52, 72), (1, 55), (10, 74), (70, 74), (63, 76), (65, 77), (38, 44), (0, 50), (72, 78), (48, 54), (4, 20), (68, 83), (23, 43), (53, 85), (32, 85), (40, 87), (39, 87), (53, 89), (16, 66), (32, 91), (63, 92), (19, 65), (61, 94), (3, 62), (94, 96), (2, 17), (55, 98), (46, 98), (25, 100), (76, 100), (11, 79), (68, 103), (5, 21), (43, 105), (54, 106), (64, 106), (83, 105), (59, 109), (57, 109), (2, 10), (32, 62), (112, 113), (61, 114), (4, 42), (40, 116), (103, 117), (49, 117))
((7, 31), (15, 23), (4, 28), (12, 28), (6, 22), (5, 21), (13, 37), (9, 25), (13, 29), (11, 19), (23, 31), (22, 30), (32, 43), (15, 44), (42, 45), (17, 25), (21, 38), (14, 48), (36, 40), (49, 50), (37, 43), (48, 52), (33, 42), (43, 53), (10, 26), (2, 47), (32, 54), (14, 22), (7, 59), (42, 60), (36, 61), (2, 18), (18, 26), (39, 64), (4, 20), (34, 35), (55, 67), (29, 68), (48, 66), (69, 70), (55, 71), (35, 66), (56, 64), (63, 74), (0, 24), (16, 33), (76, 77), (42, 76), (8, 79), (19, 27), (56, 75), (1, 25), (18, 75), (83, 84), (63, 85), (27, 32), (47, 83), (41, 81), (54, 89), (78, 80), (24, 91), (0, 58), (3, 89), (42, 64), (94, 95), (16, 92), (8, 93), (9, 47), (98, 99), (83, 97), (3, 87), (28, 102), (73, 103), (34, 90), (19, 94), (82, 87), (42, 91), (25, 88), (9, 108), (33, 41), (74, 111), (94, 112), (12, 111), (96, 107))
((7, 31), (6, 30), (2, 10), (15, 23), (0, 24), (16, 35), (36, 37), (7, 33), (35, 39), (10, 18), (11, 27), (3, 32), (15, 31), (5, 13), (36, 44), (8, 46), (35, 47), (9, 25), (1, 9), (4, 12), (20, 27), (43, 52), (51, 53), (3, 42), (17, 25), (26, 34), (56, 57), (41, 49), (58, 59), (2, 50), (59, 61), (18, 57), (61, 63), (0, 47), (16, 65), (32, 66), (46, 67), (11, 19), (42, 44), (49, 65), (12, 28), (70, 72), (53, 73), (17, 32), (36, 75), (71, 76), (50, 76), (5, 21), (72, 79), (13, 51), (80, 81), (21, 29), (81, 83), (14, 83), (33, 85), (20, 28), (29, 87), (80, 88), (45, 88), (6, 22), (79, 91), (85, 92), (44, 91), (39, 94), (30, 45), (92, 96), (14, 22), (96, 98), (23, 98), (32, 100), (94, 100), (35, 69), (4, 103), (87, 104), (73, 104), (41, 103), (55, 107), (34, 70), (32, 109), (19, 110), (1, 8), (37, 112), (56, 113), (71, 113), (35, 63), (43, 116), (110, 117), (107, 117))
((7, 15), (0, 32), (8, 33), (16, 34), (18, 26), (15, 31), (27, 37), (6, 22), (23, 31), (14, 39), (19, 27), (22, 30), (20, 28), (3, 38), (10, 26), (13, 21), (30, 41), (12, 28), (24, 35), (37, 48), (5, 29), (14, 47), (9, 36), (35, 37), (45, 46), (13, 44), (11, 42), (33, 55), (36, 40), (40, 50), (12, 32), (45, 62), (9, 25), (17, 64), (61, 64), (1, 54), (65, 67), (38, 44), (11, 69), (23, 43), (32, 58), (19, 60), (4, 42), (40, 74), (4, 20), (5, 21), (2, 17), (43, 77), (76, 77), (32, 71), (70, 75), (49, 75), (46, 78), (32, 61), (16, 85), (39, 81), (63, 76), (25, 84), (68, 84), (34, 65), (59, 86), (0, 50), (58, 73), (3, 94), (10, 72), (2, 96), (40, 81), (60, 68), (59, 99), (66, 100), (57, 80), (54, 78), (53, 79), (48, 53), (56, 73), (10, 67), (34, 66), (1, 108), (52, 57), (51, 71), (41, 52), (79, 112), (49, 110), (47, 114), (80, 114), (56, 97), (51, 87), (63, 70))
((7, 15), (0, 32), (8, 33), (16, 34), (18, 26), (15, 31), (27, 37), (6, 22), (23, 31), (14, 39), (19, 27), (22, 30), (20, 28), (3, 38), (10, 26), (13, 21), (30, 41), (12, 28), (24, 35), (5, 29), (1, 34), (37, 48), (14, 47), (9, 36), (35, 37), (13, 44), (51, 57), (49, 58), (45, 46), (11, 42), (33, 56), (41, 51), (36, 40), (40, 50), (12, 32), (45, 66), (9, 25), (17, 68), (65, 68), (1, 55), (69, 71), (62, 72), (38, 44), (11, 74), (16, 65), (32, 76), (23, 43), (32, 78), (39, 79), (32, 61), (19, 64), (3, 61), (4, 42), (40, 84), (4, 20), (5, 21), (43, 87), (86, 87), (2, 17), (46, 90), (2, 81), (10, 92), (40, 79), (10, 71), (64, 73), (34, 69), (60, 82), (67, 86), (52, 70), (25, 91), (48, 54), (63, 88), (82, 83), (55, 90), (72, 91), (67, 75), (54, 88), (53, 78), (62, 77), (70, 96), (75, 85), (49, 85), (47, 59), (60, 93), (57, 89), (53, 80), (0, 50), (59, 89))
((11, 18), (1, 25), (8, 17), (14, 22), (16, 24), (14, 21), (7, 19), (25, 34), (6, 30), (27, 38), (5, 13), (7, 23), (30, 42), (35, 44), (20, 28), (15, 43), (2, 10), (11, 47), (7, 9), (31, 43), (0, 15), (40, 47), (42, 46), (32, 41), (18, 48), (35, 51), (4, 51), (10, 55), (23, 46), (12, 58), (3, 49), (29, 40), (33, 56), (33, 51), (60, 62), (50, 52), (37, 63), (59, 62), (39, 67), (36, 65), (41, 61), (28, 72), (12, 66), (55, 56), (29, 54), (50, 71), (15, 75))
((12, 21), (13, 30), (22, 33), (15, 31), (1, 24), (1, 25), (6, 21), (7, 31), (2, 18), (11, 26), (3, 39), (11, 28), (9, 37), (9, 17), (0, 36), (35, 43), (12, 42), (26, 45), (10, 40), (19, 41), (23, 31), (39, 45), (29, 32), (5, 20), (40, 49), (2, 51), (42, 57), (4, 13), (46, 53), (54, 55), (34, 38), (20, 47), (16, 24), (44, 64), (52, 65), (54, 59), (37, 50), (19, 52), (3, 69), (18, 70), (4, 69), (63, 72), (27, 71), (10, 35), (48, 63), (51, 74), (74, 75))
((7, 15), (0, 32), (8, 33), (16, 34), (18, 26), (15, 31), (27, 37), (6, 22), (23, 31), (14, 39), (19, 27), (22, 30), (20, 28), (3, 38), (10, 26), (13, 21), (30, 41), (12, 28), (24, 35), (5, 29), (1, 34), (37, 48), (14, 47), (9, 36), (35, 37), (13, 44), (51, 57), (49, 58), (47, 59), (45, 46), (11, 42), (33, 56), (41, 51), (36, 40), (40, 50), (12, 32), (45, 67), (9, 25), (17, 69), (34, 70), (66, 69), (52, 72), (1, 55), (10, 74), (70, 74), (63, 76), (65, 77), (11, 38), (44, 79), (68, 80), (16, 32), (66, 82), (63, 83), (48, 54), (23, 43), (53, 86), (32, 86), (39, 88), (53, 89), (40, 88), (2, 32), (19, 65), (61, 93), (3, 93), (62, 95), (4, 42), (40, 97), (49, 98), (80, 98), (72, 78), (0, 50), (4, 20), (68, 103), (5, 21), (43, 105), (64, 106), (54, 106), (103, 105), (59, 109), (57, 109), (2, 17), (55, 112), (46, 112), (25, 114), (76, 114), (62, 92), (10, 117), (61, 118))
((7, 15), (0, 32), (8, 33), (16, 34), (18, 26), (15, 31), (27, 37), (6, 22), (23, 31), (14, 39), (19, 27), (22, 30), (20, 28), (3, 38), (10, 26), (13, 21), (30, 41), (12, 28), (24, 35), (5, 29), (1, 34), (37, 48), (14, 47), (9, 36), (35, 37), (13, 44), (51, 57), (49, 58), (47, 59), (45, 46), (11, 42), (33, 56), (41, 51), (36, 40), (40, 50), (12, 32), (45, 67), (9, 25), (17, 69), (34, 70), (66, 69), (52, 72), (1, 55), (10, 74), (70, 74), (63, 76), (65, 77), (38, 44), (11, 79), (68, 80), (16, 66), (32, 82), (63, 83), (48, 54), (23, 43), (53, 86), (32, 86), (39, 88), (53, 89), (40, 88), (32, 62), (19, 65), (61, 93), (3, 62), (93, 95), (4, 42), (40, 97), (49, 98), (80, 98), (72, 78), (0, 50), (4, 20), (68, 103), (5, 21), (43, 105), (64, 106), (54, 106), (103, 105), (59, 109), (57, 109), (2, 17), (55, 112), (46, 112), (25, 114), (76, 114), (2, 92), (10, 117), (61, 118))
((7, 15), (0, 32), (8, 33), (16, 34), (18, 26), (15, 31), (27, 37), (6, 22), (23, 31), (14, 39), (19, 27), (22, 30), (20, 28), (3, 38), (10, 26), (13, 21), (30, 41), (12, 28), (24, 35), (5, 29), (1, 34), (37, 48), (9, 36), (35, 37), (13, 44), (51, 56), (49, 57), (47, 58), (11, 42), (33, 55), (36, 40), (40, 50), (12, 32), (45, 64), (9, 25), (17, 66), (34, 67), (63, 66), (52, 69), (1, 54), (10, 71), (67, 71), (61, 73), (62, 74), (38, 44), (11, 76), (65, 77), (16, 63), (23, 43), (53, 80), (32, 80), (39, 82), (53, 83), (40, 82), (19, 62), (3, 60), (69, 75), (0, 50), (4, 20), (65, 90), (5, 21), (43, 92), (90, 92), (56, 94), (2, 17), (54, 96), (46, 96), (73, 98), (32, 79), (61, 100), (2, 10), (4, 42), (40, 103), (77, 104), (49, 104), (60, 102), (32, 107), (58, 94), (45, 46), (86, 110), (108, 110), (25, 98), (14, 47), (93, 114), (48, 114), (41, 51), (93, 117), (86, 87))
((7, 15), (0, 32), (8, 33), (16, 34), (18, 26), (15, 31), (27, 37), (6, 22), (23, 31), (14, 39), (19, 27), (22, 30), (20, 28), (3, 38), (10, 26), (13, 21), (30, 41), (12, 28), (24, 35), (5, 29), (1, 34), (37, 48), (14, 47), (9, 36), (35, 37), (13, 44), (51, 57), (49, 58), (47, 59), (45, 46), (11, 42), (33, 56), (41, 51), (36, 40), (40, 50), (12, 32), (45, 67), (9, 25), (17, 69), (34, 70), (66, 69), (52, 72), (1, 55), (10, 74), (70, 74), (63, 65), (76, 77), (11, 44), (38, 79), (68, 80), (16, 32), (66, 82), (63, 83), (48, 54), (23, 43), (53, 86), (32, 86), (39, 88), (53, 89), (40, 88), (2, 32), (19, 65), (61, 93), (3, 62), (93, 95), (4, 42), (40, 97), (49, 98), (80, 98), (72, 78), (0, 50), (4, 20), (68, 103), (5, 21), (43, 105), (64, 106), (54, 106), (103, 105), (59, 109), (57, 109), (2, 17), (55, 112), (46, 112), (25, 114), (76, 114), (10, 62), (92, 117), (61, 118))
((7, 15), (0, 32), (8, 33), (16, 34), (18, 26), (15, 31), (27, 37), (6, 22), (23, 31), (14, 39), (19, 27), (22, 30), (20, 28), (3, 38), (10, 26), (13, 21), (30, 41), (12, 28), (24, 35), (5, 29), (1, 34), (37, 48), (14, 47), (9, 36), (35, 37), (13, 44), (51, 57), (49, 58), (47, 59), (45, 46), (11, 42), (33, 56), (41, 51), (36, 40), (40, 50), (12, 32), (45, 67), (9, 25), (17, 69), (34, 70), (66, 69), (52, 72), (1, 55), (10, 74), (70, 74), (63, 76), (65, 77), (38, 44), (11, 79), (68, 80), (16, 66), (32, 82), (63, 83), (48, 54), (23, 43), (53, 86), (32, 86), (39, 88), (53, 89), (40, 88), (32, 62), (19, 65), (61, 93), (3, 62), (93, 95), (4, 42), (40, 97), (49, 98), (80, 98), (72, 78), (0, 50), (4, 20), (68, 103), (5, 21), (43, 105), (64, 106), (54, 106), (103, 105), (59, 109), (57, 109), (2, 17), (55, 112), (46, 112), (25, 114), (76, 114), (2, 92), (10, 117), (61, 118))
((20, 28), (19, 27), (13, 32), (5, 21), (4, 33), (6, 22), (22, 30), (12, 28), (23, 38), (13, 21), (7, 15), (14, 41), (4, 20), (12, 42), (14, 37), (40, 42), (0, 42), (5, 29), (15, 31), (2, 17), (10, 26), (11, 33), (9, 25), (42, 53), (27, 50), (18, 26), (9, 57), (1, 58), (35, 38), (8, 48), (3, 53), (3, 56), (46, 49), (34, 49), (23, 31), (39, 65), (52, 63), (1, 61), (16, 61), (41, 67), (57, 66), (35, 44), (51, 52), (36, 66), (2, 55), (37, 47), (32, 56), (45, 63), (10, 59), (17, 54), (51, 58), (19, 72), (10, 76), (61, 81), (67, 73), (24, 70), (34, 73), (47, 66), (50, 70), (43, 60), (11, 78), (30, 46), (62, 83), (50, 93), (48, 90), (0, 87), (66, 87), (43, 93), (25, 74), (39, 75), (44, 79), (60, 64), (75, 92), (79, 92), (59, 81), (68, 83), (77, 95), (74, 106), (40, 95), (68, 84), (16, 98), (54, 98), (69, 113), (42, 112), (96, 106), (96, 115), (72, 116), (113, 118))
((4, 20), (20, 28), (12, 28), (10, 26), (2, 17), (5, 29), (9, 25), (35, 36), (23, 31), (5, 21), (13, 21), (7, 15), (15, 31), (13, 33), (18, 26), (27, 44), (22, 30), (12, 43), (19, 27), (11, 50), (9, 46), (4, 50), (6, 22), (40, 53), (23, 48), (0, 43), (37, 45), (3, 47), (17, 38), (8, 57), (33, 47), (16, 61), (36, 52), (24, 63), (1, 61), (0, 65), (14, 42), (14, 54), (3, 51), (35, 59), (43, 51), (44, 63), (40, 65), (2, 72), (41, 48), (40, 46), (1, 52), (32, 41), (11, 62), (45, 79), (38, 74), (60, 78), (57, 73), (10, 75), (49, 59), (60, 61), (39, 83), (34, 58), (19, 77), (37, 69), (30, 69), (79, 89), (83, 84), (44, 92), (68, 92), (55, 80), (80, 86), (76, 91), (42, 89), (16, 74), (34, 55), (43, 56), (68, 76), (66, 82), (56, 95), (10, 78), (77, 94), (43, 101), (84, 109), (70, 90), (71, 90), (54, 103), (95, 113), (32, 86), (40, 103), (82, 108), (25, 39), (71, 85))
((9, 25), (15, 31), (23, 31), (2, 17), (7, 15), (19, 27), (4, 37), (5, 29), (0, 36), (12, 36), (17, 32), (11, 37), (3, 43), (36, 43), (2, 45), (10, 46), (34, 38), (18, 26), (9, 49), (1, 50), (10, 51), (10, 26), (35, 53), (12, 28), (27, 33), (3, 56), (5, 21), (13, 21), (14, 59), (4, 20), (58, 61), (53, 57), (35, 50), (25, 54), (6, 22), (14, 66), (30, 67), (39, 67), (33, 68), (60, 68), (20, 28), (56, 72), (13, 72), (62, 74), (39, 74), (55, 76), (22, 30), (23, 78), (36, 79), (34, 80), (66, 80), (58, 78), (70, 79), (69, 83), (60, 83), (42, 51), (54, 87), (34, 49), (19, 89), (63, 90), (44, 90), (48, 55), (8, 40), (1, 94), (16, 94), (33, 96), (24, 96), (34, 98), (32, 99), (0, 98), (40, 97), (87, 102), (89, 103), (100, 104), (47, 63), (41, 57), (61, 107), (11, 73), (107, 109), (62, 77), (59, 77), (70, 82), (48, 109), (42, 94), (16, 99), (36, 116), (102, 117), (95, 100))
((19, 23), (12, 20), (7, 25), (10, 18), (7, 31), (5, 33), (9, 17), (0, 38), (21, 29), (24, 36), (3, 15), (27, 32), (4, 12), (3, 19), (37, 40), (8, 39), (11, 36), (42, 43), (2, 25), (1, 50), (35, 51), (6, 30), (2, 26), (45, 48), (39, 41), (54, 55), (14, 40), (13, 21), (1, 56), (53, 58), (18, 54), (22, 53), (38, 62), (59, 63), (28, 31), (14, 22), (35, 49), (36, 67), (42, 48), (43, 66), (34, 47), (23, 69), (66, 70), (33, 74), (44, 71), (15, 72))
((7, 15), (18, 26), (15, 31), (27, 34), (0, 32), (6, 22), (23, 31), (8, 36), (16, 39), (14, 37), (19, 27), (22, 30), (20, 28), (3, 35), (10, 26), (30, 41), (13, 21), (12, 28), (5, 29), (24, 40), (34, 47), (1, 39), (14, 48), (9, 33), (34, 40), (13, 44), (50, 57), (49, 58), (48, 59), (45, 46), (11, 42), (36, 56), (41, 50), (33, 38), (38, 51), (12, 32), (45, 67), (9, 25), (17, 69), (39, 70), (66, 69), (53, 72), (1, 55), (10, 74), (70, 74), (63, 76), (65, 77), (35, 44), (11, 79), (68, 80), (16, 66), (32, 82), (63, 83), (47, 54), (23, 43), (52, 86), (32, 86), (37, 88), (52, 89), (38, 88), (32, 62), (19, 65), (61, 93), (3, 62), (93, 95), (4, 42), (38, 97), (49, 98), (80, 98), (72, 78), (0, 51), (4, 20), (68, 103), (5, 21), (43, 105), (64, 106), (54, 106), (103, 105), (59, 109), (57, 109), (2, 17), (55, 112), (46, 112), (25, 114), (76, 114), (2, 92), (10, 117), (61, 118))
((7, 15), (9, 17), (11, 32), (7, 23), (34, 35), (32, 33), (6, 30), (18, 33), (14, 29), (15, 38), (0, 8), (1, 17), (21, 40), (25, 37), (15, 31), (35, 41), (38, 44), (8, 25), (12, 34), (10, 19), (23, 31), (6, 46), (14, 23), (3, 36), (4, 20), (11, 27), (18, 55), (57, 58), (19, 56), (53, 54), (42, 45), (51, 59), (26, 39), (16, 52), (49, 65), (42, 65), (35, 67), (43, 66), (46, 69), (10, 43), (46, 57), (3, 50), (28, 60), (36, 74), (64, 71), (20, 73), (2, 64), (72, 77), (4, 79), (28, 77))
((13, 21), (14, 30), (23, 31), (7, 31), (9, 25), (11, 19), (15, 23), (2, 10), (3, 27), (7, 15), (14, 22), (23, 42), (35, 43), (38, 44), (33, 45), (4, 28), (5, 32), (47, 48), (15, 31), (18, 26), (2, 18), (39, 51), (6, 42), (5, 29), (32, 33), (54, 56), (27, 37), (39, 58), (41, 59), (11, 40), (34, 51), (13, 29), (42, 63), (55, 64), (10, 60), (40, 50), (66, 67), (26, 68), (4, 12), (21, 63), (17, 35), (13, 71), (17, 36), (19, 60), (62, 69), (34, 46), (14, 54), (50, 78), (17, 25), (18, 53), (80, 81), (16, 38), (5, 70), (10, 18), (0, 24), (83, 86), (82, 85), (8, 34), (86, 89), (41, 90), (0, 87), (89, 92), (35, 93), (36, 85), (72, 86), (1, 9), (2, 97), (86, 94), (1, 8), (16, 99), (25, 97), (91, 102), (83, 100), (20, 47), (37, 38), (105, 106), (4, 20), (49, 108), (73, 109), (84, 110), (11, 76), (35, 40), (70, 113), (52, 112), (28, 114), (107, 115))
((7, 15), (0, 32), (8, 33), (16, 34), (18, 26), (15, 31), (27, 37), (6, 22), (23, 31), (14, 39), (19, 27), (22, 30), (20, 28), (3, 38), (10, 26), (13, 21), (30, 41), (12, 28), (24, 35), (5, 29), (1, 34), (37, 48), (14, 47), (9, 36), (35, 37), (13, 44), (51, 57), (49, 58), (47, 59), (45, 46), (11, 42), (33, 56), (41, 51), (36, 40), (40, 50), (12, 32), (45, 67), (9, 25), (17, 69), (34, 70), (66, 69), (52, 72), (1, 55), (10, 74), (70, 74), (63, 76), (65, 77), (38, 44), (11, 79), (68, 80), (16, 66), (32, 82), (63, 83), (48, 54), (23, 43), (53, 86), (32, 86), (39, 88), (53, 89), (40, 88), (32, 62), (19, 65), (61, 93), (3, 62), (93, 95), (4, 42), (40, 97), (49, 98), (80, 98), (72, 78), (0, 50), (4, 20), (68, 103), (5, 21), (43, 105), (64, 106), (54, 106), (103, 105), (59, 109), (57, 109), (2, 17), (55, 112), (46, 112), (25, 114), (76, 114), (2, 92), (10, 117), (61, 118))
((9, 25), (22, 30), (6, 30), (5, 13), (2, 26), (10, 27), (3, 36), (1, 16), (32, 39), (23, 31), (4, 28), (3, 37), (15, 23), (24, 41), (14, 35), (35, 42), (9, 17), (18, 48), (36, 49), (0, 8), (19, 41), (45, 51), (33, 46), (21, 47), (40, 45), (40, 44), (19, 43), (8, 48), (26, 58), (7, 15), (57, 59), (11, 61), (27, 42), (32, 51), (38, 63), (12, 52), (64, 67), (23, 61), (34, 69), (60, 66), (61, 65), (17, 72), (44, 52), (66, 74), (18, 58), (44, 76))
((7, 15), (0, 32), (8, 33), (16, 34), (18, 26), (15, 31), (27, 37), (6, 22), (23, 31), (14, 39), (19, 27), (22, 30), (20, 28), (3, 38), (10, 26), (13, 21), (30, 41), (12, 28), (24, 35), (5, 29), (1, 34), (37, 48), (14, 47), (9, 36), (35, 37), (13, 44), (51, 57), (49, 58), (47, 59), (45, 46), (11, 42), (33, 56), (41, 51), (36, 40), (40, 50), (32, 45), (12, 67), (9, 25), (17, 69), (34, 70), (66, 69), (52, 72), (1, 55), (10, 74), (70, 74), (63, 76), (65, 77), (38, 44), (11, 79), (68, 80), (16, 66), (32, 82), (63, 83), (48, 54), (23, 43), (53, 86), (32, 86), (39, 88), (53, 89), (40, 88), (2, 62), (19, 65), (61, 93), (3, 62), (93, 95), (4, 42), (40, 97), (49, 98), (80, 98), (72, 78), (0, 50), (4, 20), (68, 103), (5, 21), (43, 105), (64, 106), (54, 106), (103, 105), (59, 109), (57, 109), (2, 17), (55, 112), (46, 112), (25, 114), (76, 114), (10, 92), (32, 117), (61, 118))
((7, 15), (0, 32), (8, 33), (16, 34), (18, 26), (15, 31), (27, 37), (6, 22), (23, 31), (14, 39), (19, 27), (22, 30), (20, 28), (3, 38), (10, 26), (13, 21), (30, 41), (12, 28), (24, 35), (5, 29), (1, 34), (37, 48), (14, 47), (9, 36), (35, 37), (13, 44), (51, 57), (49, 58), (47, 59), (45, 46), (11, 42), (33, 56), (41, 51), (36, 40), (40, 50), (12, 32), (45, 67), (9, 25), (17, 69), (34, 70), (66, 69), (52, 72), (1, 55), (10, 74), (70, 74), (63, 76), (65, 77), (38, 44), (11, 79), (68, 80), (16, 66), (32, 82), (63, 83), (48, 54), (23, 43), (53, 86), (32, 86), (39, 88), (53, 89), (40, 88), (32, 62), (19, 65), (61, 93), (3, 62), (93, 95), (4, 42), (40, 97), (49, 98), (80, 98), (72, 78), (0, 50), (4, 20), (68, 103), (5, 21), (43, 105), (64, 106), (54, 106), (103, 105), (59, 109), (57, 109), (2, 17), (55, 112), (46, 112), (25, 114), (76, 114), (2, 92), (10, 117), (61, 118))
((5, 13), (7, 23), (19, 33), (3, 27), (9, 25), (15, 23), (8, 37), (16, 38), (33, 39), (7, 31), (6, 32), (18, 26), (15, 31), (0, 44), (1, 36), (40, 45), (14, 30), (42, 48), (17, 46), (4, 28), (20, 51), (12, 52), (4, 12), (17, 25), (38, 47), (2, 18), (21, 32), (6, 22), (34, 43), (55, 56), (13, 29), (14, 22), (51, 58), (10, 26), (29, 58), (49, 66), (24, 40), (11, 19), (35, 41), (60, 70), (62, 63), (67, 72), (42, 72), (53, 62), (69, 71), (28, 70), (53, 77), (56, 68), (23, 63), (41, 80), (44, 65), (71, 82), (52, 69), (64, 75), (49, 59), (5, 54), (66, 87), (75, 87), (37, 84), (44, 59), (80, 91), (24, 41), (56, 93), (45, 46), (94, 95), (3, 34), (54, 97), (90, 98), (77, 98), (57, 97), (76, 101), (35, 102), (82, 102), (36, 43), (9, 39), (50, 106), (2, 55), (65, 108), (48, 81), (37, 110), (91, 110), (105, 108), (50, 109), (105, 114), (57, 114), (44, 61), (106, 117), (96, 117))
((7, 15), (0, 32), (8, 33), (16, 34), (18, 26), (15, 31), (27, 37), (6, 22), (23, 31), (14, 39), (19, 27), (22, 30), (20, 28), (3, 38), (10, 26), (30, 41), (12, 28), (24, 35), (5, 29), (1, 34), (37, 47), (9, 36), (35, 37), (13, 44), (50, 55), (48, 56), (45, 46), (11, 42), (33, 54), (41, 50), (36, 40), (40, 49), (12, 32), (45, 64), (9, 25), (17, 66), (34, 67), (63, 66), (51, 69), (1, 53), (10, 71), (67, 71), (60, 73), (62, 74), (38, 44), (11, 76), (65, 77), (16, 63), (32, 79), (60, 80), (23, 43), (52, 82), (32, 82), (39, 84), (52, 85), (40, 84), (32, 59), (19, 62), (58, 89), (3, 59), (89, 91), (4, 42), (40, 93), (48, 94), (77, 94), (69, 75), (0, 49), (4, 20), (65, 99), (5, 21), (43, 101), (61, 102), (99, 101), (57, 104), (55, 104), (2, 17), (53, 107), (46, 107), (25, 109), (73, 109), (2, 88), (10, 112), (58, 113), (13, 21), (57, 115), (14, 115), (102, 117), (47, 117))
((23, 31), (27, 32), (15, 23), (2, 18), (17, 35), (11, 33), (12, 28), (20, 38), (7, 31), (9, 36), (1, 41), (0, 24), (21, 29), (32, 43), (14, 44), (19, 33), (20, 47), (16, 34), (8, 49), (10, 19), (6, 30), (4, 28), (13, 53), (34, 37), (53, 55), (18, 55), (51, 57), (18, 26), (35, 40), (42, 60), (58, 60), (13, 29), (10, 36), (4, 39), (31, 52), (26, 41), (47, 60), (48, 56), (6, 22), (32, 70), (38, 44), (0, 50), (45, 73), (40, 74), (54, 72), (43, 61), (14, 22), (15, 78), (71, 79), (59, 64), (48, 65), (42, 81), (25, 81), (8, 45), (5, 21), (54, 86), (43, 49), (65, 87), (72, 89), (63, 89), (70, 86), (46, 92), (34, 40), (73, 94), (79, 94), (66, 94), (71, 97), (1, 25), (17, 99), (64, 100), (50, 100), (16, 99), (74, 103), (77, 104), (3, 37), (59, 106), (68, 107), (27, 106), (58, 109), (94, 109), (39, 111), (56, 112), (46, 52), (63, 114), (78, 115), (92, 115), (9, 104), (50, 118))
((7, 15), (0, 32), (8, 33), (16, 34), (18, 26), (15, 31), (27, 37), (6, 22), (23, 31), (14, 39), (19, 27), (22, 30), (20, 28), (3, 38), (10, 26), (13, 21), (30, 41), (24, 35), (5, 29), (1, 34), (37, 48), (14, 47), (9, 36), (35, 37), (13, 44), (50, 56), (45, 46), (11, 42), (33, 55), (41, 50), (36, 40), (40, 49), (12, 32), (45, 64), (9, 25), (17, 66), (34, 67), (63, 66), (51, 69), (1, 54), (10, 71), (67, 71), (60, 73), (62, 74), (38, 44), (11, 76), (65, 77), (16, 63), (32, 79), (60, 80), (48, 53), (23, 43), (52, 83), (32, 83), (39, 85), (52, 86), (40, 85), (32, 59), (19, 62), (58, 90), (3, 59), (90, 92), (4, 42), (40, 94), (77, 95), (69, 75), (0, 49), (4, 20), (65, 99), (5, 21), (43, 101), (61, 102), (53, 102), (99, 101), (56, 105), (2, 17), (54, 107), (46, 107), (25, 109), (73, 109), (2, 89), (10, 112), (58, 113), (12, 28), (95, 115), (57, 115), (105, 117), (47, 117))
((5, 29), (2, 17), (22, 30), (19, 27), (5, 21), (4, 35), (23, 31), (13, 21), (9, 25), (18, 26), (20, 28), (37, 38), (34, 36), (12, 28), (6, 22), (38, 41), (7, 15), (13, 42), (4, 20), (15, 31), (23, 34), (32, 49), (9, 41), (10, 26), (36, 50), (1, 54), (11, 35), (14, 39), (17, 40), (14, 46), (48, 52), (43, 45), (0, 48), (19, 47), (27, 51), (12, 48), (3, 58), (33, 55), (45, 53), (38, 62), (10, 57), (33, 54), (32, 61), (57, 60), (44, 59), (44, 74), (25, 69), (49, 56), (69, 75), (48, 58), (46, 62), (39, 70), (30, 61), (51, 84), (82, 85), (8, 64), (56, 70), (65, 68), (42, 66), (2, 81), (3, 66), (16, 87), (52, 85), (60, 87), (51, 93), (24, 93), (38, 97), (1, 87), (59, 84), (10, 91), (11, 90), (55, 92), (67, 92), (40, 98), (16, 98), (43, 102), (101, 103), (48, 106), (0, 97), (99, 105), (65, 103), (50, 104), (64, 96), (102, 104), (109, 114), (75, 114), (47, 117), (105, 118))
((7, 15), (0, 32), (8, 33), (16, 34), (18, 26), (15, 35), (6, 22), (23, 31), (14, 38), (13, 20), (13, 21), (12, 28), (24, 35), (5, 29), (1, 34), (38, 42), (1, 9), (31, 37), (41, 45), (28, 50), (42, 43), (51, 52), (33, 49), (40, 45), (39, 44), (20, 43), (9, 25), (17, 58), (34, 59), (56, 58), (46, 61), (10, 36), (48, 63), (39, 48), (54, 65), (59, 66), (32, 57), (11, 68), (3, 69), (30, 47), (61, 67), (0, 44))
((20, 28), (7, 15), (5, 21), (13, 21), (4, 20), (2, 17), (9, 25), (0, 33), (8, 39), (5, 29), (23, 31), (16, 40), (18, 26), (9, 44), (15, 31), (27, 46), (3, 47), (6, 22), (14, 49), (30, 50), (41, 50), (19, 27), (22, 30), (23, 54), (33, 55), (32, 47), (10, 26), (48, 58), (12, 28), (24, 43), (1, 40), (46, 51), (55, 63), (14, 35), (43, 46), (13, 32), (41, 67), (60, 68), (35, 69), (11, 53), (39, 66), (42, 44), (19, 73), (71, 74), (42, 61), (38, 76), (12, 33), (48, 78), (17, 38), (40, 80), (62, 77), (1, 45), (10, 83), (80, 83), (72, 85), (73, 86), (77, 87), (11, 57), (79, 89), (16, 76), (33, 91), (72, 92), (51, 65), (49, 56), (63, 95), (42, 56), (33, 71), (59, 74), (3, 75), (4, 53), (42, 101), (60, 102), (89, 102), (0, 61), (36, 79), (34, 54), (52, 107), (65, 107), (34, 36), (69, 110), (67, 110), (37, 45), (37, 58), (85, 114), (25, 114), (2, 98), (10, 117), (59, 118))
((5, 13), (7, 23), (19, 33), (3, 27), (9, 25), (15, 23), (8, 37), (16, 38), (33, 39), (7, 31), (6, 32), (18, 26), (15, 31), (0, 44), (1, 36), (40, 45), (14, 30), (42, 48), (17, 46), (4, 28), (20, 51), (12, 52), (4, 12), (17, 25), (38, 47), (2, 18), (21, 32), (6, 22), (34, 43), (55, 56), (13, 29), (14, 22), (51, 58), (10, 26), (29, 58), (49, 66), (24, 40), (11, 19), (35, 41), (60, 70), (62, 63), (67, 72), (42, 72), (53, 62), (69, 71), (28, 70), (53, 77), (56, 68), (23, 63), (41, 80), (44, 65), (71, 82), (52, 69), (64, 75), (49, 59), (5, 54), (66, 87), (75, 87), (37, 84), (44, 59), (80, 91), (24, 41), (56, 93), (45, 46), (94, 95), (3, 34), (54, 97), (90, 98), (77, 98), (48, 81), (37, 101), (91, 101), (44, 61), (96, 104), (9, 39), (104, 106), (50, 106), (2, 55), (65, 109), (36, 43), (109, 111), (50, 110), (57, 113), (111, 113), (57, 97), (76, 116), (82, 117), (35, 117))
((7, 15), (0, 32), (8, 33), (15, 31), (27, 35), (19, 27), (16, 34), (35, 38), (23, 31), (18, 26), (24, 38), (0, 42), (20, 28), (11, 37), (9, 25), (3, 36), (36, 44), (22, 30), (10, 26), (4, 37), (5, 21), (12, 32), (40, 42), (5, 29), (40, 41), (17, 46), (34, 57), (19, 56), (33, 39), (23, 49), (47, 50), (59, 62), (9, 41), (1, 34), (6, 22), (14, 66), (55, 67), (30, 67), (35, 69), (61, 70), (16, 54), (32, 72), (60, 73), (1, 64), (10, 75), (49, 52), (68, 77), (32, 61), (40, 79), (66, 79), (70, 81), (13, 44), (55, 83), (4, 20), (52, 85), (83, 86), (46, 54), (65, 88), (13, 21), (14, 90), (77, 91), (69, 91), (47, 53), (85, 94), (12, 28), (32, 45), (40, 51), (96, 98), (3, 45), (59, 100), (84, 96), (86, 102), (90, 102), (11, 48), (94, 105), (98, 105), (57, 75), (56, 108), (60, 109), (88, 110), (2, 97), (10, 112), (62, 113), (2, 17), (64, 115), (50, 115), (25, 117), (108, 117))
((7, 15), (0, 32), (8, 33), (16, 34), (18, 26), (15, 31), (27, 37), (6, 22), (23, 31), (14, 39), (19, 27), (22, 30), (20, 28), (3, 38), (10, 26), (13, 21), (30, 41), (12, 28), (24, 35), (5, 29), (1, 34), (37, 48), (14, 47), (9, 36), (35, 37), (13, 44), (51, 57), (49, 58), (47, 59), (45, 46), (11, 42), (33, 56), (41, 51), (36, 40), (40, 50), (12, 32), (45, 67), (9, 25), (17, 69), (34, 70), (66, 69), (52, 72), (1, 55), (10, 74), (70, 74), (63, 76), (65, 77), (38, 44), (11, 79), (68, 80), (16, 66), (32, 82), (63, 83), (48, 54), (23, 43), (53, 86), (32, 86), (39, 88), (53, 89), (40, 88), (19, 65), (61, 92), (3, 62), (92, 94), (4, 42), (40, 96), (49, 97), (80, 97), (72, 78), (0, 50), (4, 20), (68, 102), (5, 21), (43, 104), (64, 105), (54, 105), (102, 104), (59, 108), (57, 108), (2, 17), (55, 111), (46, 111), (25, 113), (32, 62), (76, 113), (2, 115), (10, 117), (61, 118))
((7, 15), (0, 32), (8, 33), (16, 34), (18, 26), (15, 31), (27, 37), (6, 22), (23, 31), (14, 39), (19, 27), (22, 30), (20, 28), (3, 38), (10, 26), (13, 21), (30, 41), (12, 28), (24, 35), (5, 29), (37, 48), (14, 47), (9, 36), (35, 37), (13, 44), (51, 56), (49, 57), (45, 46), (11, 42), (33, 55), (41, 51), (36, 40), (40, 50), (12, 32), (45, 65), (9, 25), (17, 67), (64, 67), (1, 54), (68, 70), (38, 44), (11, 72), (16, 64), (32, 74), (23, 43), (32, 76), (39, 77), (32, 60), (19, 63), (4, 42), (40, 81), (4, 20), (5, 21), (43, 84), (83, 84), (2, 17), (46, 87), (2, 79), (10, 89), (61, 63), (3, 80), (1, 34), (71, 88), (48, 53), (40, 77), (47, 58), (0, 50), (34, 68), (10, 70), (59, 80), (54, 87), (52, 76), (60, 92), (62, 85), (66, 73), (59, 90), (66, 83), (25, 88), (58, 86), (61, 75), (71, 91), (52, 78), (73, 82), (53, 85), (49, 82), (69, 112), (56, 86), (69, 93))
((23, 31), (13, 21), (15, 31), (2, 17), (12, 28), (27, 34), (9, 25), (5, 21), (20, 28), (10, 26), (18, 26), (19, 27), (7, 15), (5, 29), (6, 22), (4, 20), (17, 38), (14, 46), (39, 47), (22, 30), (13, 40), (11, 43), (14, 33), (30, 49), (2, 53), (23, 51), (3, 37), (39, 51), (32, 43), (0, 44), (11, 37), (45, 52), (35, 41), (34, 55), (3, 53), (40, 62), (10, 44), (12, 58), (44, 57), (36, 63), (50, 52), (44, 69), (41, 58), (8, 61), (46, 70), (65, 76), (9, 42), (16, 75), (50, 71), (33, 71), (32, 70), (4, 60), (32, 42), (34, 79), (19, 84), (57, 65), (67, 83), (24, 79), (25, 64), (35, 78), (61, 85), (66, 86), (1, 78), (45, 49), (59, 95), (10, 94), (0, 89), (48, 75), (1, 75), (67, 73), (47, 73), (48, 94), (64, 103), (32, 89), (84, 92), (103, 106), (38, 105), (107, 108), (16, 44), (105, 110), (100, 108), (36, 83), (54, 59), (56, 68), (74, 86), (92, 111), (54, 55), (74, 115))
((5, 29), (12, 28), (6, 22), (23, 31), (9, 25), (13, 21), (22, 30), (20, 28), (2, 17), (17, 36), (13, 39), (32, 42), (33, 43), (37, 44), (14, 34), (32, 46), (10, 26), (40, 48), (25, 49), (30, 46), (23, 38), (18, 26), (19, 27), (35, 53), (14, 37), (51, 56), (15, 31), (27, 58), (51, 58), (52, 60), (3, 59), (9, 53), (40, 63), (7, 15), (52, 65), (35, 66), (34, 66), (60, 68), (1, 63), (10, 70), (39, 59), (41, 70), (49, 73), (11, 72), (12, 65), (5, 21), (16, 65), (38, 77), (56, 79), (47, 79), (62, 76), (75, 82), (4, 20), (82, 84), (55, 73), (77, 84), (44, 87), (42, 87), (0, 65), (8, 90), (41, 91), (4, 54), (48, 62), (19, 55), (94, 95), (35, 93), (75, 97), (33, 97), (1, 91), (16, 91), (58, 101), (11, 54), (65, 103), (3, 103), (95, 105), (90, 102), (86, 107), (24, 101), (0, 109), (35, 109), (78, 111), (107, 112), (36, 111), (100, 114), (108, 114), (2, 104), (10, 117), (94, 118))
((9, 25), (17, 32), (18, 26), (9, 34), (15, 31), (27, 36), (10, 26), (19, 27), (20, 28), (37, 40), (6, 22), (14, 42), (30, 43), (36, 44), (11, 39), (11, 41), (13, 40), (12, 28), (7, 15), (12, 50), (13, 21), (14, 52), (44, 53), (22, 30), (23, 55), (50, 56), (45, 56), (5, 29), (43, 59), (5, 21), (55, 61), (60, 62), (23, 31), (34, 64), (19, 65), (57, 64), (48, 59), (49, 68), (53, 62), (52, 69), (42, 57), (45, 72), (46, 50), (0, 50), (8, 75), (16, 76), (24, 77), (0, 78), (36, 77), (75, 80), (64, 78), (16, 82), (50, 83), (81, 84), (32, 82), (33, 76), (1, 35), (33, 88), (10, 88), (81, 89), (65, 91), (86, 92), (1, 76), (86, 94), (2, 17), (35, 96), (38, 96), (25, 98), (2, 74), (10, 100), (89, 98), (4, 39), (64, 103), (3, 46), (66, 105), (49, 104), (47, 104), (3, 37), (38, 109), (66, 110), (4, 20), (61, 112), (48, 113), (51, 109), (47, 115), (112, 115), (69, 113), (101, 110))
((7, 15), (0, 32), (8, 33), (16, 34), (18, 26), (15, 31), (27, 37), (6, 22), (23, 31), (14, 39), (19, 27), (22, 30), (20, 28), (3, 38), (10, 26), (13, 21), (30, 41), (12, 28), (24, 35), (5, 29), (1, 34), (37, 48), (14, 47), (9, 36), (35, 37), (13, 44), (51, 57), (49, 58), (47, 59), (45, 46), (11, 42), (33, 56), (41, 51), (36, 40), (40, 50), (12, 32), (45, 67), (9, 25), (17, 69), (34, 70), (66, 69), (52, 72), (1, 55), (10, 74), (70, 74), (63, 76), (65, 77), (38, 44), (11, 79), (68, 80), (16, 66), (32, 82), (63, 83), (48, 54), (23, 43), (53, 86), (32, 86), (39, 88), (53, 89), (40, 88), (32, 62), (19, 65), (61, 93), (3, 62), (93, 95), (4, 42), (40, 97), (49, 98), (80, 98), (72, 78), (0, 50), (4, 20), (68, 103), (5, 21), (43, 105), (64, 106), (54, 106), (103, 105), (59, 109), (57, 109), (2, 17), (55, 112), (46, 112), (25, 114), (76, 114), (2, 92), (10, 117), (61, 118))
((13, 21), (5, 21), (14, 32), (6, 22), (14, 35), (30, 36), (34, 37), (22, 30), (23, 39), (33, 39), (34, 41), (5, 29), (36, 43), (41, 44), (12, 28), (20, 28), (13, 47), (43, 48), (46, 49), (32, 50), (19, 27), (11, 52), (4, 52), (3, 53), (10, 26), (18, 26), (9, 57), (1, 58), (10, 59), (9, 25), (17, 61), (59, 62), (23, 31), (54, 64), (57, 64), (19, 66), (55, 67), (46, 65), (15, 31), (27, 70), (37, 70), (40, 72), (3, 71), (47, 71), (11, 75), (65, 76), (56, 74), (67, 78), (4, 20), (33, 80), (50, 81), (48, 81), (2, 17), (58, 84), (56, 84), (25, 86), (63, 86), (7, 15), (0, 89), (12, 89), (53, 89), (40, 89), (35, 93), (64, 93), (72, 94), (2, 92), (10, 97), (78, 98), (74, 91), (80, 100), (76, 100), (8, 90), (1, 103), (62, 103), (16, 103), (24, 106), (70, 106), (90, 108), (63, 109), (66, 110), (0, 107), (64, 107), (61, 113), (16, 113), (89, 115), (109, 116), (111, 114), (104, 114))
((18, 26), (15, 31), (19, 27), (27, 33), (23, 31), (22, 30), (20, 28), (12, 28), (3, 35), (23, 37), (9, 32), (9, 25), (17, 43), (4, 34), (36, 45), (39, 46), (4, 20), (2, 17), (5, 29), (10, 26), (5, 21), (35, 38), (37, 52), (42, 49), (48, 52), (49, 51), (25, 57), (6, 22), (14, 59), (30, 60), (33, 61), (11, 34), (11, 53), (41, 62), (50, 60), (7, 15), (41, 67), (36, 68), (12, 67), (63, 67), (0, 67), (40, 70), (2, 71), (64, 73), (10, 74), (48, 73), (59, 68), (13, 21), (32, 36), (19, 80), (13, 38), (8, 72), (16, 83), (24, 84), (33, 84), (36, 85), (16, 87), (1, 83), (44, 83), (43, 87), (40, 51), (89, 91), (1, 42), (44, 94), (81, 92), (3, 63), (46, 64), (50, 82), (39, 99), (79, 100), (56, 82), (10, 94), (57, 95), (54, 66), (81, 97), (62, 78), (76, 92), (72, 86), (14, 79), (95, 109), (80, 111), (67, 88), (0, 85), (56, 100), (54, 110), (61, 110), (109, 113), (91, 112))
((11, 19), (13, 22), (12, 19), (14, 30), (8, 9), (20, 28), (21, 33), (2, 10), (7, 23), (0, 25), (1, 25), (15, 40), (4, 37), (3, 28), (4, 40), (32, 44), (3, 34), (6, 30), (12, 29), (7, 31), (5, 20), (7, 43), (17, 36), (41, 51), (9, 42), (27, 51), (18, 42), (43, 49), (33, 35), (45, 57), (53, 54), (38, 49), (12, 61), (46, 48), (41, 62), (44, 64), (55, 56), (32, 39), (61, 65), (16, 56), (21, 52), (40, 66), (27, 69), (62, 71), (5, 60), (17, 68), (15, 74), (7, 78), (24, 77), (50, 72), (47, 65), (39, 58), (53, 82))
((7, 15), (23, 31), (10, 26), (20, 28), (19, 27), (18, 26), (12, 32), (5, 29), (0, 32), (9, 25), (33, 37), (22, 30), (4, 36), (8, 40), (5, 21), (12, 28), (4, 20), (15, 31), (13, 21), (6, 22), (13, 35), (2, 17), (11, 36), (27, 49), (9, 37), (43, 46), (32, 54), (35, 55), (19, 42), (14, 51), (33, 44), (17, 41), (23, 43), (45, 63), (39, 52), (3, 55), (30, 61), (46, 48), (49, 68), (1, 56), (14, 50), (52, 69), (54, 60), (16, 45), (10, 58), (24, 75), (32, 64), (39, 61), (11, 59), (68, 72), (2, 76), (63, 71), (53, 56), (3, 74), (47, 66), (0, 77), (64, 70), (47, 62), (69, 86), (38, 67), (57, 72), (57, 79), (10, 71), (49, 75), (33, 78), (34, 67), (33, 77), (50, 86), (32, 98), (51, 78), (62, 80), (40, 95), (82, 97), (80, 91), (48, 91), (42, 103), (16, 100), (41, 98), (60, 97), (45, 109), (70, 101), (83, 107), (103, 108), (109, 113), (1, 111), (34, 53), (25, 117), (83, 117))
((7, 15), (0, 32), (8, 33), (16, 34), (18, 26), (15, 31), (27, 37), (6, 22), (23, 31), (14, 39), (19, 27), (22, 30), (20, 28), (3, 38), (10, 26), (13, 21), (30, 41), (12, 28), (24, 35), (5, 29), (1, 34), (37, 48), (14, 47), (9, 36), (35, 37), (13, 44), (51, 57), (49, 58), (47, 59), (45, 46), (11, 42), (33, 56), (41, 51), (36, 40), (40, 50), (12, 32), (45, 67), (9, 25), (0, 50), (48, 54), (19, 65), (61, 72), (66, 69), (52, 74), (17, 69), (34, 76), (1, 55), (10, 78), (76, 78), (63, 80), (65, 81), (23, 43), (53, 83), (32, 83), (40, 85), (39, 85), (53, 87), (74, 82), (2, 17), (55, 90), (46, 90), (25, 92), (80, 92), (16, 66), (32, 95), (63, 96), (3, 62), (72, 98), (4, 20), (68, 100), (5, 21), (100, 102), (59, 103), (57, 103), (43, 102), (54, 106), (64, 106), (32, 62), (2, 10), (109, 110), (61, 111), (4, 42), (40, 113), (49, 114), (38, 44), (11, 116), (68, 117), (114, 117))
((3, 19), (7, 31), (0, 8), (7, 23), (34, 35), (24, 36), (15, 23), (33, 37), (2, 18), (1, 17), (27, 32), (32, 35), (11, 42), (6, 22), (11, 19), (16, 33), (12, 20), (13, 29), (45, 49), (40, 43), (4, 28), (22, 30), (9, 36), (38, 54), (34, 47), (1, 9), (26, 57), (35, 45), (10, 18), (58, 60), (40, 41), (58, 62), (15, 53), (46, 51), (17, 25), (6, 14), (10, 66), (62, 68), (2, 26), (68, 70), (21, 52), (12, 28), (43, 73), (49, 73), (72, 75), (55, 66), (5, 48), (75, 78), (33, 64), (31, 67), (38, 81), (59, 81), (5, 13), (14, 84), (50, 85), (53, 85), (0, 38), (39, 88), (41, 89), (55, 90), (3, 4), (20, 38), (46, 93), (52, 94), (74, 94), (25, 37), (56, 97), (57, 98), (90, 98), (59, 64), (21, 29), (78, 102), (30, 102), (67, 104), (50, 104), (27, 33), (92, 107), (74, 108), (48, 108), (70, 107), (65, 111), (44, 111), (47, 89), (36, 114), (72, 84), (38, 60), (42, 117), (65, 118))
((6, 22), (15, 31), (17, 25), (5, 21), (0, 24), (1, 9), (2, 10), (20, 27), (32, 35), (11, 27), (3, 41), (20, 28), (5, 13), (29, 43), (1, 8), (15, 23), (6, 30), (10, 18), (11, 19), (33, 41), (30, 44), (16, 47), (2, 37), (26, 38), (40, 52), (44, 45), (21, 29), (47, 50), (14, 22), (18, 55), (52, 60), (7, 48), (7, 31), (46, 53), (38, 64), (34, 65), (36, 53), (9, 25), (23, 60), (49, 69), (51, 66), (64, 70), (4, 59), (54, 71), (17, 64), (19, 72), (14, 58), (40, 78), (48, 78), (36, 76), (34, 55), (4, 12), (13, 83), (71, 82), (49, 59), (43, 74), (42, 86), (47, 63), (58, 84), (12, 28), (51, 91), (35, 91), (3, 64), (47, 94), (33, 36), (61, 95), (8, 96), (72, 97), (45, 93), (32, 33), (39, 94), (86, 97), (37, 81), (92, 102), (83, 102), (84, 93), (47, 98), (54, 61), (70, 101), (0, 98), (16, 111), (74, 92), (63, 101), (69, 111), (81, 115), (64, 112), (65, 115), (96, 117))
((7, 15), (0, 32), (8, 33), (18, 26), (15, 31), (19, 27), (22, 30), (20, 28), (11, 37), (9, 25), (17, 41), (5, 21), (16, 34), (24, 44), (0, 45), (13, 21), (38, 43), (2, 17), (27, 36), (3, 50), (36, 44), (23, 31), (45, 53), (33, 52), (12, 32), (9, 35), (49, 57), (23, 38), (4, 37), (53, 60), (12, 28), (61, 62), (2, 10), (1, 57), (10, 65), (5, 29), (32, 59), (39, 50), (42, 65), (55, 70), (1, 34), (14, 47), (16, 54), (32, 74), (55, 75), (4, 20), (53, 68), (6, 22), (68, 79), (14, 79), (30, 81), (73, 82), (36, 82), (80, 84), (59, 84), (32, 40), (64, 87), (67, 81), (48, 89), (51, 56), (77, 91), (13, 39), (67, 93), (62, 94), (47, 95), (10, 26), (51, 97), (88, 98), (3, 40), (11, 69), (91, 101), (61, 101), (41, 54), (72, 104), (48, 73), (34, 42), (49, 97), (25, 108), (70, 108), (43, 77), (95, 111), (93, 111), (35, 53), (71, 114), (104, 115), (19, 114), (98, 117), (100, 117))
((18, 26), (10, 26), (23, 31), (9, 32), (19, 27), (5, 29), (13, 21), (1, 35), (4, 36), (6, 22), (32, 34), (20, 28), (10, 39), (2, 17), (4, 20), (34, 40), (9, 25), (13, 43), (14, 41), (35, 45), (12, 28), (37, 50), (37, 49), (22, 30), (19, 42), (5, 21), (14, 38), (23, 55), (33, 45), (7, 15), (11, 36), (25, 60), (61, 62), (2, 64), (46, 57), (10, 65), (59, 61), (49, 66), (16, 61), (3, 62), (34, 68), (52, 54), (38, 73), (47, 52), (12, 61), (30, 50), (0, 61), (55, 57), (8, 78), (17, 48), (39, 81), (80, 81), (60, 82), (15, 31), (66, 73), (1, 80), (56, 71), (77, 85), (27, 85), (58, 79), (58, 77), (53, 79), (16, 80), (24, 94), (59, 89), (85, 94), (41, 68), (43, 90), (0, 95), (42, 82), (11, 99), (34, 95), (48, 103), (70, 103), (3, 90), (87, 104), (47, 102), (76, 106), (89, 98), (33, 106), (67, 111), (56, 111), (102, 109), (78, 97), (101, 115), (46, 109), (105, 115), (104, 116))
((7, 15), (15, 31), (27, 33), (0, 32), (20, 28), (8, 35), (13, 21), (12, 32), (16, 37), (22, 30), (4, 20), (19, 27), (24, 40), (34, 36), (18, 26), (23, 41), (11, 43), (32, 48), (32, 47), (23, 31), (4, 43), (46, 51), (0, 44), (6, 22), (11, 45), (44, 51), (14, 38), (5, 29), (14, 55), (33, 40), (59, 60), (13, 36), (30, 60), (59, 63), (2, 49), (9, 25), (5, 21), (9, 46), (3, 34), (42, 68), (12, 28), (39, 70), (50, 51), (65, 72), (42, 73), (51, 52), (71, 75), (3, 48), (10, 66), (41, 68), (19, 53), (56, 73), (58, 64), (10, 26), (17, 67), (2, 17), (1, 37), (72, 77), (33, 64), (79, 82), (1, 69), (50, 55), (63, 71), (57, 67), (70, 85), (35, 61), (86, 92), (62, 81), (16, 57), (38, 75), (90, 93), (56, 77), (32, 100), (85, 87), (10, 92), (97, 98), (97, 104), (37, 86), (53, 107), (88, 95), (98, 105), (69, 87), (25, 105), (82, 96), (95, 110), (80, 96), (58, 81), (47, 90))
((18, 26), (15, 31), (27, 33), (23, 31), (19, 27), (22, 30), (20, 28), (12, 28), (3, 34), (23, 37), (9, 32), (9, 25), (17, 43), (4, 36), (35, 45), (39, 46), (4, 20), (2, 17), (5, 29), (10, 26), (5, 21), (34, 38), (37, 52), (42, 49), (32, 35), (48, 52), (49, 51), (25, 58), (19, 56), (6, 22), (14, 61), (30, 62), (33, 63), (11, 36), (11, 53), (41, 64), (50, 62), (13, 38), (7, 15), (0, 70), (41, 70), (35, 72), (12, 70), (65, 70), (40, 74), (66, 76), (2, 75), (10, 78), (13, 21), (8, 71), (16, 81), (24, 82), (33, 82), (35, 83), (16, 85), (48, 76), (1, 81), (44, 81), (43, 85), (61, 72), (40, 51), (88, 90), (1, 42), (44, 94), (60, 92), (3, 65), (46, 66), (14, 80), (50, 69), (39, 100), (80, 101), (54, 99), (57, 69), (10, 94), (58, 95), (63, 99), (54, 68), (70, 86), (60, 97), (64, 91), (79, 92), (71, 84), (0, 83), (57, 101), (95, 113), (56, 116), (109, 113), (90, 117))
((2, 17), (5, 21), (4, 20), (19, 27), (15, 31), (13, 21), (18, 26), (12, 28), (7, 15), (11, 35), (20, 28), (13, 42), (12, 40), (6, 22), (3, 41), (10, 26), (5, 29), (22, 30), (23, 31), (9, 25), (9, 38), (32, 52), (1, 52), (17, 51), (23, 49), (4, 50), (14, 37), (32, 47), (0, 40), (54, 55), (40, 56), (27, 36), (3, 63), (14, 45), (38, 50), (50, 62), (19, 66), (43, 48), (8, 60), (30, 65), (33, 34), (10, 54), (58, 71), (33, 49), (35, 57), (45, 62), (42, 63), (44, 64), (1, 70), (47, 64), (25, 59), (46, 68), (55, 70), (59, 61), (16, 70), (40, 41), (43, 72), (58, 75), (48, 65), (11, 78), (75, 90), (39, 69), (79, 91), (37, 93), (76, 91), (39, 76), (2, 87), (34, 79), (10, 98), (24, 86), (36, 71), (56, 102), (72, 93), (68, 81), (36, 86), (50, 101), (81, 100), (51, 107), (0, 101), (60, 106), (77, 102), (80, 109), (16, 107), (61, 111), (40, 114), (66, 115), (109, 117), (111, 116))
((7, 15), (0, 32), (8, 33), (16, 34), (18, 26), (15, 31), (27, 37), (6, 22), (23, 31), (14, 39), (19, 27), (22, 30), (20, 28), (3, 38), (10, 26), (13, 21), (30, 41), (12, 28), (24, 35), (5, 29), (1, 34), (37, 48), (14, 47), (9, 36), (35, 37), (13, 44), (51, 57), (49, 58), (47, 59), (45, 46), (11, 42), (33, 56), (41, 51), (36, 40), (40, 50), (12, 32), (45, 67), (9, 25), (17, 69), (34, 70), (66, 69), (52, 72), (1, 55), (10, 74), (70, 74), (63, 76), (65, 77), (38, 44), (11, 79), (68, 80), (16, 66), (32, 82), (63, 83), (48, 54), (23, 43), (53, 86), (32, 86), (39, 88), (53, 89), (40, 88), (32, 62), (19, 65), (61, 93), (3, 62), (93, 95), (4, 42), (40, 97), (49, 98), (80, 98), (72, 78), (0, 50), (4, 20), (68, 103), (5, 21), (43, 105), (64, 106), (54, 106), (103, 105), (59, 109), (57, 109), (2, 17), (55, 112), (10, 92), (2, 114), (61, 115), (46, 112), (25, 117), (76, 117))
((7, 15), (0, 32), (8, 33), (16, 34), (18, 26), (15, 31), (27, 37), (6, 22), (23, 31), (14, 39), (19, 27), (22, 30), (20, 28), (3, 38), (10, 26), (13, 21), (30, 41), (12, 28), (24, 35), (5, 29), (1, 34), (37, 48), (14, 47), (9, 36), (35, 37), (13, 44), (51, 57), (49, 58), (47, 59), (45, 46), (11, 42), (33, 56), (41, 51), (36, 40), (40, 50), (12, 32), (45, 67), (9, 25), (17, 69), (34, 70), (66, 69), (52, 72), (1, 55), (10, 74), (70, 74), (63, 65), (76, 77), (11, 44), (38, 79), (68, 80), (16, 32), (66, 82), (63, 83), (48, 54), (23, 43), (53, 86), (32, 86), (39, 88), (53, 89), (40, 88), (32, 62), (19, 65), (61, 93), (3, 62), (93, 95), (4, 40), (42, 97), (49, 98), (80, 98), (72, 78), (0, 50), (4, 20), (68, 103), (5, 21), (43, 105), (64, 106), (54, 106), (103, 105), (59, 109), (57, 109), (2, 17), (55, 112), (46, 112), (25, 114), (76, 114), (10, 92), (2, 117), (61, 118))
((7, 15), (0, 32), (7, 31), (3, 34), (4, 12), (13, 21), (0, 24), (15, 23), (6, 30), (31, 40), (27, 35), (5, 37), (9, 25), (14, 37), (1, 25), (3, 11), (32, 42), (27, 47), (11, 19), (39, 50), (20, 36), (16, 38), (5, 36), (29, 43), (39, 53), (14, 30), (6, 22), (45, 58), (55, 59), (8, 33), (33, 56), (17, 61), (2, 26), (34, 38), (9, 65), (28, 52), (10, 26), (2, 46), (10, 18), (69, 70), (51, 70), (44, 71), (64, 73), (44, 63), (42, 52), (53, 61), (39, 41), (38, 62), (46, 79), (63, 80), (57, 59), (34, 78), (49, 72), (1, 17), (66, 85), (68, 85), (69, 87), (32, 58), (41, 89), (13, 29), (67, 91), (48, 68), (19, 93), (72, 94), (47, 48), (54, 55), (66, 80), (12, 51), (67, 99), (4, 28), (43, 101), (92, 102), (96, 101), (99, 104), (76, 104), (35, 50), (64, 107), (93, 108), (57, 78), (89, 110), (54, 92), (73, 87), (40, 91), (45, 114), (60, 114), (32, 65), (77, 117), (62, 118))
((7, 15), (0, 32), (8, 33), (16, 34), (18, 26), (15, 31), (27, 37), (6, 22), (23, 31), (14, 39), (19, 27), (22, 30), (20, 28), (3, 38), (10, 26), (13, 21), (30, 41), (12, 28), (24, 35), (5, 29), (1, 34), (37, 48), (14, 47), (9, 36), (35, 37), (13, 44), (51, 57), (49, 58), (47, 59), (45, 46), (11, 42), (33, 56), (41, 51), (36, 40), (40, 50), (12, 32), (45, 67), (9, 25), (17, 69), (34, 70), (66, 69), (52, 72), (1, 55), (10, 74), (70, 74), (63, 76), (65, 77), (38, 44), (11, 79), (68, 80), (16, 66), (32, 82), (63, 83), (48, 54), (23, 43), (53, 86), (32, 86), (39, 88), (53, 89), (40, 88), (32, 62), (19, 65), (61, 93), (3, 62), (93, 95), (4, 42), (40, 97), (49, 98), (80, 98), (72, 78), (0, 50), (4, 20), (68, 103), (5, 21), (43, 105), (64, 106), (54, 106), (103, 105), (59, 109), (57, 109), (2, 17), (55, 112), (46, 112), (25, 114), (76, 114), (2, 92), (10, 117), (61, 118))
((9, 25), (19, 27), (20, 28), (5, 21), (4, 33), (13, 21), (7, 15), (13, 34), (11, 33), (3, 40), (18, 26), (2, 17), (23, 31), (6, 22), (5, 29), (36, 44), (0, 38), (22, 30), (35, 49), (12, 38), (14, 45), (38, 40), (46, 52), (4, 20), (10, 26), (30, 52), (15, 31), (8, 48), (50, 54), (23, 49), (57, 58), (1, 59), (12, 28), (17, 32), (47, 64), (43, 56), (27, 58), (25, 67), (42, 44), (39, 46), (61, 62), (19, 70), (59, 65), (35, 55), (16, 59), (9, 42), (3, 68), (51, 78), (24, 76), (41, 73), (0, 80), (14, 37), (43, 77), (2, 53), (64, 71), (50, 83), (34, 68), (55, 79), (58, 76), (38, 61), (1, 77), (11, 88), (44, 91), (45, 91), (10, 85), (79, 93), (10, 92), (48, 90), (56, 78), (73, 100), (44, 80), (32, 102), (62, 95), (39, 75), (63, 103), (75, 86), (57, 83), (37, 86), (16, 102), (47, 93), (65, 92), (67, 112), (38, 110), (99, 114), (99, 112), (96, 100), (70, 116), (103, 118))
((7, 15), (0, 32), (8, 33), (16, 34), (18, 26), (15, 31), (27, 37), (6, 22), (23, 31), (14, 39), (19, 27), (22, 30), (20, 28), (3, 38), (10, 26), (13, 21), (30, 41), (12, 28), (24, 35), (5, 29), (1, 34), (37, 48), (14, 47), (9, 36), (35, 37), (13, 44), (51, 57), (49, 58), (47, 59), (45, 46), (11, 42), (33, 56), (41, 51), (36, 40), (40, 50), (12, 32), (45, 67), (9, 25), (17, 69), (34, 70), (66, 69), (52, 72), (1, 55), (10, 74), (70, 74), (63, 76), (65, 77), (38, 44), (11, 79), (68, 80), (16, 66), (32, 82), (63, 83), (48, 54), (23, 43), (53, 86), (32, 86), (39, 88), (53, 89), (40, 88), (32, 62), (19, 65), (61, 93), (3, 62), (93, 95), (4, 42), (40, 97), (49, 98), (80, 98), (72, 78), (0, 50), (4, 20), (68, 103), (5, 21), (43, 105), (64, 106), (54, 106), (103, 105), (59, 109), (57, 109), (2, 17), (55, 112), (46, 112), (25, 114), (76, 114), (2, 92), (10, 117), (61, 118))
((18, 26), (4, 20), (23, 31), (9, 25), (17, 35), (5, 21), (12, 28), (2, 17), (22, 30), (13, 21), (23, 40), (19, 27), (4, 43), (9, 32), (37, 40), (1, 45), (11, 43), (15, 31), (6, 22), (7, 15), (10, 26), (20, 28), (13, 53), (14, 41), (39, 52), (12, 51), (32, 34), (0, 51), (10, 47), (46, 55), (5, 29), (36, 47), (25, 56), (56, 63), (48, 51), (2, 66), (54, 62), (14, 50), (8, 59), (33, 37), (16, 70), (10, 67), (30, 69), (36, 70), (49, 72), (3, 48), (38, 68), (1, 70), (39, 45), (49, 74), (34, 44), (38, 82), (55, 74), (27, 49), (54, 71), (19, 58), (59, 76), (77, 87), (41, 78), (3, 85), (62, 69), (57, 91), (53, 85), (63, 88), (11, 94), (93, 96), (42, 81), (82, 96), (46, 92), (24, 72), (0, 101), (33, 93), (58, 95), (71, 78), (34, 101), (35, 106), (104, 107), (42, 51), (50, 109), (81, 110), (52, 91), (73, 112), (79, 107), (34, 109), (87, 112), (16, 106), (51, 117), (88, 118))
((7, 31), (23, 31), (5, 29), (24, 32), (16, 24), (19, 33), (27, 37), (12, 20), (30, 34), (14, 22), (3, 27), (17, 25), (20, 38), (28, 39), (14, 30), (33, 36), (4, 12), (32, 38), (8, 36), (42, 48), (26, 43), (6, 22), (40, 53), (15, 41), (7, 15), (50, 56), (35, 57), (21, 34), (3, 56), (45, 60), (2, 10), (32, 46), (46, 54), (52, 62), (39, 59), (1, 47), (13, 59), (55, 63), (5, 48), (68, 70), (49, 51), (18, 26), (54, 68), (1, 17), (11, 42), (73, 76), (33, 55), (19, 76), (65, 75), (9, 25), (67, 81), (43, 58), (36, 83), (4, 45), (13, 29), (85, 86), (66, 87), (70, 87), (41, 86), (74, 90), (40, 90), (53, 78), (63, 93), (56, 78), (2, 18), (81, 96), (52, 97), (80, 97), (49, 96), (44, 72), (67, 84), (60, 62), (100, 103), (79, 103), (0, 35), (50, 106), (9, 106), (75, 108), (32, 107), (47, 110), (58, 111), (33, 77), (11, 61), (100, 113), (84, 108), (72, 114), (73, 80), (44, 85))
((5, 29), (15, 31), (6, 22), (5, 21), (4, 20), (35, 36), (27, 33), (13, 21), (14, 39), (22, 30), (19, 27), (10, 26), (23, 31), (7, 15), (20, 28), (0, 45), (13, 46), (37, 48), (8, 47), (38, 46), (18, 26), (1, 50), (42, 44), (4, 54), (9, 25), (11, 42), (16, 50), (44, 52), (2, 17), (24, 58), (44, 61), (23, 41), (2, 57), (35, 41), (9, 52), (33, 58), (45, 62), (12, 28), (40, 65), (43, 60), (25, 71), (60, 66), (32, 48), (45, 64), (17, 56), (50, 76), (11, 51), (47, 67), (55, 78), (3, 57), (45, 63), (10, 75), (56, 62), (44, 82), (19, 59), (53, 84), (0, 61), (69, 74), (1, 66), (10, 90), (55, 69), (16, 68), (34, 82), (14, 34), (32, 95), (37, 89), (65, 96), (30, 95), (81, 86), (79, 93), (76, 90), (59, 102), (3, 38), (71, 102), (33, 99), (39, 89), (45, 104), (79, 103), (43, 104), (83, 110), (40, 99), (12, 108), (94, 106), (36, 113), (63, 106), (84, 109), (86, 110), (78, 113))
((7, 15), (0, 32), (8, 33), (16, 34), (18, 26), (15, 31), (27, 37), (6, 22), (23, 31), (14, 39), (19, 27), (22, 30), (20, 28), (3, 38), (10, 26), (13, 21), (30, 41), (12, 28), (24, 35), (5, 29), (1, 34), (37, 48), (14, 47), (9, 36), (35, 37), (13, 44), (51, 57), (49, 58), (47, 59), (45, 46), (11, 42), (33, 56), (41, 51), (36, 40), (40, 50), (12, 32), (45, 67), (9, 25), (17, 69), (34, 70), (66, 69), (52, 72), (1, 55), (10, 74), (70, 74), (63, 76), (65, 77), (38, 44), (11, 79), (68, 80), (16, 66), (32, 82), (63, 83), (48, 54), (23, 43), (53, 86), (32, 86), (39, 88), (53, 89), (40, 88), (32, 62), (19, 65), (61, 93), (3, 62), (93, 95), (4, 42), (40, 97), (49, 98), (80, 98), (72, 78), (0, 50), (4, 20), (68, 103), (5, 21), (43, 105), (64, 106), (54, 106), (103, 105), (59, 109), (57, 109), (2, 17), (55, 112), (46, 112), (25, 114), (76, 114), (2, 92), (10, 117), (61, 118))
((7, 15), (0, 32), (8, 33), (16, 34), (18, 26), (15, 31), (27, 37), (6, 22), (23, 31), (14, 39), (19, 27), (22, 30), (20, 28), (3, 38), (10, 26), (13, 21), (30, 41), (12, 28), (24, 35), (5, 29), (1, 34), (37, 48), (14, 47), (9, 36), (35, 37), (13, 44), (51, 57), (49, 58), (47, 59), (45, 46), (11, 42), (33, 56), (41, 51), (36, 40), (40, 50), (12, 32), (45, 67), (9, 25), (17, 69), (34, 70), (66, 69), (52, 72), (1, 55), (10, 74), (70, 74), (63, 76), (65, 77), (38, 44), (11, 79), (68, 80), (16, 66), (32, 82), (63, 83), (48, 54), (23, 43), (53, 86), (32, 86), (39, 88), (53, 89), (40, 88), (32, 62), (19, 65), (61, 93), (3, 62), (93, 95), (4, 42), (40, 97), (49, 98), (80, 98), (72, 78), (0, 50), (4, 20), (68, 103), (5, 21), (43, 105), (64, 106), (54, 106), (103, 105), (59, 109), (57, 109), (2, 17), (55, 112), (46, 112), (25, 114), (76, 114), (2, 92), (10, 117), (61, 118))
((2, 10), (1, 8), (14, 22), (10, 18), (11, 19), (0, 24), (20, 27), (15, 31), (21, 29), (20, 28), (37, 39), (8, 42), (15, 23), (43, 44), (16, 44), (37, 46), (9, 25), (14, 40), (6, 30), (49, 50), (7, 50), (44, 52), (6, 22), (39, 54), (52, 55), (23, 34), (55, 57), (7, 31), (57, 59), (11, 27), (29, 41), (5, 13), (62, 63), (30, 63), (34, 65), (17, 25), (26, 32), (67, 68), (33, 46), (67, 70), (35, 48), (69, 72), (3, 61), (39, 61), (1, 9), (2, 76), (72, 77), (18, 68), (77, 79), (4, 12), (13, 81), (40, 82), (3, 59), (38, 84), (81, 85), (5, 21), (54, 87), (65, 88), (49, 88), (32, 75), (59, 91), (19, 92), (36, 44), (35, 94), (74, 95), (4, 94), (41, 97), (17, 59), (37, 99), (76, 100), (12, 28), (87, 102), (62, 103), (82, 103), (75, 102), (85, 106), (97, 106), (0, 43), (48, 109), (100, 110), (70, 110), (16, 109), (59, 113), (42, 114), (44, 79), (84, 116), (92, 117), (95, 117))
((7, 15), (0, 32), (8, 33), (16, 34), (18, 26), (15, 31), (27, 37), (6, 22), (23, 31), (14, 39), (19, 27), (22, 30), (20, 28), (3, 38), (10, 26), (13, 21), (30, 41), (12, 28), (24, 35), (5, 29), (1, 34), (37, 48), (14, 47), (9, 36), (35, 37), (13, 44), (51, 57), (49, 58), (47, 59), (45, 46), (11, 42), (33, 56), (41, 51), (36, 40), (40, 50), (32, 45), (12, 67), (9, 25), (17, 69), (34, 70), (66, 69), (52, 72), (1, 55), (10, 74), (70, 74), (63, 76), (65, 77), (11, 38), (44, 79), (68, 80), (16, 66), (32, 82), (63, 83), (48, 54), (23, 43), (53, 86), (32, 86), (39, 88), (53, 89), (40, 88), (2, 32), (19, 65), (61, 93), (3, 93), (62, 95), (4, 40), (42, 97), (49, 98), (80, 98), (72, 78), (0, 50), (4, 20), (68, 103), (5, 21), (43, 105), (64, 106), (54, 106), (103, 105), (59, 109), (57, 109), (2, 17), (55, 112), (46, 112), (25, 114), (76, 114), (62, 92), (10, 117), (61, 118))
((7, 15), (0, 32), (8, 33), (16, 34), (18, 26), (15, 31), (27, 37), (6, 22), (23, 31), (14, 39), (19, 27), (22, 30), (20, 28), (3, 38), (10, 26), (13, 21), (30, 41), (12, 28), (24, 35), (5, 29), (1, 34), (37, 48), (14, 47), (9, 36), (35, 37), (13, 44), (51, 57), (49, 58), (47, 59), (45, 46), (11, 42), (33, 56), (41, 51), (36, 40), (40, 50), (12, 32), (45, 67), (9, 25), (17, 69), (34, 70), (66, 69), (52, 72), (1, 55), (10, 74), (70, 74), (63, 76), (65, 77), (38, 44), (11, 79), (68, 80), (16, 66), (32, 82), (63, 83), (48, 54), (23, 43), (53, 86), (32, 86), (39, 88), (53, 89), (40, 88), (32, 62), (19, 65), (61, 93), (3, 62), (93, 95), (4, 42), (40, 97), (49, 98), (80, 98), (72, 78), (0, 50), (4, 20), (68, 103), (5, 21), (43, 105), (64, 106), (54, 106), (103, 105), (59, 109), (57, 109), (2, 17), (55, 112), (46, 112), (25, 114), (76, 114), (2, 92), (10, 117), (61, 118))
((0, 24), (15, 31), (32, 33), (2, 10), (7, 31), (26, 35), (15, 23), (11, 27), (33, 39), (10, 18), (5, 13), (3, 39), (11, 19), (38, 44), (30, 42), (14, 22), (9, 25), (41, 48), (35, 40), (36, 50), (18, 37), (16, 38), (12, 28), (6, 22), (4, 12), (3, 36), (38, 52), (23, 47), (5, 21), (54, 60), (55, 60), (46, 62), (20, 28), (8, 34), (38, 65), (17, 36), (1, 9), (40, 54), (41, 45), (43, 70), (21, 29), (14, 72), (62, 73), (57, 58), (70, 75), (51, 75), (33, 55), (59, 78), (32, 53), (13, 56), (72, 81), (61, 81), (19, 51), (29, 64), (42, 85), (61, 85), (4, 45), (64, 88), (69, 88), (2, 68), (52, 91), (49, 91), (0, 65), (48, 94), (16, 94), (36, 96), (34, 97), (20, 27), (57, 99), (69, 100), (56, 100), (36, 59), (46, 47), (32, 67), (95, 105), (68, 105), (6, 30), (73, 108), (7, 108), (78, 110), (38, 110), (17, 25), (37, 113), (49, 114), (1, 8), (53, 116), (113, 117), (95, 117))
((22, 30), (13, 21), (16, 24), (15, 31), (1, 17), (10, 18), (14, 32), (7, 15), (11, 27), (4, 20), (20, 28), (23, 31), (27, 43), (2, 10), (19, 40), (0, 35), (29, 33), (16, 35), (23, 32), (39, 50), (43, 51), (8, 49), (36, 53), (6, 38), (36, 45), (5, 13), (35, 55), (3, 11), (34, 43), (39, 59), (12, 61), (6, 22), (19, 44), (25, 60), (34, 54), (35, 37), (47, 60), (8, 39), (34, 69), (39, 45), (46, 71), (41, 57), (40, 41), (35, 74), (21, 42), (73, 76), (64, 67), (26, 37), (38, 57), (4, 12), (48, 81), (73, 82), (53, 68), (62, 75), (14, 33), (28, 64), (81, 87), (75, 87), (50, 58), (3, 78), (42, 62), (55, 86), (5, 48), (63, 94), (86, 95), (80, 95), (76, 94), (51, 63), (58, 99), (0, 69), (9, 101), (49, 101), (66, 102), (17, 25), (102, 105), (18, 105), (56, 107), (2, 79), (107, 109), (1, 9), (79, 111), (65, 111), (56, 112), (44, 61), (109, 115), (65, 66), (71, 116), (78, 116))
((7, 15), (0, 32), (8, 33), (16, 34), (18, 26), (15, 31), (27, 37), (6, 22), (23, 31), (14, 39), (19, 27), (22, 30), (20, 28), (3, 38), (10, 26), (13, 21), (30, 41), (12, 28), (24, 35), (5, 29), (1, 34), (37, 48), (14, 47), (9, 36), (35, 37), (13, 44), (51, 57), (49, 58), (47, 59), (45, 46), (11, 42), (33, 56), (41, 51), (36, 40), (40, 50), (32, 45), (12, 67), (9, 25), (17, 69), (34, 70), (66, 69), (52, 72), (1, 55), (10, 74), (70, 74), (63, 76), (65, 77), (11, 38), (44, 79), (68, 80), (32, 66), (16, 82), (63, 83), (48, 54), (23, 43), (53, 86), (32, 86), (39, 88), (53, 89), (40, 88), (10, 62), (19, 65), (61, 93), (62, 93), (3, 95), (40, 42), (4, 97), (49, 98), (80, 98), (72, 78), (0, 50), (4, 20), (68, 103), (5, 21), (43, 105), (64, 106), (54, 106), (103, 105), (59, 109), (57, 109), (2, 17), (55, 112), (46, 112), (25, 114), (76, 114), (32, 92), (2, 117), (61, 118))
((7, 15), (0, 32), (8, 33), (16, 34), (24, 35), (0, 36), (9, 25), (17, 38), (34, 39), (18, 26), (9, 41), (1, 42), (10, 43), (19, 27), (11, 45), (32, 46), (2, 47), (10, 48), (15, 31), (27, 50), (20, 28), (51, 52), (11, 53), (3, 51), (12, 32), (55, 56), (54, 57), (12, 28), (5, 29), (13, 52), (60, 61), (59, 62), (4, 20), (5, 21), (64, 65), (63, 66), (22, 30), (65, 68), (13, 21), (14, 70), (69, 71), (6, 22), (14, 73), (30, 74), (50, 75), (23, 68), (76, 77), (35, 50), (33, 79), (23, 31), (36, 81), (16, 82), (32, 83), (80, 84), (41, 81), (39, 43), (80, 87), (86, 88), (2, 17), (42, 90), (10, 26), (55, 92), (19, 86), (93, 94), (4, 45), (81, 96), (54, 97), (63, 70), (71, 75), (32, 77), (73, 101), (76, 102), (1, 34), (38, 82), (104, 105), (90, 92), (25, 107), (3, 46), (94, 109), (59, 97), (60, 74), (69, 112), (81, 101), (89, 105), (87, 107), (49, 93), (57, 64), (61, 66))
((5, 21), (6, 22), (23, 31), (22, 30), (2, 17), (4, 20), (12, 28), (20, 28), (7, 15), (10, 26), (14, 33), (5, 29), (18, 26), (13, 21), (9, 25), (15, 31), (9, 44), (13, 39), (19, 27), (0, 40), (17, 46), (12, 40), (36, 48), (14, 45), (32, 37), (34, 44), (43, 49), (4, 50), (32, 35), (11, 50), (23, 35), (8, 51), (1, 48), (16, 63), (10, 64), (27, 47), (19, 57), (52, 64), (40, 62), (55, 60), (39, 67), (42, 43), (36, 41), (25, 74), (3, 61), (3, 67), (40, 61), (60, 73), (41, 77), (30, 42), (34, 70), (1, 63), (33, 70), (53, 77), (34, 59), (47, 81), (2, 78), (49, 56), (38, 86), (68, 80), (52, 63), (11, 72), (84, 87), (86, 93), (38, 58), (37, 85), (56, 96), (68, 76), (62, 87), (85, 93), (55, 81), (69, 74), (24, 65), (45, 96), (47, 65), (10, 88), (34, 104), (51, 106), (80, 107), (0, 104), (69, 109), (16, 108), (57, 112), (46, 108), (40, 113), (83, 115), (109, 116), (114, 115))
((19, 27), (5, 21), (11, 32), (3, 34), (22, 30), (5, 29), (2, 17), (23, 36), (12, 28), (18, 26), (4, 32), (7, 15), (10, 26), (23, 31), (0, 43), (4, 20), (20, 28), (9, 41), (38, 44), (34, 43), (13, 48), (37, 52), (6, 22), (2, 51), (25, 50), (14, 54), (10, 55), (39, 43), (1, 49), (9, 25), (33, 47), (42, 45), (15, 31), (12, 43), (17, 61), (52, 62), (38, 49), (10, 60), (40, 63), (37, 57), (33, 36), (13, 21), (41, 45), (40, 53), (8, 46), (14, 73), (19, 74), (72, 77), (73, 75), (66, 76), (27, 64), (30, 57), (1, 76), (3, 82), (64, 83), (65, 85), (71, 72), (47, 87), (44, 85), (35, 78), (48, 82), (39, 86), (16, 76), (78, 90), (60, 66), (24, 94), (50, 96), (0, 97), (54, 59), (58, 90), (11, 92), (86, 100), (63, 102), (87, 102), (45, 59), (45, 97), (62, 75), (16, 107), (61, 107), (43, 109), (84, 110), (64, 94), (77, 83), (46, 113), (111, 115), (96, 115), (74, 117), (110, 118))
((7, 15), (0, 32), (8, 33), (16, 34), (18, 26), (15, 31), (27, 37), (6, 22), (23, 31), (14, 39), (19, 27), (22, 30), (20, 28), (3, 38), (10, 26), (13, 21), (30, 41), (12, 28), (24, 35), (5, 29), (1, 34), (37, 48), (14, 47), (9, 36), (35, 37), (13, 44), (51, 57), (49, 58), (47, 59), (45, 46), (11, 42), (33, 56), (41, 51), (36, 40), (40, 50), (12, 45), (32, 67), (9, 25), (17, 69), (34, 70), (66, 69), (52, 72), (1, 55), (10, 74), (70, 74), (63, 76), (65, 77), (38, 44), (11, 79), (68, 80), (16, 66), (32, 82), (63, 83), (48, 54), (23, 43), (53, 86), (32, 86), (39, 88), (53, 89), (40, 88), (32, 62), (19, 65), (61, 93), (62, 93), (3, 95), (4, 40), (42, 97), (49, 98), (80, 98), (72, 78), (0, 50), (4, 20), (68, 103), (5, 21), (43, 105), (64, 106), (54, 106), (103, 105), (59, 109), (57, 109), (2, 17), (55, 112), (46, 112), (25, 114), (76, 114), (2, 92), (10, 117), (61, 118))
((23, 31), (6, 22), (9, 25), (2, 17), (20, 28), (22, 30), (19, 27), (5, 29), (10, 26), (15, 31), (18, 26), (32, 42), (14, 33), (23, 37), (4, 20), (7, 15), (4, 38), (35, 40), (27, 41), (32, 48), (17, 34), (19, 43), (36, 50), (30, 44), (13, 21), (45, 47), (11, 38), (13, 36), (25, 49), (0, 47), (9, 42), (5, 21), (14, 56), (11, 54), (1, 62), (39, 44), (3, 58), (35, 62), (3, 50), (52, 66), (47, 58), (32, 57), (2, 72), (39, 59), (12, 47), (8, 61), (10, 66), (53, 68), (10, 74), (37, 63), (52, 77), (41, 55), (16, 77), (55, 64), (33, 57), (24, 84), (0, 87), (45, 83), (49, 71), (40, 70), (46, 63), (53, 91), (64, 81), (83, 86), (80, 91), (67, 81), (41, 84), (1, 77), (70, 76), (51, 65), (59, 92), (46, 100), (61, 98), (71, 104), (65, 100), (32, 87), (34, 107), (16, 107), (12, 28), (75, 110), (56, 111), (92, 111), (43, 105), (99, 108), (47, 109), (51, 110), (108, 114), (104, 116))
((15, 31), (23, 31), (6, 22), (10, 26), (5, 29), (12, 28), (20, 28), (4, 20), (22, 30), (19, 27), (13, 38), (5, 21), (2, 17), (7, 15), (35, 44), (40, 43), (23, 40), (4, 41), (11, 41), (3, 50), (33, 49), (45, 48), (14, 34), (34, 53), (39, 43), (13, 21), (36, 42), (33, 53), (27, 32), (9, 25), (12, 45), (37, 58), (3, 60), (57, 63), (18, 26), (0, 45), (17, 61), (36, 54), (45, 50), (2, 70), (8, 67), (14, 57), (30, 54), (9, 66), (10, 71), (47, 69), (56, 63), (1, 75), (35, 64), (44, 75), (25, 46), (62, 64), (68, 72), (32, 74), (73, 74), (38, 60), (1, 72), (47, 73), (76, 80), (55, 85), (37, 52), (11, 87), (68, 79), (48, 85), (39, 83), (83, 93), (10, 79), (46, 94), (16, 72), (52, 93), (32, 100), (33, 66), (19, 103), (51, 104), (24, 100), (67, 102), (42, 56), (0, 106), (80, 104), (94, 107), (33, 106), (61, 112), (88, 113), (16, 112), (45, 115), (103, 111), (113, 117), (107, 116))
((7, 15), (0, 32), (8, 33), (16, 34), (18, 26), (15, 31), (27, 37), (23, 31), (19, 27), (22, 30), (20, 28), (3, 38), (24, 35), (11, 40), (39, 44), (12, 32), (9, 25), (38, 42), (32, 45), (4, 40), (35, 37), (2, 17), (36, 39), (19, 54), (13, 21), (17, 48), (33, 52), (10, 26), (53, 59), (5, 21), (16, 46), (32, 62), (9, 36), (43, 59), (55, 65), (12, 28), (4, 20), (46, 48), (2, 50), (13, 42), (1, 64), (57, 72), (60, 73), (58, 73), (54, 75), (69, 76), (25, 60), (14, 56), (58, 63), (10, 72), (39, 51), (53, 64), (11, 49), (82, 84), (3, 45), (55, 86), (5, 29), (71, 88), (43, 47), (84, 90), (68, 90), (67, 82), (0, 44), (67, 89), (56, 95), (6, 22), (14, 97), (88, 98), (30, 98), (79, 100), (37, 100), (23, 41), (102, 103), (32, 103), (97, 105), (39, 105), (102, 106), (34, 57), (61, 68), (71, 110), (95, 110), (41, 61), (99, 113), (1, 34), (69, 115), (79, 113), (10, 70), (65, 118))
((19, 27), (12, 28), (4, 20), (2, 17), (11, 32), (6, 22), (9, 25), (5, 21), (15, 31), (4, 32), (10, 26), (7, 15), (22, 30), (14, 37), (5, 29), (20, 28), (23, 31), (23, 44), (0, 43), (18, 26), (13, 21), (27, 40), (13, 47), (35, 42), (14, 52), (34, 39), (17, 38), (9, 51), (8, 50), (25, 55), (16, 60), (1, 60), (45, 46), (35, 59), (41, 48), (43, 49), (40, 62), (24, 62), (46, 54), (37, 67), (47, 53), (54, 57), (48, 51), (0, 69), (39, 44), (33, 66), (36, 43), (1, 59), (12, 43), (3, 53), (19, 74), (30, 45), (58, 79), (58, 60), (56, 76), (3, 36), (50, 68), (11, 72), (10, 79), (40, 83), (42, 81), (33, 70), (64, 76), (56, 83), (52, 93), (48, 69), (80, 81), (82, 87), (38, 97), (48, 67), (63, 100), (84, 88), (74, 103), (2, 78), (16, 97), (100, 104), (89, 98), (43, 106), (88, 109), (49, 91), (82, 92), (71, 91), (66, 89), (34, 98), (57, 93), (55, 84), (10, 105), (92, 118))
((15, 31), (22, 30), (27, 32), (7, 15), (18, 26), (3, 34), (23, 33), (35, 37), (23, 31), (5, 29), (10, 26), (19, 27), (12, 39), (20, 28), (13, 45), (36, 40), (19, 47), (34, 45), (40, 43), (35, 38), (13, 21), (41, 46), (5, 21), (12, 28), (6, 22), (14, 52), (37, 42), (4, 50), (11, 49), (0, 35), (9, 25), (51, 56), (14, 56), (55, 59), (9, 36), (11, 43), (59, 60), (48, 67), (30, 64), (48, 58), (4, 20), (53, 55), (33, 54), (57, 74), (32, 70), (54, 72), (41, 64), (57, 70), (8, 61), (44, 72), (35, 67), (10, 82), (3, 69), (38, 76), (44, 60), (16, 80), (73, 77), (63, 76), (24, 87), (52, 73), (17, 62), (40, 90), (62, 93), (1, 66), (0, 90), (2, 17), (40, 51), (46, 77), (80, 94), (35, 93), (42, 97), (16, 101), (80, 92), (32, 87), (61, 105), (92, 95), (2, 83), (74, 78), (106, 107), (103, 106), (10, 95), (102, 107), (58, 108), (47, 110), (1, 100), (94, 115), (66, 97), (25, 102))
((22, 30), (18, 26), (7, 15), (9, 25), (20, 28), (0, 34), (8, 37), (9, 33), (19, 27), (16, 38), (15, 31), (4, 40), (5, 29), (13, 36), (27, 42), (6, 22), (14, 47), (1, 38), (11, 40), (3, 50), (3, 46), (44, 48), (5, 21), (23, 32), (23, 31), (33, 56), (41, 42), (13, 21), (14, 59), (30, 48), (24, 41), (1, 39), (10, 26), (12, 34), (44, 45), (34, 50), (34, 55), (19, 57), (36, 46), (2, 67), (37, 58), (2, 17), (56, 62), (17, 35), (12, 28), (52, 64), (63, 75), (16, 74), (11, 70), (66, 76), (47, 68), (10, 71), (34, 79), (42, 61), (59, 81), (35, 74), (4, 20), (52, 65), (32, 54), (43, 56), (56, 68), (49, 87), (82, 85), (72, 78), (80, 89), (64, 73), (60, 90), (57, 95), (54, 88), (38, 75), (0, 62), (88, 89), (10, 63), (76, 91), (25, 97), (80, 91), (39, 73), (55, 85), (72, 84), (77, 83), (78, 97), (45, 100), (69, 77), (51, 69), (87, 99), (53, 90), (81, 100), (60, 61))
((7, 15), (0, 32), (8, 33), (16, 34), (18, 26), (15, 31), (27, 37), (6, 22), (23, 31), (14, 39), (19, 27), (22, 30), (20, 28), (3, 38), (10, 26), (13, 21), (30, 41), (12, 28), (24, 35), (5, 29), (1, 34), (37, 48), (14, 47), (9, 36), (35, 37), (13, 44), (51, 57), (49, 58), (47, 59), (45, 46), (11, 42), (33, 56), (41, 51), (36, 40), (40, 50), (12, 32), (45, 67), (9, 25), (17, 69), (34, 70), (66, 69), (52, 72), (1, 55), (10, 74), (70, 74), (63, 65), (76, 77), (11, 38), (44, 79), (68, 80), (32, 66), (16, 82), (63, 83), (48, 54), (23, 43), (53, 86), (32, 86), (39, 88), (53, 89), (40, 88), (10, 32), (19, 65), (61, 93), (62, 93), (3, 95), (4, 42), (40, 97), (49, 98), (80, 98), (72, 78), (0, 50), (4, 20), (68, 103), (5, 21), (43, 105), (64, 106), (54, 106), (103, 105), (59, 109), (57, 109), (2, 17), (55, 112), (46, 112), (25, 114), (76, 114), (62, 92), (2, 117), (61, 118))
((22, 30), (23, 32), (7, 15), (33, 34), (6, 22), (35, 36), (5, 29), (14, 36), (38, 39), (5, 21), (4, 20), (41, 42), (20, 28), (13, 44), (43, 45), (12, 34), (15, 31), (27, 48), (3, 49), (47, 50), (42, 51), (19, 27), (11, 53), (34, 54), (2, 55), (10, 56), (10, 26), (50, 58), (57, 59), (2, 17), (58, 61), (18, 26), (9, 63), (1, 64), (9, 25), (17, 66), (65, 67), (62, 68), (0, 34), (8, 70), (16, 71), (48, 72), (70, 73), (68, 74), (23, 31), (63, 76), (75, 77), (24, 72), (76, 79), (66, 80), (78, 81), (35, 76), (32, 41), (40, 84), (38, 45), (4, 53), (76, 87), (12, 28), (88, 89), (3, 54), (19, 77), (91, 92), (25, 62), (1, 71), (81, 95), (16, 80), (34, 97), (30, 39), (48, 99), (37, 100), (13, 21), (14, 102), (99, 103), (86, 89), (102, 105), (44, 49), (11, 107), (88, 108), (59, 92), (61, 64), (74, 98), (33, 100), (84, 103), (43, 105), (51, 108), (10, 65), (67, 71), (0, 79))
((22, 30), (4, 20), (13, 21), (18, 26), (6, 22), (10, 26), (5, 29), (20, 28), (7, 15), (12, 28), (23, 31), (35, 42), (0, 40), (13, 39), (23, 32), (5, 21), (15, 31), (12, 40), (14, 36), (32, 47), (38, 45), (9, 25), (33, 47), (19, 27), (9, 35), (1, 56), (4, 55), (17, 53), (2, 17), (11, 55), (14, 34), (30, 50), (56, 60), (8, 44), (40, 61), (1, 65), (37, 60), (27, 48), (25, 68), (39, 69), (3, 69), (11, 71), (49, 72), (2, 66), (51, 62), (16, 65), (38, 50), (42, 58), (41, 79), (48, 63), (33, 74), (59, 65), (41, 52), (3, 61), (51, 78), (37, 72), (54, 84), (10, 57), (45, 54), (34, 84), (10, 75), (73, 74), (40, 46), (36, 94), (81, 95), (42, 94), (62, 63), (19, 43), (48, 77), (44, 100), (24, 77), (73, 79), (0, 102), (85, 99), (46, 81), (57, 59), (87, 92), (87, 99), (68, 107), (101, 107), (42, 102), (16, 112), (53, 112), (40, 113), (101, 115), (67, 114), (43, 111), (114, 118))
((9, 25), (2, 17), (12, 28), (7, 15), (22, 30), (10, 26), (4, 20), (5, 29), (23, 31), (5, 21), (20, 28), (0, 35), (8, 43), (13, 21), (1, 44), (15, 31), (12, 35), (18, 26), (14, 45), (9, 49), (23, 36), (38, 41), (35, 52), (33, 51), (17, 32), (6, 22), (14, 57), (19, 27), (54, 57), (40, 49), (36, 41), (11, 59), (39, 58), (16, 44), (3, 63), (27, 47), (19, 61), (62, 64), (4, 59), (33, 37), (50, 62), (30, 58), (50, 73), (47, 65), (13, 42), (3, 67), (42, 67), (40, 70), (47, 73), (66, 68), (48, 77), (34, 79), (40, 54), (60, 80), (35, 63), (37, 77), (68, 87), (25, 71), (44, 56), (53, 76), (38, 82), (11, 78), (79, 93), (24, 65), (82, 93), (2, 86), (1, 51), (56, 98), (10, 97), (40, 95), (43, 75), (99, 102), (0, 95), (16, 101), (71, 99), (52, 80), (35, 105), (32, 101), (39, 76), (46, 109), (10, 98), (87, 100), (102, 108), (61, 103), (34, 110), (45, 116), (109, 115), (53, 116))
((17, 25), (5, 13), (6, 30), (4, 12), (2, 10), (13, 35), (12, 28), (7, 31), (15, 31), (15, 23), (26, 36), (30, 33), (6, 22), (7, 34), (18, 42), (5, 21), (1, 9), (14, 22), (11, 41), (1, 8), (17, 39), (44, 47), (40, 44), (23, 49), (41, 45), (16, 41), (21, 29), (20, 28), (43, 49), (29, 59), (43, 53), (0, 24), (52, 63), (3, 39), (14, 58), (57, 63), (32, 42), (33, 61), (39, 55), (20, 27), (10, 18), (38, 47), (51, 57), (9, 25), (53, 66), (48, 64), (61, 73), (11, 27), (37, 73), (37, 58), (19, 50), (34, 66), (32, 74), (72, 75), (45, 54), (54, 55), (65, 71), (68, 85), (41, 65), (40, 63), (4, 82), (72, 82), (2, 48), (79, 93), (85, 94), (59, 92), (35, 88), (40, 79), (8, 91), (3, 95), (38, 99), (0, 100), (88, 102), (41, 100), (46, 94), (46, 90), (16, 103), (92, 102), (39, 108), (75, 103), (36, 39), (93, 107), (91, 110), (64, 111), (99, 112), (74, 111), (107, 116), (19, 116))
((21, 29), (15, 23), (2, 26), (12, 28), (4, 28), (6, 22), (13, 29), (7, 31), (17, 25), (21, 36), (0, 8), (3, 19), (27, 39), (1, 9), (3, 4), (5, 13), (41, 47), (34, 44), (14, 47), (10, 40), (6, 14), (7, 23), (35, 38), (34, 51), (11, 19), (43, 53), (41, 54), (26, 45), (12, 20), (16, 39), (42, 53), (44, 46), (30, 32), (60, 63), (10, 18), (33, 66), (1, 17), (27, 43), (42, 61), (37, 38), (33, 62), (67, 69), (50, 71), (2, 18), (37, 53), (9, 72), (64, 71), (40, 77), (59, 66), (31, 52), (68, 75), (59, 82), (51, 82), (11, 69), (52, 64), (56, 57), (49, 85), (33, 81), (76, 81), (75, 87), (35, 57), (73, 91), (63, 92), (22, 30), (5, 60), (24, 62), (20, 33), (50, 95), (70, 97), (39, 97), (15, 95), (49, 91), (56, 98), (76, 102), (39, 102), (25, 100), (54, 96), (45, 107), (92, 104), (33, 101), (36, 104), (32, 96), (0, 111), (61, 114), (62, 115), (68, 114), (107, 117), (77, 117))
((12, 28), (22, 30), (23, 31), (5, 29), (15, 31), (19, 27), (4, 37), (5, 21), (34, 38), (20, 28), (10, 26), (13, 21), (14, 43), (27, 36), (23, 33), (41, 45), (7, 15), (9, 25), (11, 47), (32, 40), (13, 41), (35, 52), (40, 50), (17, 49), (3, 45), (2, 17), (12, 48), (33, 39), (18, 26), (46, 48), (42, 56), (9, 60), (57, 63), (4, 20), (34, 61), (11, 37), (56, 58), (48, 67), (6, 22), (42, 57), (2, 69), (3, 67), (14, 70), (35, 74), (39, 65), (59, 75), (25, 71), (61, 70), (0, 48), (44, 59), (50, 68), (52, 76), (30, 74), (65, 68), (34, 60), (8, 80), (55, 87), (1, 87), (19, 86), (1, 63), (32, 53), (43, 92), (16, 87), (76, 92), (10, 72), (44, 84), (36, 94), (24, 94), (73, 90), (34, 99), (36, 84), (62, 96), (10, 91), (46, 102), (16, 101), (79, 102), (48, 106), (55, 91), (49, 101), (80, 98), (109, 111), (89, 110), (71, 109), (86, 112), (0, 99), (108, 111), (62, 90), (110, 115))
((7, 15), (0, 32), (8, 33), (16, 34), (18, 26), (15, 31), (27, 37), (6, 22), (23, 31), (14, 39), (19, 27), (22, 30), (20, 28), (3, 38), (10, 26), (13, 21), (30, 41), (12, 28), (24, 35), (5, 29), (37, 48), (14, 47), (9, 36), (35, 37), (13, 44), (51, 56), (49, 57), (47, 58), (45, 46), (11, 42), (33, 55), (41, 51), (36, 40), (40, 50), (12, 32), (45, 66), (9, 25), (17, 68), (34, 69), (65, 68), (34, 71), (1, 72), (1, 54), (10, 74), (69, 74), (62, 76), (64, 77), (38, 44), (11, 79), (67, 80), (16, 65), (32, 82), (62, 83), (48, 53), (23, 43), (52, 86), (32, 86), (39, 88), (52, 89), (40, 88), (32, 61), (19, 64), (60, 93), (3, 61), (93, 95), (4, 42), (40, 97), (49, 98), (80, 98), (71, 78), (0, 50), (4, 20), (67, 103), (5, 21), (43, 105), (63, 106), (53, 106), (103, 105), (58, 109), (56, 109), (2, 17), (54, 112), (46, 112), (25, 114), (76, 114), (2, 92), (10, 117), (60, 118))
((7, 15), (0, 32), (8, 33), (16, 34), (18, 26), (15, 31), (27, 37), (6, 22), (23, 31), (14, 39), (19, 27), (22, 30), (20, 28), (3, 38), (10, 26), (13, 21), (30, 41), (12, 28), (24, 35), (5, 29), (1, 34), (37, 48), (14, 47), (9, 36), (35, 37), (13, 44), (51, 57), (49, 58), (47, 59), (45, 46), (11, 42), (33, 56), (41, 51), (36, 40), (40, 50), (12, 32), (45, 67), (9, 25), (17, 69), (34, 70), (66, 69), (52, 72), (1, 55), (10, 74), (70, 74), (63, 76), (65, 77), (38, 44), (11, 79), (68, 80), (16, 66), (32, 82), (63, 83), (48, 54), (23, 43), (53, 86), (32, 86), (39, 88), (53, 89), (40, 88), (32, 62), (19, 65), (61, 93), (3, 62), (93, 95), (4, 42), (40, 97), (49, 98), (80, 98), (72, 78), (0, 50), (4, 20), (68, 103), (5, 21), (43, 105), (64, 106), (54, 106), (103, 105), (59, 109), (57, 109), (2, 17), (55, 112), (46, 112), (25, 114), (76, 114), (2, 92), (10, 117), (61, 118))
((7, 15), (0, 32), (8, 33), (16, 34), (18, 26), (15, 31), (27, 37), (6, 22), (23, 31), (14, 39), (19, 27), (22, 30), (20, 28), (3, 38), (10, 26), (13, 21), (30, 41), (12, 28), (24, 35), (5, 29), (1, 34), (37, 48), (14, 47), (9, 36), (35, 37), (13, 44), (51, 57), (49, 58), (47, 59), (45, 46), (11, 42), (33, 56), (41, 51), (36, 40), (40, 50), (12, 32), (45, 67), (9, 25), (17, 69), (34, 70), (66, 69), (48, 54), (52, 72), (1, 55), (10, 75), (0, 50), (70, 75), (63, 78), (65, 79), (38, 44), (11, 81), (68, 82), (16, 66), (32, 84), (63, 85), (23, 43), (53, 87), (32, 87), (39, 89), (53, 90), (40, 89), (32, 62), (19, 65), (61, 94), (3, 62), (94, 96), (4, 42), (40, 98), (49, 99), (82, 99), (72, 80), (4, 20), (68, 103), (5, 21), (43, 105), (64, 106), (54, 106), (103, 105), (59, 109), (57, 109), (2, 17), (55, 112), (46, 112), (25, 114), (78, 114), (2, 93), (10, 117), (61, 118))
((13, 21), (1, 25), (7, 23), (4, 32), (7, 8), (6, 30), (11, 23), (15, 36), (0, 39), (33, 34), (17, 40), (3, 38), (27, 43), (18, 31), (15, 34), (22, 37), (29, 35), (26, 45), (10, 33), (37, 46), (2, 50), (43, 46), (31, 34), (28, 35), (14, 22), (32, 47), (16, 39), (18, 52), (54, 56), (17, 41), (25, 42), (5, 55), (5, 30), (56, 64), (12, 48), (24, 58), (9, 62), (13, 65), (44, 49), (20, 53), (12, 71), (28, 72), (58, 61))
((7, 15), (0, 32), (8, 33), (16, 34), (18, 26), (15, 31), (27, 37), (6, 22), (23, 31), (14, 39), (19, 27), (22, 30), (20, 28), (3, 38), (10, 26), (13, 21), (30, 41), (12, 28), (24, 35), (5, 29), (0, 50), (1, 34), (37, 48), (14, 47), (9, 36), (35, 37), (13, 44), (51, 58), (49, 59), (48, 55), (45, 46), (11, 42), (33, 57), (41, 51), (36, 40), (40, 50), (47, 60), (12, 32), (45, 69), (9, 25), (17, 71), (34, 72), (67, 71), (53, 74), (1, 56), (72, 76), (64, 77), (66, 78), (74, 79), (38, 44), (11, 81), (70, 82), (16, 67), (32, 84), (23, 43), (64, 85), (54, 86), (32, 86), (39, 89), (40, 89), (54, 90), (32, 63), (19, 66), (62, 94), (3, 63), (94, 96), (4, 42), (40, 98), (49, 99), (4, 20), (70, 101), (5, 21), (43, 103), (55, 104), (101, 103), (10, 76), (58, 106), (2, 17), (56, 109), (46, 109), (25, 111), (77, 111), (2, 93), (10, 114), (62, 115), (82, 99), (65, 104), (60, 106))
((1, 9), (7, 23), (1, 25), (12, 20), (15, 31), (10, 32), (4, 12), (18, 26), (11, 27), (17, 34), (23, 31), (14, 42), (28, 38), (20, 44), (16, 42), (24, 46), (7, 43), (3, 11), (27, 42), (19, 44), (7, 15), (8, 46), (48, 52), (0, 53), (5, 45), (6, 54), (50, 51), (36, 53), (49, 52), (41, 59), (33, 55), (37, 39), (25, 47), (22, 48), (32, 64), (4, 60), (13, 56), (45, 67), (29, 68), (39, 49), (50, 71), (35, 67), (36, 73), (38, 70), (40, 74), (21, 68), (35, 77))
((20, 28), (6, 22), (15, 31), (12, 28), (18, 26), (27, 34), (7, 15), (13, 32), (4, 20), (32, 37), (19, 27), (12, 38), (23, 31), (22, 30), (3, 37), (36, 44), (11, 41), (14, 33), (19, 47), (13, 21), (10, 26), (43, 46), (5, 21), (30, 49), (48, 53), (45, 54), (34, 55), (40, 54), (0, 38), (46, 52), (39, 59), (9, 36), (23, 45), (1, 63), (14, 51), (50, 61), (10, 65), (40, 53), (5, 29), (11, 42), (3, 71), (58, 64), (57, 66), (39, 70), (38, 71), (55, 66), (2, 76), (49, 70), (8, 60), (35, 75), (9, 25), (59, 81), (57, 79), (2, 17), (50, 72), (51, 81), (16, 80), (4, 42), (34, 88), (38, 64), (60, 90), (24, 88), (0, 93), (1, 80), (44, 91), (44, 89), (48, 97), (35, 97), (44, 93), (33, 91), (16, 100), (82, 100), (52, 85), (95, 103), (63, 85), (25, 104), (58, 101), (17, 82), (80, 109), (10, 78), (61, 111), (38, 102), (92, 113), (65, 109), (92, 115), (47, 116), (103, 117), (104, 115))
((7, 15), (0, 32), (8, 33), (16, 34), (18, 26), (15, 31), (27, 37), (6, 22), (23, 31), (14, 39), (19, 27), (22, 30), (20, 28), (3, 38), (10, 26), (13, 21), (30, 41), (12, 28), (24, 35), (5, 29), (37, 48), (14, 47), (9, 36), (13, 44), (51, 55), (49, 56), (36, 40), (40, 50), (9, 25), (17, 60), (59, 60), (1, 54), (38, 44), (11, 64), (16, 59), (23, 43), (32, 67), (19, 58), (4, 42), (40, 70), (49, 71), (4, 20), (5, 21), (43, 74), (73, 74), (11, 42), (3, 77), (2, 10), (39, 68), (52, 80), (34, 62), (1, 82), (61, 63), (40, 68), (34, 61), (35, 37), (57, 76), (33, 87), (32, 79), (58, 84), (89, 91), (2, 17), (46, 93), (25, 94), (62, 92), (55, 76), (41, 51), (45, 46), (69, 99), (47, 57), (84, 94), (69, 78), (32, 66), (89, 104), (77, 90), (99, 106), (54, 93), (0, 50), (10, 63), (48, 53), (32, 45), (12, 112), (65, 113), (65, 71), (73, 113), (53, 75), (75, 98), (52, 67))
((7, 15), (0, 32), (8, 33), (16, 34), (18, 26), (15, 31), (27, 37), (6, 22), (23, 31), (14, 39), (19, 27), (22, 30), (20, 28), (3, 38), (10, 26), (13, 21), (30, 41), (12, 28), (24, 35), (5, 29), (37, 48), (14, 47), (1, 34), (9, 36), (35, 37), (13, 44), (51, 57), (49, 58), (47, 59), (45, 46), (11, 42), (33, 56), (41, 51), (36, 40), (40, 50), (12, 45), (32, 67), (9, 25), (17, 69), (34, 70), (66, 69), (54, 72), (1, 55), (10, 74), (70, 74), (63, 76), (11, 44), (65, 77), (38, 78), (68, 80), (32, 66), (16, 82), (63, 83), (48, 53), (23, 43), (52, 86), (32, 86), (39, 88), (52, 89), (40, 88), (10, 32), (19, 65), (61, 93), (3, 93), (62, 95), (4, 42), (40, 97), (49, 98), (80, 98), (0, 50), (4, 20), (72, 79), (68, 102), (5, 21), (43, 105), (64, 106), (53, 106), (102, 105), (59, 109), (57, 109), (2, 17), (55, 112), (46, 112), (25, 114), (76, 114), (62, 92), (2, 117), (61, 118))
((7, 15), (15, 31), (0, 32), (8, 34), (13, 21), (27, 33), (19, 27), (23, 31), (3, 37), (16, 35), (6, 22), (14, 42), (18, 26), (33, 41), (20, 28), (24, 41), (5, 29), (30, 43), (9, 25), (33, 49), (12, 28), (9, 44), (13, 46), (10, 26), (39, 44), (48, 54), (34, 45), (52, 57), (14, 36), (17, 50), (11, 38), (43, 48), (12, 32), (1, 53), (40, 64), (22, 30), (61, 65), (37, 46), (58, 68), (39, 47), (50, 71), (40, 55), (23, 67), (4, 20), (35, 61), (11, 69), (32, 74), (36, 59), (4, 38), (42, 78), (3, 62), (1, 35), (5, 21), (72, 83), (51, 81), (66, 77), (19, 56), (0, 47), (56, 70), (16, 71), (39, 78), (10, 65), (82, 88), (51, 74), (32, 62), (73, 88), (32, 91), (58, 98), (39, 80), (75, 84), (72, 90), (67, 84), (2, 17), (2, 96), (52, 100), (54, 101), (55, 104), (53, 104), (77, 100), (49, 60), (59, 101), (68, 108), (10, 105), (73, 114), (25, 108), (66, 75), (63, 103), (60, 103))
((7, 15), (6, 22), (22, 30), (4, 20), (14, 33), (15, 31), (20, 28), (10, 32), (10, 26), (19, 27), (12, 32), (23, 31), (9, 25), (2, 17), (18, 26), (12, 28), (27, 37), (5, 29), (17, 44), (23, 34), (0, 32), (5, 21), (13, 21), (43, 46), (13, 38), (32, 51), (34, 53), (9, 46), (8, 52), (41, 43), (40, 45), (3, 48), (11, 41), (1, 59), (19, 55), (25, 62), (35, 53), (40, 63), (43, 57), (3, 66), (14, 54), (38, 48), (33, 57), (4, 61), (66, 69), (36, 49), (2, 39), (1, 60), (56, 68), (42, 63), (35, 81), (50, 60), (58, 77), (58, 72), (49, 56), (16, 32), (47, 75), (47, 86), (30, 36), (68, 89), (37, 90), (16, 60), (10, 65), (54, 89), (37, 93), (24, 93), (72, 90), (43, 97), (45, 59), (11, 73), (50, 65), (52, 96), (64, 78), (64, 71), (62, 102), (0, 97), (87, 99), (44, 99), (75, 101), (81, 101), (102, 103), (51, 92), (79, 109), (103, 108), (55, 112), (109, 116), (74, 92), (69, 104))
((22, 30), (23, 32), (7, 15), (33, 34), (6, 22), (35, 36), (5, 29), (14, 36), (38, 39), (5, 21), (4, 20), (41, 42), (20, 28), (13, 44), (43, 45), (12, 34), (15, 31), (27, 48), (3, 49), (47, 50), (42, 51), (19, 27), (11, 53), (34, 54), (2, 55), (10, 56), (10, 26), (50, 58), (57, 59), (2, 17), (58, 61), (18, 26), (9, 63), (1, 64), (9, 25), (17, 66), (65, 67), (62, 68), (0, 34), (8, 70), (16, 71), (48, 72), (70, 73), (68, 74), (23, 31), (63, 76), (75, 77), (24, 72), (76, 79), (66, 80), (78, 81), (35, 76), (32, 41), (40, 84), (38, 45), (4, 53), (76, 87), (12, 28), (88, 89), (3, 54), (19, 77), (91, 92), (25, 62), (1, 71), (81, 95), (16, 80), (34, 97), (30, 39), (48, 99), (37, 100), (13, 21), (14, 102), (99, 103), (86, 89), (102, 105), (44, 49), (11, 107), (88, 108), (59, 92), (61, 64), (74, 98), (33, 100), (84, 103), (43, 105), (51, 108), (10, 65), (67, 71), (0, 79))
((4, 20), (5, 29), (9, 25), (17, 34), (22, 30), (23, 31), (15, 31), (5, 21), (7, 15), (32, 39), (0, 40), (20, 28), (18, 26), (9, 44), (12, 28), (27, 38), (8, 42), (19, 27), (2, 17), (36, 39), (23, 36), (1, 48), (45, 50), (10, 26), (3, 47), (43, 47), (37, 44), (40, 52), (11, 57), (13, 43), (6, 22), (14, 62), (13, 21), (12, 40), (19, 58), (16, 48), (1, 45), (59, 62), (14, 64), (50, 55), (11, 49), (38, 67), (3, 72), (41, 61), (35, 68), (25, 71), (56, 65), (33, 63), (24, 67), (10, 68), (51, 70), (37, 80), (51, 79), (34, 83), (66, 74), (40, 72), (35, 48), (42, 73), (76, 89), (4, 49), (71, 76), (37, 91), (60, 93), (53, 85), (33, 61), (55, 56), (30, 63), (66, 97), (46, 96), (58, 90), (37, 59), (2, 87), (32, 78), (10, 103), (38, 98), (70, 98), (85, 101), (52, 106), (46, 93), (0, 80), (60, 78), (64, 100), (16, 83), (41, 100), (40, 114), (97, 105), (89, 116), (69, 106))
((13, 21), (5, 29), (23, 31), (22, 30), (5, 21), (4, 20), (2, 17), (19, 27), (15, 31), (4, 39), (35, 36), (6, 22), (36, 37), (14, 43), (10, 26), (11, 39), (14, 32), (20, 28), (27, 40), (23, 35), (7, 15), (49, 50), (9, 25), (38, 46), (33, 45), (3, 50), (42, 56), (13, 49), (46, 57), (0, 52), (11, 53), (17, 54), (3, 47), (12, 28), (44, 59), (8, 61), (51, 52), (30, 45), (34, 68), (42, 48), (1, 67), (40, 69), (25, 55), (18, 26), (9, 75), (43, 68), (73, 77), (51, 73), (63, 67), (34, 41), (12, 52), (1, 76), (65, 81), (34, 75), (38, 76), (16, 67), (47, 52), (40, 87), (62, 81), (2, 88), (24, 87), (34, 92), (54, 93), (72, 94), (10, 83), (61, 89), (10, 91), (19, 85), (63, 83), (64, 99), (60, 99), (48, 69), (16, 93), (55, 100), (97, 100), (85, 106), (60, 98), (52, 104), (97, 109), (0, 92), (33, 59), (57, 82), (37, 113), (65, 112), (62, 113), (94, 107), (44, 115), (32, 115))
((7, 15), (0, 32), (8, 33), (16, 34), (18, 26), (15, 31), (27, 37), (6, 22), (23, 31), (14, 39), (19, 27), (22, 30), (20, 28), (3, 38), (10, 26), (13, 21), (30, 41), (12, 28), (24, 35), (5, 29), (1, 34), (37, 48), (14, 47), (9, 36), (35, 37), (13, 44), (51, 57), (49, 58), (47, 59), (45, 46), (11, 42), (33, 56), (41, 51), (36, 40), (40, 50), (12, 32), (45, 67), (9, 25), (17, 69), (34, 70), (66, 69), (52, 72), (1, 55), (10, 74), (70, 74), (63, 76), (65, 77), (38, 44), (11, 79), (68, 80), (16, 66), (32, 82), (63, 83), (48, 54), (23, 43), (53, 86), (32, 86), (39, 88), (53, 89), (40, 88), (32, 62), (19, 65), (61, 93), (3, 62), (93, 95), (4, 42), (40, 97), (49, 98), (0, 50), (80, 98), (72, 78), (2, 17), (55, 103), (2, 92), (10, 105), (61, 106), (46, 103), (25, 108), (76, 108), (4, 20), (68, 111), (5, 21), (43, 113), (54, 114), (64, 114), (111, 113), (59, 117), (57, 117))
((7, 15), (0, 32), (8, 33), (16, 34), (18, 26), (15, 31), (27, 37), (6, 22), (23, 31), (14, 39), (19, 27), (22, 30), (20, 28), (3, 38), (10, 26), (13, 21), (30, 41), (12, 28), (24, 35), (5, 29), (9, 36), (35, 37), (13, 44), (51, 54), (11, 42), (33, 53), (36, 40), (40, 50), (12, 32), (9, 25), (17, 61), (59, 61), (1, 52), (62, 64), (38, 44), (23, 43), (32, 67), (32, 56), (19, 58), (4, 42), (4, 20), (5, 21), (2, 17), (32, 59), (58, 65), (45, 46), (56, 70), (46, 74), (43, 73), (34, 63), (37, 48), (49, 55), (57, 76), (40, 68), (25, 79), (3, 78), (70, 77), (34, 62), (52, 74), (40, 71), (49, 91), (10, 64), (0, 50), (47, 83), (63, 84), (45, 60), (72, 97), (72, 73), (54, 99), (41, 51), (80, 101), (11, 66), (97, 103), (91, 103), (83, 99), (14, 47), (80, 107), (48, 107), (1, 81), (65, 79), (67, 82), (39, 68), (82, 113), (10, 69), (2, 115), (77, 116), (16, 75), (57, 118))
((2, 17), (15, 31), (6, 22), (7, 15), (5, 29), (27, 33), (11, 37), (12, 28), (10, 35), (16, 35), (13, 21), (18, 26), (5, 21), (4, 20), (44, 45), (22, 30), (3, 37), (20, 28), (13, 49), (46, 50), (14, 42), (23, 47), (44, 47), (35, 53), (19, 27), (38, 49), (0, 35), (36, 50), (35, 48), (10, 26), (32, 61), (48, 61), (39, 59), (8, 58), (12, 60), (34, 55), (25, 62), (11, 56), (46, 64), (42, 64), (1, 65), (57, 66), (9, 43), (45, 66), (40, 69), (1, 74), (10, 77), (52, 54), (16, 65), (23, 31), (55, 81), (9, 25), (4, 81), (43, 81), (33, 80), (17, 83), (56, 84), (2, 76), (32, 74), (24, 80), (81, 91), (63, 89), (19, 85), (39, 88), (0, 91), (3, 94), (69, 97), (57, 88), (41, 92), (63, 94), (65, 87), (58, 86), (14, 34), (30, 104), (52, 105), (83, 92), (36, 104), (77, 87), (72, 107), (62, 109), (54, 108), (85, 103), (109, 113), (100, 103), (107, 114), (33, 105), (67, 117), (53, 117))
((7, 15), (0, 32), (8, 33), (16, 34), (18, 26), (15, 31), (27, 37), (6, 22), (23, 31), (14, 39), (19, 27), (22, 30), (20, 28), (3, 38), (10, 26), (13, 21), (30, 41), (12, 28), (24, 35), (5, 29), (1, 34), (37, 48), (14, 47), (9, 36), (35, 37), (13, 44), (51, 57), (49, 58), (45, 46), (11, 42), (33, 56), (41, 51), (36, 40), (40, 50), (12, 32), (45, 66), (9, 25), (17, 68), (65, 68), (1, 55), (69, 71), (62, 72), (64, 73), (38, 44), (11, 75), (16, 65), (32, 77), (23, 43), (32, 79), (39, 80), (32, 61), (19, 64), (3, 61), (4, 42), (40, 85), (4, 20), (5, 21), (43, 88), (87, 88), (2, 17), (46, 91), (2, 82), (10, 93), (34, 69), (60, 94), (57, 90), (70, 74), (67, 87), (54, 89), (49, 86), (62, 78), (52, 70), (40, 80), (0, 50), (83, 84), (47, 59), (53, 79), (72, 92), (63, 89), (10, 71), (60, 83), (76, 86), (59, 90), (53, 81), (55, 91), (67, 76), (25, 92), (48, 54))
((23, 31), (10, 26), (2, 17), (13, 21), (33, 34), (5, 21), (15, 31), (7, 15), (27, 38), (3, 40), (18, 26), (4, 20), (32, 42), (6, 22), (9, 42), (12, 28), (9, 25), (20, 28), (22, 30), (19, 44), (0, 39), (14, 45), (5, 29), (19, 27), (23, 50), (40, 49), (25, 36), (11, 55), (34, 46), (14, 35), (39, 59), (39, 56), (11, 57), (17, 48), (13, 49), (8, 52), (37, 50), (3, 59), (32, 63), (1, 67), (51, 69), (4, 55), (30, 53), (1, 46), (2, 62), (33, 41), (38, 74), (65, 67), (51, 77), (12, 39), (56, 78), (10, 76), (37, 43), (32, 73), (45, 63), (65, 75), (36, 87), (78, 86), (64, 85), (66, 84), (77, 83), (41, 81), (43, 93), (47, 85), (10, 75), (64, 93), (61, 74), (16, 67), (53, 54), (24, 99), (32, 101), (61, 68), (0, 101), (38, 99), (48, 102), (54, 66), (16, 102), (39, 108), (52, 105), (47, 107), (71, 106), (84, 111), (109, 110), (35, 111), (87, 110), (44, 116), (106, 117), (68, 100))
((19, 27), (7, 15), (9, 25), (0, 33), (20, 28), (5, 29), (18, 26), (13, 36), (8, 35), (10, 26), (12, 28), (4, 32), (9, 38), (1, 44), (13, 21), (5, 21), (17, 34), (45, 48), (6, 22), (10, 45), (14, 50), (37, 39), (30, 52), (4, 20), (14, 46), (11, 32), (1, 40), (23, 31), (40, 48), (38, 59), (47, 55), (16, 40), (33, 57), (2, 64), (39, 62), (43, 59), (3, 57), (54, 56), (12, 33), (2, 17), (42, 53), (10, 65), (42, 67), (46, 72), (15, 31), (22, 30), (37, 52), (41, 71), (19, 61), (68, 80), (47, 77), (63, 76), (27, 76), (54, 76), (3, 84), (23, 77), (62, 72), (44, 71), (49, 79), (41, 86), (78, 82), (85, 87), (24, 63), (59, 94), (70, 86), (34, 95), (36, 84), (11, 98), (16, 95), (0, 94), (56, 82), (73, 91), (33, 87), (25, 79), (58, 97), (59, 104), (80, 91), (50, 104), (96, 99), (55, 96), (85, 109), (33, 100), (67, 99), (35, 83), (113, 115), (49, 115), (61, 117), (97, 118))
((20, 28), (20, 27), (17, 25), (9, 25), (14, 22), (11, 27), (6, 30), (7, 38), (5, 13), (1, 9), (29, 32), (40, 42), (21, 29), (5, 21), (11, 19), (23, 36), (14, 44), (12, 28), (15, 23), (15, 31), (0, 24), (51, 52), (38, 48), (39, 50), (7, 31), (3, 56), (52, 56), (16, 56), (45, 49), (16, 50), (37, 51), (17, 58), (47, 56), (6, 22), (10, 18), (2, 41), (2, 10), (26, 68), (4, 12), (13, 70), (30, 40), (44, 71), (41, 63), (46, 50), (62, 68), (51, 65), (4, 75), (50, 57), (60, 71), (56, 76), (66, 75), (18, 69), (36, 72), (52, 61), (33, 57), (47, 77), (39, 77), (8, 53), (79, 83), (82, 90), (0, 89), (45, 65), (32, 78), (8, 61), (67, 83), (35, 66), (72, 93), (37, 82), (81, 90), (67, 97), (42, 60), (19, 81), (49, 62), (86, 104), (1, 95), (35, 92), (63, 107), (34, 69), (3, 99), (34, 106), (97, 109), (78, 104), (48, 93), (50, 89), (59, 92), (70, 86), (106, 107), (53, 116))
((10, 26), (6, 22), (18, 26), (2, 17), (5, 21), (20, 28), (7, 15), (0, 38), (23, 31), (12, 28), (14, 33), (12, 38), (13, 21), (22, 30), (13, 37), (9, 25), (34, 40), (15, 31), (4, 20), (8, 39), (36, 50), (5, 29), (36, 45), (19, 27), (9, 34), (23, 45), (42, 53), (14, 44), (32, 35), (4, 55), (40, 61), (1, 56), (27, 49), (30, 42), (1, 51), (49, 65), (3, 64), (38, 57), (41, 62), (46, 52), (57, 67), (11, 55), (16, 51), (40, 69), (3, 73), (59, 65), (35, 56), (33, 69), (17, 47), (49, 74), (19, 48), (54, 59), (32, 68), (46, 53), (76, 82), (54, 58), (37, 64), (10, 63), (25, 60), (63, 80), (24, 74), (43, 68), (82, 84), (51, 80), (40, 92), (67, 79), (38, 73), (41, 85), (16, 96), (39, 81), (44, 99), (50, 93), (11, 88), (60, 91), (0, 92), (52, 99), (91, 101), (38, 100), (101, 109), (47, 96), (2, 98), (62, 104), (10, 112), (93, 104), (84, 114), (48, 108), (66, 111), (111, 117))
((7, 15), (0, 32), (8, 33), (15, 31), (16, 34), (18, 26), (27, 35), (23, 31), (6, 22), (14, 40), (19, 27), (22, 30), (20, 28), (3, 38), (10, 26), (13, 21), (30, 41), (12, 28), (1, 34), (24, 36), (5, 29), (35, 48), (14, 47), (9, 37), (35, 36), (13, 44), (52, 57), (49, 58), (47, 59), (45, 46), (11, 42), (33, 56), (41, 52), (37, 39), (12, 32), (39, 51), (45, 66), (9, 25), (17, 69), (34, 70), (67, 69), (1, 55), (50, 72), (10, 73), (70, 73), (63, 76), (65, 77), (38, 44), (11, 79), (68, 80), (16, 67), (32, 82), (63, 83), (48, 54), (23, 43), (53, 86), (32, 86), (40, 88), (53, 89), (39, 88), (32, 62), (19, 65), (61, 93), (3, 62), (93, 95), (4, 42), (39, 97), (49, 98), (72, 78), (80, 98), (4, 20), (0, 51), (68, 102), (5, 21), (43, 105), (64, 106), (54, 106), (102, 105), (59, 109), (57, 109), (2, 17), (55, 112), (46, 112), (25, 114), (76, 114), (2, 92), (10, 117), (61, 118))
((15, 23), (7, 23), (16, 24), (33, 34), (8, 35), (32, 36), (9, 25), (17, 38), (0, 32), (34, 40), (36, 41), (39, 42), (10, 18), (1, 25), (26, 45), (44, 46), (38, 47), (11, 19), (3, 19), (33, 50), (2, 18), (51, 52), (49, 53), (27, 50), (32, 44), (55, 56), (54, 57), (16, 37), (7, 31), (59, 60), (45, 61), (17, 35), (60, 63), (62, 64), (1, 39), (52, 66), (46, 67), (6, 22), (33, 69), (6, 14), (31, 71), (70, 72), (20, 28), (51, 74), (12, 49), (32, 76), (75, 77), (40, 61), (48, 67), (27, 60), (2, 26), (81, 82), (54, 83), (22, 30), (15, 85), (60, 86), (47, 82), (11, 55), (83, 89), (13, 29), (21, 74), (91, 92), (4, 20), (12, 94), (28, 95), (93, 96), (77, 96), (3, 95), (81, 99), (75, 100), (35, 79), (64, 66), (5, 13), (14, 104), (85, 105), (94, 104), (97, 107), (5, 21), (93, 109), (43, 62), (92, 107), (32, 72), (106, 109), (71, 114), (69, 91), (114, 116), (70, 86), (105, 116))
((7, 15), (0, 32), (8, 33), (16, 34), (18, 26), (15, 31), (27, 37), (6, 22), (23, 31), (14, 39), (19, 27), (22, 30), (20, 28), (3, 38), (10, 26), (13, 21), (30, 41), (12, 28), (24, 35), (5, 29), (37, 48), (14, 47), (9, 36), (35, 37), (13, 44), (51, 56), (49, 57), (47, 58), (45, 46), (11, 42), (33, 55), (41, 51), (36, 40), (40, 50), (12, 45), (32, 66), (9, 25), (17, 68), (34, 69), (65, 68), (1, 71), (34, 72), (1, 54), (10, 74), (69, 74), (62, 76), (64, 77), (38, 44), (11, 79), (67, 80), (16, 32), (65, 82), (62, 83), (48, 53), (23, 43), (52, 86), (32, 86), (39, 88), (52, 89), (40, 88), (19, 64), (60, 92), (61, 92), (3, 94), (4, 40), (42, 96), (49, 97), (80, 97), (71, 78), (0, 50), (4, 20), (67, 102), (5, 21), (43, 104), (63, 105), (53, 105), (102, 104), (58, 108), (56, 108), (2, 17), (54, 111), (46, 111), (25, 113), (76, 113), (2, 32), (61, 116), (10, 117), (60, 118))
((7, 15), (0, 32), (8, 33), (16, 34), (18, 26), (15, 31), (27, 37), (6, 22), (23, 31), (14, 39), (19, 27), (22, 30), (20, 28), (3, 38), (10, 26), (13, 21), (30, 41), (12, 28), (24, 35), (5, 29), (1, 34), (37, 48), (14, 47), (9, 36), (35, 37), (13, 44), (51, 57), (49, 58), (47, 59), (45, 46), (11, 42), (33, 56), (41, 51), (36, 40), (40, 50), (12, 45), (32, 67), (9, 25), (17, 69), (34, 70), (66, 69), (52, 72), (1, 55), (10, 74), (70, 74), (63, 65), (76, 77), (11, 44), (38, 79), (68, 80), (16, 32), (66, 82), (63, 83), (48, 54), (23, 43), (53, 86), (32, 86), (39, 88), (53, 89), (40, 88), (32, 62), (19, 65), (61, 93), (3, 62), (93, 95), (40, 42), (4, 97), (49, 98), (80, 98), (72, 78), (0, 50), (4, 20), (68, 103), (5, 21), (43, 105), (64, 106), (54, 106), (103, 105), (59, 109), (57, 109), (2, 17), (55, 112), (46, 112), (25, 114), (76, 114), (2, 10), (92, 117), (61, 118))
((7, 15), (0, 32), (8, 33), (16, 34), (6, 22), (15, 31), (14, 36), (27, 37), (18, 26), (23, 31), (20, 28), (13, 21), (30, 38), (12, 28), (5, 29), (19, 27), (3, 39), (22, 30), (10, 26), (24, 35), (37, 44), (13, 42), (46, 53), (9, 40), (1, 34), (45, 54), (43, 57), (35, 37), (33, 59), (14, 43), (38, 46), (11, 47), (48, 50), (40, 41), (41, 51), (12, 32), (48, 67), (9, 25), (17, 69), (34, 70), (11, 39), (42, 72), (66, 69), (56, 74), (1, 55), (10, 76), (70, 76), (68, 73), (60, 78), (16, 32), (44, 61), (66, 81), (65, 80), (23, 49), (52, 85), (60, 83), (32, 85), (36, 88), (41, 88), (52, 89), (32, 63), (19, 65), (64, 93), (3, 63), (93, 95), (4, 41), (47, 97), (45, 98), (73, 98), (0, 51), (4, 20), (74, 84), (5, 21), (68, 102), (49, 104), (62, 106), (61, 106), (102, 104), (57, 109), (53, 109), (2, 17), (55, 112), (50, 112), (25, 114), (2, 10), (78, 114), (92, 116), (64, 118))
((22, 30), (23, 32), (5, 29), (7, 15), (6, 22), (13, 21), (12, 28), (14, 37), (23, 31), (15, 31), (5, 21), (20, 28), (4, 20), (9, 25), (18, 26), (2, 17), (27, 41), (43, 48), (10, 26), (0, 35), (42, 44), (47, 50), (13, 43), (14, 36), (12, 35), (52, 54), (9, 46), (3, 48), (32, 42), (40, 46), (34, 55), (17, 45), (47, 58), (34, 54), (25, 53), (30, 55), (19, 27), (39, 60), (38, 65), (41, 67), (37, 70), (52, 70), (39, 67), (60, 62), (50, 59), (4, 68), (33, 71), (11, 68), (33, 35), (1, 58), (40, 80), (56, 59), (63, 81), (44, 83), (19, 61), (8, 51), (3, 79), (36, 80), (11, 49), (53, 84), (1, 87), (83, 90), (40, 77), (38, 94), (76, 86), (35, 79), (63, 87), (10, 81), (90, 94), (71, 89), (86, 88), (16, 87), (24, 103), (41, 103), (0, 104), (40, 104), (16, 107), (51, 105), (2, 97), (10, 110), (35, 108), (45, 107), (92, 113), (84, 109), (76, 111), (109, 112), (61, 115), (113, 118))
((7, 15), (0, 32), (8, 33), (18, 26), (15, 31), (27, 36), (6, 22), (22, 30), (23, 31), (14, 38), (19, 27), (16, 34), (20, 28), (2, 17), (3, 37), (4, 20), (10, 26), (5, 29), (30, 41), (12, 46), (12, 28), (24, 43), (13, 21), (36, 43), (40, 42), (1, 34), (36, 50), (9, 35), (13, 44), (49, 60), (52, 61), (54, 62), (46, 48), (11, 42), (33, 55), (41, 49), (35, 40), (40, 53), (32, 51), (9, 25), (17, 71), (34, 72), (14, 54), (50, 74), (69, 71), (57, 76), (1, 59), (10, 78), (72, 78), (66, 80), (37, 44), (11, 82), (16, 69), (32, 84), (70, 83), (66, 85), (23, 39), (58, 88), (32, 88), (38, 90), (68, 81), (58, 91), (40, 90), (32, 65), (19, 68), (64, 96), (3, 65), (96, 98), (4, 56), (52, 100), (83, 100), (76, 92), (47, 70), (5, 21), (39, 105), (67, 106), (74, 106), (47, 105), (62, 109), (60, 109), (45, 59), (45, 48), (25, 113), (80, 113), (0, 53), (2, 95), (10, 117), (64, 118))
((9, 25), (2, 17), (7, 15), (15, 31), (22, 30), (5, 29), (5, 21), (10, 26), (18, 26), (13, 21), (19, 27), (23, 31), (4, 20), (6, 22), (12, 28), (20, 28), (17, 32), (0, 34), (12, 34), (27, 35), (23, 36), (36, 38), (33, 39), (9, 40), (14, 41), (4, 42), (11, 42), (40, 43), (38, 44), (14, 45), (13, 47), (8, 49), (3, 51), (47, 51), (34, 52), (25, 54), (33, 55), (1, 55), (53, 56), (43, 57), (3, 58), (34, 58), (19, 59), (37, 61), (30, 61), (37, 62), (60, 62), (48, 63), (1, 63), (16, 63), (50, 64), (39, 64), (11, 65), (43, 66), (45, 66), (10, 69), (48, 69), (46, 71), (2, 73), (72, 74), (53, 75), (56, 76), (35, 76), (46, 77), (35, 81), (24, 81), (44, 82), (74, 83), (82, 84), (71, 84), (54, 88), (10, 90), (52, 94), (86, 94), (60, 95), (41, 95), (49, 96), (0, 97), (43, 97), (83, 103), (88, 108), (16, 110), (32, 110), (59, 112), (34, 113), (80, 114), (114, 115), (108, 116))
((7, 15), (0, 32), (8, 33), (16, 34), (18, 26), (15, 31), (27, 37), (6, 22), (23, 31), (14, 39), (19, 27), (22, 30), (20, 28), (3, 38), (10, 26), (13, 21), (30, 41), (12, 28), (24, 35), (5, 29), (1, 34), (37, 48), (14, 47), (9, 36), (35, 37), (13, 44), (51, 57), (49, 58), (47, 59), (45, 46), (11, 42), (33, 56), (41, 51), (36, 40), (40, 50), (12, 32), (45, 67), (9, 25), (17, 69), (34, 70), (66, 69), (52, 72), (1, 55), (10, 74), (70, 74), (63, 76), (65, 77), (38, 44), (11, 79), (68, 80), (16, 66), (32, 82), (63, 83), (48, 54), (23, 43), (53, 86), (32, 86), (39, 88), (53, 89), (40, 88), (32, 62), (19, 65), (61, 93), (3, 62), (93, 95), (4, 42), (40, 97), (49, 98), (80, 98), (72, 78), (0, 50), (4, 20), (68, 103), (5, 21), (43, 105), (64, 106), (54, 106), (103, 105), (59, 109), (57, 109), (2, 17), (55, 112), (46, 112), (25, 114), (76, 114), (2, 92), (10, 117), (61, 118))
((7, 15), (0, 32), (8, 33), (16, 34), (18, 26), (15, 31), (27, 37), (6, 22), (23, 31), (14, 39), (19, 27), (22, 30), (20, 28), (3, 38), (10, 26), (13, 21), (30, 41), (12, 28), (24, 35), (5, 29), (1, 34), (37, 48), (14, 47), (9, 36), (35, 37), (13, 44), (51, 57), (49, 58), (47, 59), (45, 46), (11, 42), (33, 56), (41, 51), (36, 40), (40, 50), (12, 32), (45, 67), (9, 25), (17, 69), (34, 70), (66, 69), (52, 72), (1, 55), (10, 74), (70, 74), (63, 76), (65, 77), (38, 44), (11, 79), (68, 80), (16, 66), (32, 82), (63, 83), (48, 54), (23, 43), (53, 86), (32, 86), (39, 88), (53, 89), (40, 88), (32, 62), (19, 65), (61, 93), (3, 62), (93, 95), (4, 42), (40, 97), (49, 98), (80, 98), (72, 78), (0, 50), (4, 20), (68, 103), (5, 21), (43, 105), (64, 106), (54, 106), (103, 105), (59, 109), (57, 109), (2, 17), (55, 112), (46, 112), (25, 114), (76, 114), (2, 92), (10, 117), (61, 118))
((13, 29), (12, 28), (7, 31), (22, 30), (15, 23), (5, 21), (32, 37), (8, 36), (35, 37), (13, 21), (34, 36), (23, 31), (6, 22), (38, 41), (18, 26), (16, 24), (43, 44), (2, 10), (43, 47), (0, 43), (42, 51), (8, 52), (34, 50), (52, 54), (32, 44), (43, 46), (46, 49), (17, 50), (1, 53), (4, 20), (16, 39), (9, 62), (19, 57), (14, 41), (17, 25), (15, 35), (34, 67), (43, 62), (1, 66), (62, 70), (63, 71), (60, 72), (59, 72), (33, 61), (35, 65), (56, 76), (33, 37), (45, 78), (2, 66), (9, 25), (72, 80), (46, 81), (37, 41), (61, 84), (4, 28), (10, 26), (80, 87), (63, 74), (13, 86), (79, 90), (85, 91), (72, 88), (11, 19), (14, 22), (32, 92), (15, 95), (4, 75), (36, 94), (12, 99), (86, 98), (42, 49), (6, 14), (3, 27), (11, 104), (64, 104), (34, 104), (101, 107), (36, 43), (87, 109), (106, 110), (64, 111), (3, 105), (109, 113), (86, 114), (99, 114), (11, 116), (102, 117))
((4, 20), (9, 25), (7, 15), (13, 21), (0, 34), (18, 26), (14, 35), (20, 28), (22, 30), (12, 28), (23, 31), (23, 40), (9, 37), (5, 29), (1, 44), (34, 43), (10, 46), (12, 34), (2, 17), (37, 42), (42, 47), (17, 33), (19, 51), (46, 53), (13, 39), (44, 50), (6, 22), (5, 21), (19, 27), (40, 59), (15, 31), (45, 56), (4, 60), (42, 64), (14, 58), (30, 66), (11, 60), (38, 61), (27, 62), (8, 36), (62, 67), (3, 70), (34, 68), (2, 74), (32, 59), (16, 71), (39, 70), (56, 76), (41, 63), (47, 58), (10, 75), (11, 78), (1, 71), (10, 26), (62, 77), (50, 85), (73, 85), (72, 81), (76, 80), (36, 86), (54, 88), (65, 83), (55, 87), (43, 72), (3, 68), (55, 91), (49, 73), (45, 66), (53, 71), (61, 99), (25, 87), (83, 98), (38, 67), (32, 98), (54, 96), (41, 65), (35, 80), (51, 97), (82, 88), (24, 77), (0, 111), (42, 111), (16, 113), (34, 114), (91, 115), (33, 113), (109, 117), (84, 117))
((7, 15), (0, 32), (8, 33), (16, 34), (18, 26), (15, 31), (27, 37), (6, 22), (23, 31), (14, 39), (19, 27), (22, 30), (20, 28), (3, 38), (10, 26), (13, 21), (30, 41), (12, 28), (24, 35), (5, 29), (1, 34), (37, 48), (14, 47), (9, 36), (35, 37), (13, 44), (51, 57), (49, 58), (47, 59), (45, 46), (11, 42), (33, 56), (41, 51), (36, 40), (40, 50), (12, 32), (45, 67), (9, 25), (17, 69), (34, 70), (66, 69), (52, 72), (1, 55), (10, 74), (70, 74), (63, 76), (65, 77), (38, 44), (11, 79), (68, 80), (16, 66), (32, 82), (63, 83), (48, 54), (23, 43), (53, 86), (32, 86), (39, 88), (53, 89), (40, 88), (32, 62), (19, 65), (61, 93), (3, 62), (93, 95), (4, 42), (40, 97), (49, 98), (80, 98), (72, 78), (0, 50), (4, 20), (68, 103), (5, 21), (43, 105), (64, 106), (54, 106), (103, 105), (59, 109), (57, 109), (2, 17), (55, 112), (46, 112), (25, 114), (76, 114), (2, 92), (10, 117), (61, 118))
((7, 15), (0, 32), (8, 33), (16, 34), (18, 26), (15, 31), (27, 37), (6, 22), (23, 31), (14, 39), (19, 27), (22, 30), (20, 28), (3, 38), (10, 26), (13, 21), (30, 41), (12, 28), (24, 35), (5, 29), (1, 34), (37, 48), (14, 47), (9, 36), (35, 37), (13, 44), (51, 57), (49, 58), (47, 59), (45, 46), (11, 42), (33, 56), (41, 51), (36, 40), (40, 50), (12, 32), (45, 67), (9, 25), (17, 69), (34, 70), (66, 69), (52, 72), (1, 55), (10, 74), (70, 74), (63, 76), (65, 77), (38, 44), (11, 79), (68, 80), (16, 66), (32, 82), (63, 83), (48, 54), (23, 43), (53, 86), (32, 86), (39, 88), (53, 89), (40, 88), (32, 62), (19, 65), (61, 93), (3, 62), (93, 95), (4, 42), (40, 97), (49, 98), (80, 98), (72, 78), (0, 50), (4, 20), (68, 103), (5, 21), (43, 105), (64, 106), (54, 106), (103, 105), (59, 109), (57, 109), (2, 17), (55, 112), (46, 112), (25, 114), (76, 114), (2, 92), (10, 117), (61, 118))
((7, 15), (0, 32), (8, 33), (16, 34), (18, 26), (15, 31), (27, 37), (6, 22), (23, 31), (14, 39), (19, 27), (22, 30), (20, 28), (3, 38), (10, 26), (13, 21), (30, 41), (12, 28), (24, 35), (5, 29), (1, 34), (37, 48), (14, 47), (9, 36), (35, 37), (13, 44), (51, 57), (49, 58), (47, 59), (45, 46), (11, 42), (33, 56), (41, 51), (36, 40), (40, 50), (12, 32), (45, 67), (9, 25), (17, 69), (34, 70), (66, 69), (52, 72), (1, 55), (10, 74), (70, 74), (63, 76), (65, 77), (38, 44), (11, 79), (68, 80), (16, 66), (32, 82), (63, 83), (48, 54), (23, 43), (53, 86), (32, 86), (39, 88), (53, 89), (40, 88), (19, 65), (61, 92), (3, 62), (92, 94), (4, 42), (40, 96), (49, 97), (80, 97), (72, 78), (0, 50), (4, 20), (68, 102), (5, 21), (43, 104), (64, 105), (54, 105), (102, 104), (59, 108), (57, 108), (2, 17), (55, 111), (46, 111), (25, 113), (76, 113), (10, 32), (2, 62), (116, 117), (61, 118))
((19, 27), (2, 17), (12, 28), (5, 21), (5, 29), (20, 28), (6, 22), (15, 31), (22, 30), (35, 40), (4, 20), (35, 42), (11, 32), (4, 32), (3, 44), (18, 26), (14, 38), (27, 39), (3, 49), (23, 31), (13, 37), (43, 52), (36, 52), (10, 26), (23, 40), (36, 48), (37, 49), (9, 25), (50, 55), (41, 57), (34, 54), (17, 59), (30, 48), (9, 47), (1, 65), (45, 51), (47, 51), (34, 67), (19, 68), (11, 58), (60, 70), (43, 62), (10, 66), (33, 65), (63, 66), (33, 55), (76, 77), (7, 15), (67, 71), (46, 70), (56, 79), (12, 79), (39, 64), (44, 79), (56, 84), (0, 79), (13, 21), (14, 88), (2, 85), (62, 88), (41, 89), (51, 82), (64, 89), (8, 87), (63, 95), (1, 95), (50, 83), (25, 77), (10, 90), (60, 100), (38, 82), (16, 95), (39, 103), (42, 98), (71, 98), (24, 103), (0, 107), (51, 107), (59, 109), (97, 110), (16, 109), (87, 104), (79, 112), (113, 114), (76, 113), (68, 116), (110, 117), (84, 102))
((7, 15), (0, 32), (8, 33), (16, 34), (18, 26), (15, 31), (27, 37), (6, 22), (23, 31), (14, 39), (19, 27), (22, 30), (20, 28), (3, 38), (10, 26), (13, 21), (30, 41), (12, 28), (24, 35), (5, 29), (1, 34), (37, 48), (14, 47), (9, 36), (35, 37), (13, 44), (51, 57), (49, 58), (47, 59), (45, 46), (11, 42), (33, 56), (41, 51), (36, 40), (40, 50), (12, 32), (45, 67), (9, 25), (17, 69), (34, 70), (66, 69), (52, 72), (1, 55), (10, 74), (70, 74), (63, 76), (65, 77), (38, 44), (11, 79), (68, 80), (16, 66), (32, 82), (63, 83), (48, 54), (23, 43), (53, 86), (32, 86), (39, 88), (53, 89), (40, 88), (32, 62), (19, 65), (61, 93), (3, 62), (93, 95), (4, 42), (40, 97), (49, 98), (80, 98), (72, 78), (0, 50), (4, 20), (68, 103), (5, 21), (43, 105), (64, 106), (54, 106), (103, 105), (59, 109), (57, 109), (2, 17), (55, 112), (46, 112), (25, 114), (76, 114), (2, 92), (10, 117), (61, 118))
((10, 26), (15, 31), (19, 27), (22, 30), (6, 22), (11, 34), (7, 15), (37, 38), (18, 26), (5, 29), (5, 21), (2, 17), (9, 25), (9, 40), (23, 35), (13, 21), (27, 33), (14, 36), (35, 42), (23, 31), (20, 28), (14, 47), (3, 37), (32, 43), (41, 49), (4, 20), (4, 34), (25, 55), (30, 49), (50, 56), (12, 28), (33, 60), (17, 44), (10, 39), (0, 38), (50, 53), (43, 45), (46, 63), (42, 57), (51, 58), (48, 52), (1, 45), (8, 66), (40, 51), (62, 71), (10, 73), (1, 74), (64, 74), (16, 74), (2, 65), (64, 73), (53, 60), (12, 38), (38, 46), (11, 72), (13, 52), (51, 85), (19, 75), (36, 85), (55, 82), (3, 48), (32, 92), (81, 93), (41, 87), (62, 95), (54, 89), (70, 96), (33, 80), (66, 99), (89, 93), (24, 80), (0, 102), (51, 102), (63, 90), (47, 96), (70, 87), (44, 104), (78, 108), (71, 86), (84, 92), (82, 100), (16, 104), (75, 112), (38, 113), (100, 115), (108, 114), (86, 111), (57, 111))
((22, 30), (15, 31), (5, 21), (20, 28), (13, 35), (9, 25), (23, 32), (5, 29), (27, 33), (2, 17), (12, 28), (36, 39), (42, 43), (7, 15), (38, 45), (4, 20), (10, 26), (0, 45), (8, 49), (16, 50), (19, 27), (33, 51), (11, 52), (49, 53), (17, 37), (45, 54), (3, 54), (2, 57), (13, 21), (44, 60), (50, 56), (10, 59), (34, 47), (44, 64), (18, 26), (23, 31), (9, 66), (66, 67), (1, 68), (10, 70), (56, 70), (46, 67), (19, 69), (58, 74), (41, 68), (32, 34), (6, 22), (14, 78), (3, 40), (30, 79), (33, 81), (48, 80), (39, 79), (38, 82), (46, 78), (82, 86), (74, 83), (77, 84), (63, 83), (14, 60), (55, 72), (69, 92), (81, 91), (4, 52), (67, 95), (42, 96), (77, 91), (36, 64), (24, 51), (67, 100), (37, 101), (16, 101), (45, 103), (55, 104), (93, 102), (0, 100), (12, 45), (80, 108), (35, 40), (11, 110), (109, 111), (96, 111), (47, 109), (41, 48), (25, 115), (72, 115), (1, 50), (102, 118))
((5, 21), (15, 31), (23, 31), (9, 25), (19, 34), (1, 25), (3, 27), (16, 34), (4, 28), (29, 40), (32, 41), (12, 40), (33, 38), (24, 39), (17, 45), (22, 30), (35, 46), (2, 10), (6, 14), (7, 50), (10, 26), (7, 33), (23, 53), (49, 54), (20, 43), (1, 17), (5, 13), (8, 24), (33, 59), (13, 29), (42, 61), (42, 56), (6, 22), (61, 64), (4, 20), (0, 34), (59, 67), (54, 59), (39, 69), (58, 66), (41, 71), (35, 52), (63, 71), (12, 44), (51, 54), (18, 37), (49, 77), (48, 57), (47, 53), (73, 77), (34, 64), (80, 82), (44, 52), (57, 78), (73, 85), (18, 26), (85, 87), (36, 87), (84, 89), (14, 58), (47, 91), (32, 92), (50, 93), (65, 93), (27, 36), (43, 96), (11, 96), (3, 98), (75, 99), (56, 100), (34, 99), (89, 102), (54, 102), (66, 104), (97, 105), (100, 105), (51, 82), (37, 60), (55, 98), (46, 109), (84, 110), (65, 91), (0, 33), (45, 114), (69, 115), (67, 70), (48, 117), (109, 118))
((7, 15), (0, 32), (8, 33), (16, 34), (18, 26), (15, 31), (35, 37), (9, 25), (4, 20), (9, 36), (20, 28), (10, 26), (5, 21), (2, 17), (41, 45), (40, 44), (27, 37), (22, 30), (1, 34), (13, 21), (2, 10), (3, 48), (17, 39), (1, 41), (44, 49), (34, 54), (10, 55), (5, 29), (13, 42), (14, 51), (56, 61), (59, 60), (47, 60), (12, 28), (43, 45), (24, 35), (6, 22), (0, 67), (25, 66), (23, 31), (43, 53), (19, 27), (23, 49), (14, 68), (54, 55), (32, 74), (71, 77), (66, 76), (68, 77), (59, 75), (56, 81), (36, 71), (33, 38), (67, 71), (42, 48), (19, 83), (30, 75), (11, 73), (12, 32), (72, 87), (61, 88), (16, 85), (32, 89), (37, 88), (76, 83), (80, 95), (84, 96), (32, 93), (84, 99), (52, 94), (72, 101), (74, 95), (63, 65), (53, 90), (51, 104), (47, 104), (40, 105), (11, 86), (3, 89), (4, 73), (105, 109), (87, 110), (71, 111), (65, 114), (109, 114), (39, 85), (50, 117), (98, 117))
((2, 17), (7, 15), (0, 33), (8, 34), (16, 35), (18, 26), (15, 31), (27, 38), (6, 22), (23, 31), (14, 40), (19, 27), (22, 30), (20, 28), (3, 39), (10, 26), (13, 21), (30, 42), (12, 28), (24, 36), (5, 29), (1, 35), (38, 49), (14, 48), (9, 37), (36, 38), (13, 45), (52, 58), (50, 59), (48, 60), (46, 47), (11, 43), (34, 57), (42, 52), (37, 41), (41, 51), (12, 33), (46, 68), (9, 25), (17, 70), (35, 71), (67, 70), (53, 73), (1, 56), (10, 75), (71, 75), (64, 77), (66, 78), (39, 45), (11, 80), (69, 81), (16, 67), (33, 83), (64, 84), (49, 55), (23, 44), (54, 87), (33, 87), (40, 89), (54, 90), (41, 89), (33, 63), (19, 66), (62, 94), (3, 63), (94, 96), (4, 43), (41, 98), (50, 99), (81, 99), (73, 79), (0, 51), (4, 20), (69, 104), (5, 21), (44, 106), (65, 107), (55, 107), (104, 106), (60, 110), (58, 110), (32, 56), (32, 47), (25, 114), (77, 114), (2, 93), (10, 117), (62, 118))
((7, 31), (23, 31), (5, 29), (24, 32), (16, 24), (19, 33), (27, 37), (12, 20), (30, 34), (14, 22), (3, 27), (17, 25), (20, 38), (28, 39), (14, 30), (33, 36), (4, 12), (32, 38), (8, 36), (42, 48), (26, 43), (6, 22), (40, 53), (15, 41), (7, 15), (50, 56), (35, 57), (21, 34), (3, 56), (45, 60), (2, 10), (32, 46), (46, 54), (52, 62), (39, 59), (1, 47), (13, 59), (55, 63), (5, 48), (68, 70), (49, 51), (18, 26), (54, 68), (1, 17), (11, 42), (73, 76), (33, 55), (19, 76), (65, 75), (9, 25), (67, 81), (43, 58), (36, 83), (4, 45), (13, 29), (85, 86), (66, 87), (70, 87), (41, 86), (74, 90), (40, 90), (53, 78), (63, 93), (56, 78), (2, 18), (81, 96), (52, 97), (80, 97), (49, 96), (44, 72), (67, 84), (60, 62), (100, 103), (79, 103), (0, 35), (50, 106), (9, 106), (75, 108), (32, 107), (47, 110), (58, 111), (33, 77), (11, 61), (100, 113), (84, 108), (72, 114), (73, 80), (44, 85))
((22, 30), (5, 29), (7, 15), (0, 34), (10, 26), (23, 32), (5, 21), (15, 31), (12, 28), (18, 26), (19, 27), (6, 22), (13, 21), (2, 17), (23, 31), (2, 10), (27, 39), (14, 43), (9, 41), (9, 25), (11, 42), (36, 45), (4, 20), (1, 50), (45, 50), (20, 28), (48, 57), (10, 55), (13, 57), (16, 34), (34, 47), (8, 35), (41, 46), (17, 51), (55, 65), (30, 49), (14, 44), (34, 37), (39, 67), (38, 54), (19, 64), (42, 46), (32, 38), (33, 60), (43, 69), (3, 48), (3, 72), (12, 77), (36, 77), (63, 65), (1, 63), (4, 73), (52, 62), (11, 58), (60, 71), (46, 69), (52, 78), (37, 70), (40, 75), (67, 68), (34, 79), (53, 66), (80, 84), (16, 63), (24, 95), (25, 53), (70, 76), (68, 74), (33, 49), (71, 90), (44, 90), (72, 80), (39, 95), (54, 92), (40, 83), (35, 104), (83, 85), (74, 100), (85, 92), (46, 96), (51, 111), (0, 96), (61, 111), (82, 112), (66, 107), (64, 116), (107, 114), (112, 117))
((5, 21), (15, 31), (23, 31), (9, 25), (19, 34), (1, 25), (3, 27), (16, 34), (4, 28), (29, 40), (32, 41), (12, 40), (33, 38), (24, 39), (17, 45), (22, 30), (35, 46), (2, 10), (6, 14), (7, 50), (10, 26), (7, 33), (23, 53), (49, 54), (20, 43), (1, 17), (5, 13), (8, 24), (33, 59), (13, 29), (42, 61), (42, 56), (6, 22), (61, 64), (4, 20), (0, 34), (59, 67), (54, 59), (39, 69), (58, 66), (41, 71), (35, 52), (63, 71), (12, 44), (51, 54), (18, 37), (49, 77), (48, 57), (47, 53), (73, 77), (34, 64), (80, 82), (44, 52), (57, 78), (73, 85), (18, 26), (85, 87), (36, 87), (84, 89), (14, 58), (47, 91), (32, 92), (50, 93), (65, 93), (27, 36), (43, 96), (11, 96), (3, 98), (75, 99), (56, 100), (34, 99), (89, 102), (54, 102), (51, 82), (55, 98), (65, 91), (84, 106), (37, 60), (46, 109), (67, 70), (48, 111), (109, 112), (66, 104), (97, 114), (100, 114), (0, 33), (45, 117), (69, 118))
((7, 15), (0, 32), (23, 31), (20, 28), (10, 26), (5, 21), (5, 29), (2, 10), (12, 32), (9, 25), (6, 22), (14, 42), (38, 43), (30, 43), (22, 30), (23, 46), (32, 47), (42, 48), (34, 48), (13, 21), (14, 51), (4, 20), (15, 31), (45, 54), (49, 55), (19, 27), (27, 54), (12, 28), (4, 57), (34, 60), (59, 61), (11, 57), (3, 63), (47, 55), (37, 53), (18, 26), (9, 67), (1, 68), (10, 69), (35, 58), (8, 33), (32, 63), (39, 73), (11, 71), (61, 75), (16, 72), (54, 77), (24, 77), (0, 79), (2, 17), (68, 81), (36, 81), (25, 83), (34, 79), (16, 85), (33, 78), (1, 72), (41, 85), (88, 89), (34, 67), (19, 91), (64, 92), (3, 58), (40, 94), (75, 95), (53, 95), (36, 94), (92, 98), (32, 86), (87, 100), (45, 52), (74, 98), (37, 46), (52, 104), (44, 104), (13, 35), (38, 107), (66, 107), (59, 108), (51, 110), (66, 110), (17, 41), (72, 113), (69, 113), (83, 115), (87, 115), (91, 117), (89, 118))
((23, 31), (27, 32), (15, 23), (2, 18), (17, 35), (11, 33), (12, 28), (20, 38), (7, 31), (9, 36), (1, 41), (0, 24), (21, 29), (32, 43), (14, 44), (19, 33), (20, 47), (16, 34), (8, 49), (10, 19), (6, 30), (4, 28), (34, 37), (53, 54), (18, 54), (51, 56), (35, 40), (42, 58), (13, 53), (18, 26), (57, 58), (13, 29), (10, 36), (4, 39), (31, 52), (26, 41), (47, 58), (48, 55), (6, 22), (32, 70), (38, 44), (0, 50), (45, 73), (40, 74), (60, 72), (43, 59), (14, 22), (15, 78), (71, 79), (61, 64), (42, 81), (25, 81), (8, 45), (5, 21), (60, 85), (65, 86), (72, 87), (63, 87), (70, 85), (43, 49), (46, 90), (34, 40), (73, 93), (79, 93), (66, 93), (71, 96), (1, 25), (17, 98), (64, 99), (50, 99), (16, 98), (74, 102), (77, 103), (46, 52), (48, 65), (63, 105), (90, 107), (78, 107), (3, 37), (61, 110), (68, 111), (27, 110), (57, 113), (93, 113), (39, 115), (55, 116), (9, 50), (103, 118))
((22, 30), (15, 31), (10, 26), (5, 21), (6, 22), (2, 17), (13, 21), (7, 15), (5, 29), (19, 27), (20, 28), (32, 35), (9, 25), (12, 28), (4, 41), (17, 44), (13, 42), (18, 26), (23, 31), (34, 37), (12, 39), (4, 20), (49, 50), (14, 38), (14, 36), (0, 39), (8, 57), (9, 49), (37, 59), (47, 58), (1, 58), (23, 32), (30, 56), (11, 41), (35, 53), (40, 48), (46, 50), (40, 56), (16, 58), (45, 68), (33, 64), (33, 70), (55, 64), (25, 51), (39, 65), (27, 33), (19, 54), (45, 67), (3, 77), (52, 80), (66, 79), (38, 79), (1, 59), (42, 77), (3, 65), (39, 63), (36, 87), (43, 69), (48, 66), (50, 87), (43, 55), (10, 84), (2, 76), (11, 85), (68, 95), (34, 80), (47, 84), (81, 95), (63, 72), (24, 70), (51, 98), (53, 81), (50, 101), (10, 94), (78, 86), (78, 97), (57, 73), (72, 88), (98, 108), (44, 104), (0, 101), (97, 105), (16, 104), (62, 111), (39, 114), (54, 110), (108, 116), (111, 117))
((7, 15), (0, 32), (8, 33), (16, 34), (18, 26), (15, 31), (27, 37), (6, 22), (23, 31), (14, 39), (19, 27), (22, 30), (20, 28), (3, 38), (10, 26), (13, 21), (30, 41), (12, 28), (24, 35), (5, 29), (1, 34), (37, 48), (14, 47), (9, 36), (35, 37), (13, 44), (51, 57), (49, 58), (47, 59), (45, 46), (11, 42), (33, 56), (41, 51), (36, 40), (40, 50), (12, 32), (45, 67), (9, 25), (17, 69), (34, 70), (66, 69), (52, 72), (1, 55), (10, 74), (70, 74), (63, 76), (65, 77), (38, 44), (11, 79), (68, 80), (16, 66), (32, 82), (63, 83), (48, 54), (23, 43), (53, 86), (32, 86), (39, 88), (53, 89), (40, 88), (32, 62), (19, 65), (61, 93), (3, 62), (93, 95), (4, 42), (40, 97), (49, 98), (80, 98), (72, 78), (0, 50), (4, 20), (68, 103), (5, 21), (43, 105), (103, 105), (2, 17), (2, 92), (10, 109), (46, 108), (54, 106), (64, 106), (55, 108), (25, 111), (76, 111), (61, 110), (59, 107), (57, 107))
((7, 15), (0, 32), (8, 33), (16, 34), (18, 26), (15, 31), (27, 37), (6, 22), (23, 31), (14, 39), (19, 27), (22, 30), (20, 28), (3, 38), (10, 26), (13, 21), (30, 41), (12, 28), (24, 35), (5, 29), (37, 48), (9, 36), (35, 37), (13, 44), (51, 55), (49, 56), (11, 42), (33, 54), (36, 40), (40, 50), (12, 32), (45, 62), (9, 25), (17, 64), (61, 64), (1, 53), (65, 67), (38, 44), (11, 69), (16, 61), (32, 71), (23, 43), (32, 73), (39, 74), (32, 58), (19, 60), (4, 42), (40, 78), (4, 20), (5, 21), (43, 81), (80, 81), (2, 17), (46, 84), (2, 76), (10, 86), (14, 47), (58, 77), (45, 46), (1, 34), (59, 60), (41, 51), (82, 93), (68, 92), (52, 73), (52, 75), (82, 88), (59, 72), (68, 85), (3, 89), (55, 83), (66, 91), (48, 88), (53, 84), (66, 95), (10, 67), (77, 90), (70, 79), (0, 50), (57, 83), (40, 74), (63, 70), (49, 79), (47, 57), (34, 65), (87, 90), (63, 80), (25, 85))
((23, 31), (10, 26), (20, 28), (6, 22), (19, 27), (22, 30), (13, 34), (5, 29), (38, 39), (14, 35), (39, 41), (4, 20), (15, 31), (30, 41), (5, 21), (43, 46), (38, 47), (37, 46), (42, 49), (2, 17), (33, 51), (25, 52), (4, 36), (27, 44), (7, 15), (32, 54), (12, 28), (57, 58), (40, 58), (47, 60), (13, 21), (60, 62), (14, 62), (49, 64), (45, 64), (9, 25), (12, 56), (11, 36), (23, 37), (56, 70), (32, 71), (35, 71), (44, 45), (73, 74), (70, 74), (3, 69), (34, 55), (11, 78), (57, 79), (18, 26), (9, 81), (51, 82), (1, 82), (10, 84), (0, 56), (32, 81), (19, 87), (77, 88), (8, 86), (17, 67), (90, 91), (84, 91), (52, 93), (16, 90), (44, 95), (24, 95), (0, 97), (1, 90), (56, 69), (2, 100), (10, 101), (32, 97), (16, 103), (56, 104), (67, 103), (99, 106), (86, 96), (105, 108), (93, 108), (87, 110), (106, 111), (3, 55), (33, 113), (88, 114), (102, 114), (68, 113), (79, 117), (43, 117))
((18, 26), (15, 31), (27, 33), (23, 31), (19, 27), (22, 30), (20, 28), (12, 28), (3, 34), (23, 37), (9, 32), (9, 25), (17, 43), (4, 36), (4, 20), (2, 17), (5, 29), (10, 26), (5, 21), (6, 22), (14, 51), (30, 52), (11, 36), (13, 38), (7, 15), (0, 56), (12, 56), (13, 21), (8, 57), (16, 60), (24, 61), (1, 60), (14, 59), (34, 38), (1, 42), (44, 66), (42, 47), (40, 49), (3, 54), (32, 35), (47, 49), (25, 72), (19, 71), (35, 45), (39, 75), (33, 61), (35, 62), (16, 78), (48, 55), (39, 80), (59, 81), (37, 50), (0, 62), (44, 60), (43, 78), (40, 58), (46, 50), (55, 88), (41, 56), (10, 66), (35, 90), (33, 53), (11, 65), (53, 64), (41, 93), (54, 56), (51, 90), (2, 97), (48, 52), (10, 99), (57, 77), (56, 79), (63, 86), (67, 102), (64, 83), (67, 72), (69, 74), (93, 98), (83, 100), (70, 74), (69, 101), (87, 94), (75, 94), (81, 88), (46, 87), (102, 103), (71, 105), (86, 118))
((7, 15), (0, 32), (8, 33), (16, 34), (18, 26), (15, 31), (27, 37), (6, 22), (23, 31), (14, 39), (19, 27), (22, 30), (20, 28), (3, 38), (10, 26), (13, 21), (30, 41), (12, 28), (24, 35), (5, 29), (1, 34), (37, 48), (14, 47), (9, 36), (35, 37), (13, 44), (51, 57), (49, 58), (45, 46), (11, 42), (33, 56), (41, 51), (36, 40), (40, 50), (12, 32), (45, 66), (9, 25), (17, 68), (65, 68), (1, 55), (69, 71), (62, 72), (64, 73), (38, 44), (11, 75), (16, 65), (32, 77), (62, 78), (23, 43), (32, 80), (39, 81), (53, 82), (32, 61), (19, 64), (3, 61), (85, 86), (4, 42), (40, 88), (76, 89), (4, 20), (67, 91), (5, 21), (43, 93), (91, 93), (59, 95), (2, 17), (46, 97), (72, 98), (2, 84), (10, 100), (60, 101), (67, 76), (34, 69), (40, 81), (52, 70), (54, 94), (57, 95), (10, 71), (63, 94), (55, 97), (53, 80), (25, 98), (49, 89), (60, 85), (47, 59), (0, 50), (70, 74), (48, 54))
((9, 25), (0, 24), (16, 33), (1, 25), (2, 26), (13, 21), (2, 35), (1, 17), (3, 11), (4, 12), (20, 41), (4, 28), (28, 42), (14, 30), (14, 37), (5, 37), (10, 18), (10, 26), (29, 47), (15, 23), (39, 49), (5, 41), (43, 47), (38, 52), (6, 22), (11, 19), (46, 56), (6, 30), (31, 59), (51, 60), (45, 61), (45, 58), (51, 57), (13, 29), (50, 58), (48, 64), (27, 40), (34, 51), (7, 15), (0, 70), (7, 31), (33, 72), (69, 71), (33, 74), (3, 72), (27, 76), (57, 76), (36, 78), (8, 71), (17, 80), (42, 77), (9, 73), (32, 81), (39, 83), (56, 70), (12, 64), (61, 72), (38, 48), (32, 89), (70, 77), (49, 91), (52, 90), (70, 73), (67, 68), (50, 53), (44, 65), (44, 87), (54, 97), (53, 97), (36, 90), (40, 91), (59, 65), (19, 92), (46, 103), (67, 104), (35, 75), (62, 86), (79, 92), (60, 86), (34, 80), (94, 111), (43, 102), (87, 113), (81, 107), (83, 107), (66, 103), (74, 112), (82, 113))
((7, 15), (0, 32), (8, 33), (16, 34), (18, 26), (15, 31), (27, 37), (6, 22), (23, 31), (14, 39), (19, 27), (22, 30), (20, 28), (3, 38), (10, 26), (13, 21), (30, 41), (12, 28), (24, 35), (5, 29), (1, 34), (37, 48), (14, 47), (9, 36), (35, 37), (13, 44), (51, 57), (49, 58), (47, 59), (45, 46), (11, 42), (33, 56), (41, 51), (36, 40), (40, 50), (12, 32), (45, 67), (9, 25), (17, 69), (34, 70), (66, 69), (52, 72), (1, 55), (10, 74), (70, 74), (63, 76), (65, 77), (38, 44), (11, 79), (68, 80), (16, 66), (32, 82), (63, 83), (48, 54), (23, 43), (53, 86), (32, 86), (39, 88), (53, 89), (40, 88), (32, 62), (19, 65), (61, 93), (3, 62), (93, 95), (4, 42), (40, 97), (49, 98), (80, 98), (72, 78), (0, 50), (4, 20), (68, 103), (5, 21), (43, 105), (64, 106), (54, 106), (103, 105), (59, 109), (57, 109), (2, 17), (55, 112), (46, 112), (25, 114), (76, 114), (2, 92), (10, 117), (61, 118))
((23, 31), (7, 32), (19, 32), (14, 22), (6, 30), (2, 10), (7, 31), (12, 20), (4, 28), (15, 31), (3, 38), (33, 35), (22, 36), (4, 42), (3, 34), (40, 41), (13, 21), (27, 46), (21, 29), (5, 50), (18, 49), (44, 48), (11, 19), (1, 37), (11, 47), (39, 51), (26, 54), (5, 48), (39, 56), (40, 59), (52, 58), (18, 25), (45, 60), (2, 58), (35, 50), (24, 38), (0, 9), (41, 52), (34, 60), (44, 66), (42, 65), (12, 70), (17, 68), (55, 63), (1, 74), (10, 69), (67, 76))
((4, 12), (17, 25), (1, 9), (20, 27), (6, 22), (2, 34), (9, 25), (21, 29), (10, 18), (14, 22), (11, 27), (0, 24), (7, 31), (5, 13), (2, 10), (3, 44), (38, 40), (6, 30), (37, 48), (15, 23), (30, 45), (12, 28), (13, 32), (20, 28), (23, 41), (15, 31), (5, 21), (44, 56), (7, 49), (26, 46), (36, 58), (43, 57), (29, 55), (16, 51), (14, 39), (36, 57), (49, 66), (8, 65), (42, 57), (41, 52), (18, 61), (11, 19), (44, 70), (53, 70), (46, 74), (1, 69), (51, 73), (3, 42), (4, 78), (45, 64), (17, 44), (43, 82), (43, 65), (56, 67), (33, 77), (55, 80), (53, 58), (64, 88), (60, 67), (54, 88), (51, 60), (52, 62), (33, 61), (62, 66), (75, 80), (40, 78), (79, 97), (35, 47), (8, 63), (16, 44), (51, 100), (39, 54), (19, 76), (47, 72), (75, 99), (0, 100), (101, 107), (32, 99), (51, 105), (63, 108), (97, 110), (38, 107), (37, 72), (77, 113), (83, 113), (76, 110), (34, 83), (48, 94))
((1, 17), (6, 22), (9, 25), (22, 30), (4, 20), (18, 26), (5, 21), (2, 10), (4, 28), (3, 27), (8, 24), (6, 14), (10, 26), (23, 31), (16, 45), (1, 25), (15, 31), (5, 13), (0, 48), (36, 49), (34, 44), (29, 40), (24, 46), (42, 48), (38, 53), (7, 48), (50, 54), (7, 43), (33, 45), (41, 48), (12, 40), (17, 54), (12, 61), (13, 29), (44, 61), (14, 49), (19, 45), (0, 45), (35, 67), (38, 70), (18, 47), (43, 71), (33, 65), (47, 55), (27, 68), (62, 76), (35, 57), (67, 74), (59, 60), (42, 69), (23, 57), (52, 72), (34, 63), (51, 53), (56, 65), (39, 72), (39, 82), (32, 87), (32, 84), (37, 89), (71, 74), (11, 76), (52, 89), (60, 78), (37, 68), (88, 93), (3, 93), (20, 62), (63, 75), (42, 82), (66, 97), (56, 99), (59, 82), (58, 101), (46, 101), (51, 103), (66, 96), (64, 98), (99, 109), (69, 106), (45, 98), (96, 112), (84, 111), (82, 112), (36, 115), (77, 116), (75, 114), (109, 116))
((7, 15), (0, 32), (8, 33), (16, 34), (18, 26), (15, 31), (27, 37), (6, 22), (23, 31), (14, 39), (19, 27), (22, 30), (20, 28), (3, 38), (10, 26), (13, 21), (30, 41), (12, 28), (24, 35), (5, 29), (1, 34), (37, 48), (14, 47), (9, 36), (35, 37), (13, 44), (51, 57), (49, 58), (47, 59), (45, 46), (11, 42), (33, 56), (41, 51), (36, 40), (40, 50), (12, 32), (45, 67), (9, 25), (17, 69), (34, 70), (0, 50), (48, 54), (1, 55), (10, 74), (19, 65), (61, 76), (2, 17), (55, 78), (46, 78), (25, 80), (16, 66), (32, 82), (63, 83), (70, 74), (80, 85), (63, 85), (65, 87), (66, 69), (52, 89), (88, 89), (23, 43), (53, 92), (32, 92), (40, 94), (39, 94), (53, 96), (3, 62), (76, 98), (4, 20), (68, 100), (38, 44), (11, 102), (68, 103), (2, 10), (32, 62), (105, 106), (61, 107), (5, 21), (100, 109), (59, 110), (57, 110), (4, 42), (43, 109), (54, 114), (64, 114), (40, 113), (103, 117), (49, 117))
